buffer_in_km,capacity_factor_fraction,carbon_capture_rate_fraction,carbon_tax_esc_rate_fraction,carbon_tax_usd_per_ton,fuel_co2_content_tons_per_btu,fuel_price_esc_rate_fraction,fuel_price_usd_per_mmbtu,generation_mwh_per_year,heat_rate_btu_per_kWh,index,interconnection_cost_usd_per_year,lifetime_yrs,lmp_zone,locational_marginal_price_usd_per_mwh,net_locational_cost_usd_per_year,net_operational_value_usd_per_year,operating_cost_usd_per_year,operational_life_yrs,region_name,retirement_year,sited_year,tech_id,tech_name,unit_size_mw,variable_om_esc_rate_fraction,variable_om_usd_per_mwh,xcoord,ycoord
5,0.733,0.0,0.0,0.0,0.36036,0.09122,2.39413,3852648.0,8594.5,9159357,0.0,60.0,36,157.4457370000432,-6680338373.137944,6680338373.137944,264.9743317533887,60.0,alabama,2070,2010,4,coal_conv_pul_wo_ccs,600.0,-0.00398993418629034,4.0025823111685,908947.1645,-341565.20050000004
5,0.733,0.0,0.0,0.0,0.36036,0.09122,2.39413,3852648.0,8594.5,9248431,0.0,60.0,36,157.4457370000432,-6680338373.137944,6680338373.137944,264.9743317533887,60.0,alabama,2070,2010,4,coal_conv_pul_wo_ccs,600.0,-0.00398993418629034,4.0025823111685,815947.1645,-360565.20050000004
5,0.733,0.0,0.0,0.0,0.36036,0.09122,2.39413,3852648.0,8594.5,9314117,0.0,60.0,36,157.4457370000432,-6680338373.137944,6680338373.137944,264.9743317533887,60.0,alabama,2070,2010,4,coal_conv_pul_wo_ccs,600.0,-0.00398993418629034,4.0025823111685,799947.1645,-374565.20050000004
5,0.733,0.0,0.0,0.0,0.36036,0.09122,2.39413,3852648.0,8594.5,9342414,0.0,60.0,36,157.4457370000432,-6680338373.137944,6680338373.137944,264.9743317533887,60.0,alabama,2070,2010,4,coal_conv_pul_wo_ccs,600.0,-0.00398993418629034,4.0025823111685,938947.1645,-380565.20050000004
5,0.733,0.0,0.0,0.0,0.36036,0.09122,2.39413,3852648.0,8594.5,9384635,0.0,60.0,36,157.4457370000432,-6680338373.137944,6680338373.137944,264.9743317533887,60.0,alabama,2070,2010,4,coal_conv_pul_wo_ccs,600.0,-0.00398993418629034,4.0025823111685,922947.1645,-389565.20050000004
5,0.733,0.0,0.0,0.0,0.36036,0.09122,2.39413,3852648.0,8594.5,9398695,0.0,60.0,36,157.4457370000432,-6680338373.137944,6680338373.137944,264.9743317533887,60.0,alabama,2070,2010,4,coal_conv_pul_wo_ccs,600.0,-0.00398993418629034,4.0025823111685,903947.1645,-392565.20050000004
5,0.733,0.0,0.0,0.0,0.36036,0.09122,2.39413,3852648.0,8594.5,9642614,0.0,60.0,36,157.4457370000432,-6680338373.137944,6680338373.137944,264.9743317533887,60.0,alabama,2070,2010,4,coal_conv_pul_wo_ccs,600.0,-0.00398993418629034,4.0025823111685,786947.1645,-444565.20050000004
5,0.733,0.0,0.0,0.0,0.36036,0.09122,2.39413,3852648.0,8594.5,9764700,0.0,60.0,36,157.4457370000432,-6680338373.137944,6680338373.137944,264.9743317533887,60.0,alabama,2070,2010,4,coal_conv_pul_wo_ccs,600.0,-0.00398993418629034,4.0025823111685,854947.1645,-470565.20050000004
5,0.733,0.0,0.0,0.0,0.36036,0.09122,2.39413,3852648.0,8594.5,9769400,0.0,60.0,36,157.4457370000432,-6680338373.137944,6680338373.137944,264.9743317533887,60.0,alabama,2070,2010,4,coal_conv_pul_wo_ccs,600.0,-0.00398993418629034,4.0025823111685,861947.1645,-471565.20050000004
5,0.733,0.0,0.0,0.0,0.36036,0.09122,2.39413,3852648.0,8594.5,9933603,0.0,60.0,36,157.4457370000432,-6680338373.137944,6680338373.137944,264.9743317533887,60.0,alabama,2070,2010,4,coal_conv_pul_wo_ccs,600.0,-0.00398993418629034,4.0025823111685,809947.1645,-506565.20050000004
5,0.733,0.0,0.0,0.0,0.36036,0.09122,2.39413,3852648.0,8594.5,10060239,0.0,60.0,36,157.4457370000432,-6680338373.137944,6680338373.137944,264.9743317533887,60.0,alabama,2070,2010,4,coal_conv_pul_wo_ccs,600.0,-0.00398993418629034,4.0025823111685,734947.1645,-533565.2005
5,0.733,0.0,0.0,0.0,0.36036,0.09122,2.39413,3852648.0,8594.5,10083826,0.0,60.0,36,157.4457370000432,-6680338373.137944,6680338373.137944,264.9743317533887,60.0,alabama,2070,2010,4,coal_conv_pul_wo_ccs,600.0,-0.00398993418629034,4.0025823111685,856947.1645,-538565.2005
5,0.733,0.0,0.0,0.0,0.36036,0.09122,2.39413,3852648.0,8594.5,10398176,0.0,60.0,36,157.4457370000432,-6680338373.137944,6680338373.137944,264.9743317533887,60.0,alabama,2070,2010,4,coal_conv_pul_wo_ccs,600.0,-0.00398993418629034,4.0025823111685,775947.1645,-605565.2005
5,0.733,0.0,0.0,0.0,0.36036,0.09122,2.39413,3852648.0,8594.5,10534259,0.0,60.0,36,157.4457370000432,-6680338373.137944,6680338373.137944,264.9743317533887,60.0,alabama,2070,2010,4,coal_conv_pul_wo_ccs,600.0,-0.00398993418629034,4.0025823111685,761947.1645,-634565.2005
5,0.733,0.0,0.0,0.0,0.36036,0.09122,2.39413,3852648.0,8594.5,10548550,0.0,60.0,36,157.4457370000432,-6680338373.137944,6680338373.137944,264.9743317533887,60.0,alabama,2070,2010,4,coal_conv_pul_wo_ccs,600.0,-0.00398993418629034,4.0025823111685,973947.1645,-637565.2005
5,0.733,0.0,0.0,0.0,0.36036,0.09122,2.39413,3852648.0,8594.5,10604816,0.0,60.0,36,157.4457370000432,-6680338373.137944,6680338373.137944,264.9743317533887,60.0,alabama,2070,2010,4,coal_conv_pul_wo_ccs,600.0,-0.00398993418629034,4.0025823111685,923947.1645,-649565.2005
5,0.272,0.0,0.0,0.0,0.18744,0.02067,4.12527,953088.0000000001,5923.6,9384610,50653.607153034805,60.0,36,342.89499596113103,-452885480.8688185,452936134.4759716,39.97020950119198,60.0,alabama,2070,2010,8,gas_cc_wo_ccs,400.0,-0.00398993418629034,3.48612007746934,897947.1645,-389565.20050000004
5,0.272,0.0,0.0,0.0,0.18744,0.02067,4.12527,953088.0000000001,5923.6,9417395,55061.51692003931,60.0,36,342.89499596113103,-452881072.95905155,452936134.4759716,39.97020950119198,60.0,alabama,2070,2010,8,gas_cc_wo_ccs,400.0,-0.00398993418629034,3.48612007746934,831947.1645,-396565.20050000004
5,0.272,0.0,0.0,0.0,0.18744,0.02067,4.12527,953088.0000000001,5923.6,9436061,55061.51692003931,60.0,36,342.89499596113103,-452881072.95905155,452936134.4759716,39.97020950119198,60.0,alabama,2070,2010,8,gas_cc_wo_ccs,400.0,-0.00398993418629034,3.48612007746934,725947.1645,-400565.20050000004
5,0.272,0.0,0.0,0.0,0.18744,0.02067,4.12527,953088.0000000001,5923.6,9656853,38934.37199657762,60.0,36,342.89499596113103,-452897200.103975,452936134.4759716,39.97020950119198,60.0,alabama,2070,2010,8,gas_cc_wo_ccs,400.0,-0.00398993418629034,3.48612007746934,946947.1645,-447565.20050000004
5,0.272,0.0,0.0,0.0,0.18744,0.02067,4.12527,953088.0000000001,5923.6,9699077,38934.37199657762,60.0,36,342.89499596113103,-452897200.103975,452936134.4759716,39.97020950119198,60.0,alabama,2070,2010,8,gas_cc_wo_ccs,400.0,-0.00398993418629034,3.48612007746934,933947.1645,-456565.20050000004
5,0.272,0.0,0.0,0.0,0.18744,0.02067,4.12527,953088.0000000001,5923.6,9750771,38934.37199657762,60.0,36,342.89499596113103,-452897200.103975,452936134.4759716,39.97020950119198,60.0,alabama,2070,2010,8,gas_cc_wo_ccs,400.0,-0.00398993418629034,3.48612007746934,1004947.1645,-467565.20050000004
5,0.272,0.0,0.0,0.0,0.18744,0.02067,4.12527,953088.0000000001,5923.6,9910347,38934.37199657762,60.0,36,342.89499596113103,-452897200.103975,452936134.4759716,39.97020950119198,60.0,alabama,2070,2010,8,gas_cc_wo_ccs,400.0,-0.00398993418629034,3.48612007746934,1018947.1645,-501565.20050000004
5,0.272,0.0,0.0,0.0,0.18744,0.02067,4.12527,953088.0000000001,5923.6,9952486,55061.51692003931,60.0,36,342.89499596113103,-452881072.95905155,452936134.4759716,39.97020950119198,60.0,alabama,2070,2010,8,gas_cc_wo_ccs,400.0,-0.00398993418629034,3.48612007746934,920947.1645,-510565.20050000004
5,0.272,0.0,0.0,0.0,0.18744,0.02067,4.12527,953088.0000000001,5923.6,9961862,38934.37199657762,60.0,36,342.89499596113103,-452897200.103975,452936134.4759716,39.97020950119198,60.0,alabama,2070,2010,8,gas_cc_wo_ccs,400.0,-0.00398993418629034,3.48612007746934,910947.1645,-512565.20050000004
5,0.272,0.0,0.0,0.0,0.18744,0.02067,4.12527,953088.0000000001,5923.6,10018281,50653.607153034805,60.0,36,342.89499596113103,-452885480.8688185,452936134.4759716,39.97020950119198,60.0,alabama,2070,2010,8,gas_cc_wo_ccs,400.0,-0.00398993418629034,3.48612007746934,1013947.1645,-524565.2005
5,0.272,0.0,0.0,0.0,0.18744,0.02067,4.12527,953088.0000000001,5923.6,10759567,38934.37199657762,60.0,36,342.89499596113103,-452897200.103975,452936134.4759716,39.97020950119198,60.0,alabama,2070,2010,8,gas_cc_wo_ccs,400.0,-0.00398993418629034,3.48612007746934,805947.1645,-682565.2005
5,0.272,0.0,0.0,0.0,0.18744,0.02067,4.12527,953088.0000000001,5923.6,10919068,55061.51692003931,60.0,36,342.89499596113103,-452881072.95905155,452936134.4759716,39.97020950119198,60.0,alabama,2070,2010,8,gas_cc_wo_ccs,400.0,-0.00398993418629034,3.48612007746934,744947.1645,-716565.2005
5,0.272,0.0,0.0,0.0,0.18744,0.02067,4.12527,953088.0000000001,5923.6,10975369,38934.37199657762,60.0,36,342.89499596113103,-452897200.103975,452936134.4759716,39.97020950119198,60.0,alabama,2070,2010,8,gas_cc_wo_ccs,400.0,-0.00398993418629034,3.48612007746934,729947.1645,-728565.2005
5,0.272,0.0,0.0,0.0,0.18744,0.02067,4.12527,953088.0000000001,5923.6,11008234,38934.37199657762,60.0,36,342.89499596113103,-452897200.103975,452936134.4759716,39.97020950119198,60.0,alabama,2070,2010,8,gas_cc_wo_ccs,400.0,-0.00398993418629034,3.48612007746934,743947.1645,-735565.2005
5,0.272,0.0,0.0,0.0,0.18744,0.02067,4.12527,953088.0000000001,5923.6,11031749,50653.607153034805,60.0,36,342.89499596113103,-452885480.8688185,452936134.4759716,39.97020950119198,60.0,alabama,2070,2010,8,gas_cc_wo_ccs,400.0,-0.00398993418629034,3.48612007746934,793947.1645,-740565.2005
5,0.272,0.0,0.0,0.0,0.18744,0.02067,4.12527,953088.0000000001,5923.6,11041073,38934.37199657762,60.0,36,342.89499596113103,-452897200.103975,452936134.4759716,39.97020950119198,60.0,alabama,2070,2010,8,gas_cc_wo_ccs,400.0,-0.00398993418629034,3.48612007746934,731947.1645,-742565.2005
5,0.272,0.0,0.0,0.0,0.18744,0.02067,4.12527,953088.0000000001,5923.6,11092699,50653.607153034805,60.0,36,342.89499596113103,-452885480.8688185,452936134.4759716,39.97020950119198,60.0,alabama,2070,2010,8,gas_cc_wo_ccs,400.0,-0.00398993418629034,3.48612007746934,734947.1645,-753565.2005
5,0.41,0.0,0.0,0.0,0.18744,0.02067,4.12527,1436640.0,7337.6,9192208,38934.37199657762,60.0,36,302.3305277437794,-577825254.7510325,577864189.123029,52.01903465357184,60.0,alabama,2070,2010,9,gas_cc_w_ccs,400.0,-0.00398993418629034,7.00451904454487,908947.1645,-348565.20050000004
5,0.41,0.0,0.0,0.0,0.18744,0.02067,4.12527,1436640.0,7337.6,9295441,0.0,60.0,36,302.3305277437794,-577864189.123029,577864189.123029,52.01903465357184,60.0,alabama,2070,2010,9,gas_cc_w_ccs,400.0,-0.00398993418629034,7.00451904454487,895947.1645,-370565.20050000004
5,0.41,0.0,0.0,0.0,0.18744,0.02067,4.12527,1436640.0,7337.6,9347113,35817.509109470324,60.0,36,302.3305277437794,-577828371.6139195,577864189.123029,52.01903465357184,60.0,alabama,2070,2010,9,gas_cc_w_ccs,400.0,-0.00398993418629034,7.00451904454487,944947.1645,-381565.20050000004
5,0.41,0.0,0.0,0.0,0.18744,0.02067,4.12527,1436640.0,7337.6,9379929,0.0,60.0,36,302.3305277437794,-577864189.123029,577864189.123029,52.01903465357184,60.0,alabama,2070,2010,9,gas_cc_w_ccs,400.0,-0.00398993418629034,7.00451904454487,909947.1645,-388565.20050000004
5,0.41,0.0,0.0,0.0,0.18744,0.02067,4.12527,1436640.0,7337.6,9393963,35817.509109470324,60.0,36,302.3305277437794,-577828371.6139195,577864189.123029,52.01903465357184,60.0,alabama,2070,2010,9,gas_cc_w_ccs,400.0,-0.00398993418629034,7.00451904454487,864947.1645,-391565.20050000004
5,0.41,0.0,0.0,0.0,0.18744,0.02067,4.12527,1436640.0,7337.6,9393988,0.0,60.0,36,302.3305277437794,-577864189.123029,577864189.123029,52.01903465357184,60.0,alabama,2070,2010,9,gas_cc_w_ccs,400.0,-0.00398993418629034,7.00451904454487,889947.1645,-391565.20050000004
5,0.41,0.0,0.0,0.0,0.18744,0.02067,4.12527,1436640.0,7337.6,9403330,38934.37199657762,60.0,36,302.3305277437794,-577825254.7510325,577864189.123029,52.01903465357184,60.0,alabama,2070,2010,9,gas_cc_w_ccs,400.0,-0.00398993418629034,7.00451904454487,845947.1645,-393565.20050000004
5,0.41,0.0,0.0,0.0,0.18744,0.02067,4.12527,1436640.0,7337.6,9473652,38934.37199657762,60.0,36,302.3305277437794,-577825254.7510325,577864189.123029,52.01903465357184,60.0,alabama,2070,2010,9,gas_cc_w_ccs,400.0,-0.00398993418629034,7.00451904454487,772947.1645,-408565.20050000004
5,0.41,0.0,0.0,0.0,0.18744,0.02067,4.12527,1436640.0,7337.6,9539413,0.0,60.0,36,302.3305277437794,-577864189.123029,577864189.123029,52.01903465357184,60.0,alabama,2070,2010,9,gas_cc_w_ccs,400.0,-0.00398993418629034,7.00451904454487,831947.1645,-422565.20050000004
5,0.41,0.0,0.0,0.0,0.18744,0.02067,4.12527,1436640.0,7337.6,9576970,35817.509109470324,60.0,36,302.3305277437794,-577828371.6139195,577864189.123029,52.01903465357184,60.0,alabama,2070,2010,9,gas_cc_w_ccs,400.0,-0.00398993418629034,7.00451904454487,844947.1645,-430565.20050000004
5,0.41,0.0,0.0,0.0,0.18744,0.02067,4.12527,1436640.0,7337.6,9614518,35817.509109470324,60.0,36,302.3305277437794,-577828371.6139195,577864189.123029,52.01903465357184,60.0,alabama,2070,2010,9,gas_cc_w_ccs,400.0,-0.00398993418629034,7.00451904454487,848947.1645,-438565.20050000004
5,0.41,0.0,0.0,0.0,0.18744,0.02067,4.12527,1436640.0,7337.6,9666073,0.0,60.0,36,302.3305277437794,-577864189.123029,577864189.123029,52.01903465357184,60.0,alabama,2070,2010,9,gas_cc_w_ccs,400.0,-0.00398993418629034,7.00451904454487,780947.1645,-449565.20050000004
5,0.41,0.0,0.0,0.0,0.18744,0.02067,4.12527,1436640.0,7337.6,9760061,35817.509109470324,60.0,36,302.3305277437794,-577828371.6139195,577864189.123029,52.01903465357184,60.0,alabama,2070,2010,9,gas_cc_w_ccs,400.0,-0.00398993418629034,7.00451904454487,908947.1645,-469565.20050000004
5,0.41,0.0,0.0,0.0,0.18744,0.02067,4.12527,1436640.0,7337.6,9849335,38934.37199657762,60.0,36,302.3305277437794,-577825254.7510325,577864189.123029,52.01903465357184,60.0,alabama,2070,2010,9,gas_cc_w_ccs,400.0,-0.00398993418629034,7.00451904454487,1015947.1645,-488565.20050000004
5,0.41,0.0,0.0,0.0,0.18744,0.02067,4.12527,1436640.0,7337.6,9854002,0.0,60.0,36,302.3305277437794,-577864189.123029,577864189.123029,52.01903465357184,60.0,alabama,2070,2010,9,gas_cc_w_ccs,400.0,-0.00398993418629034,7.00451904454487,989947.1645,-489565.20050000004
5,0.41,0.0,0.0,0.0,0.18744,0.02067,4.12527,1436640.0,7337.6,9858581,0.0,60.0,36,302.3305277437794,-577864189.123029,577864189.123029,52.01903465357184,60.0,alabama,2070,2010,9,gas_cc_w_ccs,400.0,-0.00398993418629034,7.00451904454487,875947.1645,-490565.20050000004
5,0.41,0.0,0.0,0.0,0.18744,0.02067,4.12527,1436640.0,7337.6,9877347,35817.509109470324,60.0,36,302.3305277437794,-577828371.6139195,577864189.123029,52.01903465357184,60.0,alabama,2070,2010,9,gas_cc_w_ccs,400.0,-0.00398993418629034,7.00451904454487,869947.1645,-494565.20050000004
5,0.41,0.0,0.0,0.0,0.18744,0.02067,4.12527,1436640.0,7337.6,9910340,0.0,60.0,36,302.3305277437794,-577864189.123029,577864189.123029,52.01903465357184,60.0,alabama,2070,2010,9,gas_cc_w_ccs,400.0,-0.00398993418629034,7.00451904454487,1011947.1645,-501565.20050000004
5,0.41,0.0,0.0,0.0,0.18744,0.02067,4.12527,1436640.0,7337.6,9915003,0.0,60.0,36,302.3305277437794,-577864189.123029,577864189.123029,52.01903465357184,60.0,alabama,2070,2010,9,gas_cc_w_ccs,400.0,-0.00398993418629034,7.00451904454487,981947.1645,-502565.20050000004
5,0.41,0.0,0.0,0.0,0.18744,0.02067,4.12527,1436640.0,7337.6,9943204,0.0,60.0,36,302.3305277437794,-577864189.123029,577864189.123029,52.01903465357184,60.0,alabama,2070,2010,9,gas_cc_w_ccs,400.0,-0.00398993418629034,7.00451904454487,1024947.1645,-508565.20050000004
5,0.41,0.0,0.0,0.0,0.18744,0.02067,4.12527,1436640.0,7337.6,9966649,35817.509109470324,60.0,36,302.3305277437794,-577828371.6139195,577864189.123029,52.01903465357184,60.0,alabama,2070,2010,9,gas_cc_w_ccs,400.0,-0.00398993418629034,7.00451904454487,1004947.1645,-513565.20050000004
5,0.41,0.0,0.0,0.0,0.18744,0.02067,4.12527,1436640.0,7337.6,10768985,35817.509109470324,60.0,36,302.3305277437794,-577828371.6139195,577864189.123029,52.01903465357184,60.0,alabama,2070,2010,9,gas_cc_w_ccs,400.0,-0.00398993418629034,7.00451904454487,837947.1645,-684565.2005
5,0.41,0.0,0.0,0.0,0.18744,0.02067,4.12527,1436640.0,7337.6,10839272,0.0,60.0,36,302.3305277437794,-577864189.123029,577864189.123029,52.01903465357184,60.0,alabama,2070,2010,9,gas_cc_w_ccs,400.0,-0.00398993418629034,7.00451904454487,729947.1645,-699565.2005
5,0.41,0.0,0.0,0.0,0.18744,0.02067,4.12527,1436640.0,7337.6,10890922,0.0,60.0,36,302.3305277437794,-577864189.123029,577864189.123029,52.01903465357184,60.0,alabama,2070,2010,9,gas_cc_w_ccs,400.0,-0.00398993418629034,7.00451904454487,756947.1645,-710565.2005
5,0.41,0.0,0.0,0.0,0.18744,0.02067,4.12527,1436640.0,7337.6,10904980,0.0,60.0,36,302.3305277437794,-577864189.123029,577864189.123029,52.01903465357184,60.0,alabama,2070,2010,9,gas_cc_w_ccs,400.0,-0.00398993418629034,7.00451904454487,735947.1645,-713565.2005
5,0.41,0.0,0.0,0.0,0.18744,0.02067,4.12527,1436640.0,7337.6,10947239,0.0,60.0,36,302.3305277437794,-577864189.123029,577864189.123029,52.01903465357184,60.0,alabama,2070,2010,9,gas_cc_w_ccs,400.0,-0.00398993418629034,7.00451904454487,757947.1645,-722565.2005
5,0.41,0.0,0.0,0.0,0.18744,0.02067,4.12527,1436640.0,7337.6,10961310,0.0,60.0,36,302.3305277437794,-577864189.123029,577864189.123029,52.01903465357184,60.0,alabama,2070,2010,9,gas_cc_w_ccs,400.0,-0.00398993418629034,7.00451904454487,749947.1645,-725565.2005
5,0.41,0.0,0.0,0.0,0.18744,0.02067,4.12527,1436640.0,7337.6,11092707,35817.509109470324,60.0,36,302.3305277437794,-577828371.6139195,577864189.123029,52.01903465357184,60.0,alabama,2070,2010,9,gas_cc_w_ccs,400.0,-0.00398993418629034,7.00451904454487,742947.1645,-753565.2005
5,0.41,0.0,0.0,0.0,0.18744,0.02067,4.12527,1436640.0,7337.6,11106840,38934.37199657762,60.0,36,302.3305277437794,-577825254.7510325,577864189.123029,52.01903465357184,60.0,alabama,2070,2010,9,gas_cc_w_ccs,400.0,-0.00398993418629034,7.00451904454487,796947.1645,-756565.2005
5,0.41,0.0,0.0,0.0,0.18744,0.02067,4.12527,1436640.0,7337.6,11134949,0.0,60.0,36,302.3305277437794,-577864189.123029,577864189.123029,52.01903465357184,60.0,alabama,2070,2010,9,gas_cc_w_ccs,400.0,-0.00398993418629034,7.00451904454487,747947.1645,-762565.2005
5,0.9,0.0,0.0,0.0,0.0,0.04639,0.71281,10643400.0,10246.2,9623923,0.0,60.0,36,178.77771185696093,-5194395495.342002,5194395495.342002,23.034078534539436,60.0,alabama,2070,2010,13,nuclear_gen_ii,1350.0,-0.00104311614063357,2.19496449322143,867947.1645,-440565.20050000004
5,0.9,0.0,0.0,0.0,0.0,0.04639,0.71281,10643400.0,10246.2,10623665,0.0,60.0,36,178.77771185696093,-5194395495.342002,5194395495.342002,23.034078534539436,60.0,alabama,2070,2010,13,nuclear_gen_ii,1350.0,-0.00104311614063357,2.19496449322143,1000947.1645,-653565.2005
5,0.9,0.0,0.0,0.0,0.0,0.04639,0.71281,10643400.0,10246.2,10768906,0.0,60.0,36,178.77771185696093,-5194395495.342002,5194395495.342002,23.034078534539436,60.0,alabama,2070,2010,13,nuclear_gen_ii,1350.0,-0.00104311614063357,2.19496449322143,758947.1645,-684565.2005
5,0.733,0.0,0.0,0.0,0.36036,0.09122,2.39413,3852648.0,8594.5,7354983,0.0,60.0,44,151.4081129096703,-6385018230.374856,6385018230.374856,264.9743317533887,60.0,arizona,2070,2010,4,coal_conv_pul_wo_ccs,600.0,-0.00398993418629034,4.0025823111685,-1353052.8355,42434.799499999965
5,0.733,0.0,0.0,0.0,0.36036,0.09122,2.39413,3852648.0,8594.5,8246622,0.0,60.0,44,151.4081129096703,-6385018230.374856,6385018230.374856,264.9743317533887,60.0,arizona,2070,2010,4,coal_conv_pul_wo_ccs,600.0,-0.00398993418629034,4.0025823111685,-1384052.8355,-147565.20050000004
5,0.733,0.0,0.0,0.0,0.36036,0.09122,2.39413,3852648.0,8594.5,8556082,0.0,60.0,44,151.4081129096703,-6385018230.374856,6385018230.374856,264.9743317533887,60.0,arizona,2070,2010,4,coal_conv_pul_wo_ccs,600.0,-0.00398993418629034,4.0025823111685,-1662052.8355,-213565.20050000004
5,0.733,0.0,0.0,0.0,0.36036,0.09122,2.39413,3852648.0,8594.5,8767239,80090.38515349358,60.0,44,151.4081129096703,-6384938139.989702,6385018230.374856,264.9743317533887,60.0,arizona,2070,2010,4,coal_conv_pul_wo_ccs,600.0,-0.00398993418629034,4.0025823111685,-1690052.8355,-258565.20050000004
5,0.733,0.0,0.0,0.0,0.36036,0.09122,2.39413,3852648.0,8594.5,9217857,0.0,60.0,44,151.4081129096703,-6385018230.374856,6385018230.374856,264.9743317533887,60.0,arizona,2070,2010,4,coal_conv_pul_wo_ccs,600.0,-0.00398993418629034,4.0025823111685,-1600052.8355,-354565.20050000004
5,0.733,0.0,0.0,0.0,0.36036,0.09122,2.39413,3852648.0,8594.5,9241306,0.0,60.0,44,151.4081129096703,-6385018230.374856,6385018230.374856,264.9743317533887,60.0,arizona,2070,2010,4,coal_conv_pul_wo_ccs,600.0,-0.00398993418629034,4.0025823111685,-1616052.8355,-359565.20050000004
5,0.733,0.0,0.0,0.0,0.36036,0.09122,2.39413,3852648.0,8594.5,9241532,56481.01328568482,60.0,44,151.4081129096703,-6384961749.36157,6385018230.374856,264.9743317533887,60.0,arizona,2070,2010,4,coal_conv_pul_wo_ccs,600.0,-0.00398993418629034,4.0025823111685,-1390052.8355,-359565.20050000004
5,0.733,0.0,0.0,0.0,0.36036,0.09122,2.39413,3852648.0,8594.5,9293002,0.0,60.0,44,151.4081129096703,-6385018230.374856,6385018230.374856,264.9743317533887,60.0,arizona,2070,2010,4,coal_conv_pul_wo_ccs,600.0,-0.00398993418629034,4.0025823111685,-1543052.8355,-370565.20050000004
5,0.733,0.0,0.0,0.0,0.36036,0.09122,2.39413,3852648.0,8594.5,9297668,0.0,60.0,44,151.4081129096703,-6385018230.374856,6385018230.374856,264.9743317533887,60.0,arizona,2070,2010,4,coal_conv_pul_wo_ccs,600.0,-0.00398993418629034,4.0025823111685,-1570052.8355,-371565.20050000004
5,0.733,0.0,0.0,0.0,0.36036,0.09122,2.39413,3852648.0,8594.5,9307075,0.0,60.0,44,151.4081129096703,-6385018230.374856,6385018230.374856,264.9743317533887,60.0,arizona,2070,2010,4,coal_conv_pul_wo_ccs,600.0,-0.00398993418629034,4.0025823111685,-1549052.8355,-373565.20050000004
5,0.733,0.0,0.0,0.0,0.36036,0.09122,2.39413,3852648.0,8594.5,9330424,0.0,60.0,44,151.4081129096703,-6385018230.374856,6385018230.374856,264.9743317533887,60.0,arizona,2070,2010,4,coal_conv_pul_wo_ccs,600.0,-0.00398993418629034,4.0025823111685,-1665052.8355,-378565.20050000004
5,0.733,0.0,0.0,0.0,0.36036,0.09122,2.39413,3852648.0,8594.5,9410435,0.0,60.0,44,151.4081129096703,-6385018230.374856,6385018230.374856,264.9743317533887,60.0,arizona,2070,2010,4,coal_conv_pul_wo_ccs,600.0,-0.00398993418629034,4.0025823111685,-1435052.8355,-395565.20050000004
5,0.272,0.0,0.0,0.0,0.18744,0.02067,4.12527,953088.0000000001,5923.6,8204414,38934.37199657762,60.0,44,337.4254189145082,-445064676.0112975,445103610.3832941,39.97020950119198,60.0,arizona,2070,2010,8,gas_cc_wo_ccs,400.0,-0.00398993418629034,3.48612007746934,-1355052.8355,-138565.20050000004
5,0.272,0.0,0.0,0.0,0.18744,0.02067,4.12527,953088.0000000001,5923.6,9138190,50653.607153034805,60.0,44,337.4254189145082,-445052956.77614105,445103610.3832941,39.97020950119198,60.0,arizona,2070,2010,8,gas_cc_wo_ccs,400.0,-0.00398993418629034,3.48612007746934,-1486052.8355,-337565.20050000004
5,0.272,0.0,0.0,0.0,0.18744,0.02067,4.12527,953088.0000000001,5923.6,9823440,39938.10750259522,60.0,44,337.4254189145082,-445063672.2757915,445103610.3832941,39.97020950119198,60.0,arizona,2070,2010,8,gas_cc_wo_ccs,400.0,-0.00398993418629034,3.48612007746934,-1414052.8355,-483565.20050000004
5,0.41,0.0,0.0,0.0,0.18744,0.02067,4.12527,1436640.0,7337.6,8171248,38934.37199657762,60.0,44,296.9887877855584,-566294819.8006809,566333754.1726774,52.01903465357184,60.0,arizona,2070,2010,9,gas_cc_w_ccs,400.0,-0.00398993418629034,7.00451904454487,-1670052.8355,-131565.20050000004
5,0.41,0.0,0.0,0.0,0.18744,0.02067,4.12527,1436640.0,7337.6,9095954,35817.509109470324,60.0,44,296.9887877855584,-566297936.6635679,566333754.1726774,52.01903465357184,60.0,arizona,2070,2010,9,gas_cc_w_ccs,400.0,-0.00398993418629034,7.00451904454487,-1485052.8355,-328565.20050000004
5,0.41,0.0,0.0,0.0,0.18744,0.02067,4.12527,1436640.0,7337.6,9100634,35817.509109470324,60.0,44,296.9887877855584,-566297936.6635679,566333754.1726774,52.01903465357184,60.0,arizona,2070,2010,9,gas_cc_w_ccs,400.0,-0.00398993418629034,7.00451904454487,-1498052.8355,-329565.20050000004
5,0.41,0.0,0.0,0.0,0.18744,0.02067,4.12527,1436640.0,7337.6,9166303,38934.37199657762,60.0,44,296.9887877855584,-566294819.8006809,566333754.1726774,52.01903465357184,60.0,arizona,2070,2010,9,gas_cc_w_ccs,400.0,-0.00398993418629034,7.00451904454487,-1531052.8355,-343565.20050000004
5,0.41,0.0,0.0,0.0,0.18744,0.02067,4.12527,1436640.0,7337.6,9213068,38934.37199657762,60.0,44,296.9887877855584,-566294819.8006809,566333754.1726774,52.01903465357184,60.0,arizona,2070,2010,9,gas_cc_w_ccs,400.0,-0.00398993418629034,7.00451904454487,-1696052.8355,-353565.20050000004
5,0.41,0.0,0.0,0.0,0.18744,0.02067,4.12527,1436640.0,7337.6,9297527,0.0,60.0,44,296.9887877855584,-566333754.1726774,566333754.1726774,52.01903465357184,60.0,arizona,2070,2010,9,gas_cc_w_ccs,400.0,-0.00398993418629034,7.00451904454487,-1711052.8355,-371565.20050000004
5,0.41,0.0,0.0,0.0,0.18744,0.02067,4.12527,1436640.0,7337.6,9316513,38934.37199657762,60.0,44,296.9887877855584,-566294819.8006809,566333754.1726774,52.01903465357184,60.0,arizona,2070,2010,9,gas_cc_w_ccs,400.0,-0.00398993418629034,7.00451904454487,-1497052.8355,-375565.20050000004
5,0.41,0.0,0.0,0.0,0.18744,0.02067,4.12527,1436640.0,7337.6,9396330,38934.37199657762,60.0,44,296.9887877855584,-566294819.8006809,566333754.1726774,52.01903465357184,60.0,arizona,2070,2010,9,gas_cc_w_ccs,400.0,-0.00398993418629034,7.00451904454487,-1461052.8355,-392565.20050000004
5,0.41,0.0,0.0,0.0,0.18744,0.02067,4.12527,1436640.0,7337.6,9415196,0.0,60.0,44,296.9887877855584,-566333754.1726774,566333754.1726774,52.01903465357184,60.0,arizona,2070,2010,9,gas_cc_w_ccs,400.0,-0.00398993418629034,7.00451904454487,-1367052.8355,-396565.20050000004
5,0.41,0.0,0.0,0.0,0.18744,0.02067,4.12527,1436640.0,7337.6,9607712,0.0,60.0,44,296.9887877855584,-566333754.1726774,566333754.1726774,52.01903465357184,60.0,arizona,2070,2010,9,gas_cc_w_ccs,400.0,-0.00398993418629034,7.00451904454487,-1264052.8355,-437565.20050000004
5,0.41,0.0,0.0,0.0,0.18744,0.02067,4.12527,1436640.0,7337.6,9616940,38934.37199657762,60.0,44,296.9887877855584,-566294819.8006809,566333754.1726774,52.01903465357184,60.0,arizona,2070,2010,9,gas_cc_w_ccs,400.0,-0.00398993418629034,7.00451904454487,-1422052.8355,-439565.20050000004
5,0.41,0.0,0.0,0.0,0.18744,0.02067,4.12527,1436640.0,7337.6,9626389,0.0,60.0,44,296.9887877855584,-566333754.1726774,566333754.1726774,52.01903465357184,60.0,arizona,2070,2010,9,gas_cc_w_ccs,400.0,-0.00398993418629034,7.00451904454487,-1359052.8355,-441565.20050000004
5,0.41,0.0,0.0,0.0,0.18744,0.02067,4.12527,1436640.0,7337.6,9668560,0.0,60.0,44,296.9887877855584,-566333754.1726774,566333754.1726774,52.01903465357184,60.0,arizona,2070,2010,9,gas_cc_w_ccs,400.0,-0.00398993418629034,7.00451904454487,-1425052.8355,-450565.20050000004
5,0.41,0.0,0.0,0.0,0.18744,0.02067,4.12527,1436640.0,7337.6,9673459,35817.509109470324,60.0,44,296.9887877855584,-566297936.6635679,566333754.1726774,52.01903465357184,60.0,arizona,2070,2010,9,gas_cc_w_ccs,400.0,-0.00398993418629034,7.00451904454487,-1219052.8355,-451565.20050000004
5,0.41,0.0,0.0,0.0,0.18744,0.02067,4.12527,1436640.0,7337.6,9734260,38934.37199657762,60.0,44,296.9887877855584,-566294819.8006809,566333754.1726774,52.01903465357184,60.0,arizona,2070,2010,9,gas_cc_w_ccs,400.0,-0.00398993418629034,7.00451904454487,-1427052.8355,-464565.20050000004
5,0.41,0.0,0.0,0.0,0.18744,0.02067,4.12527,1436640.0,7337.6,9771808,38934.37199657762,60.0,44,296.9887877855584,-566294819.8006809,566333754.1726774,52.01903465357184,60.0,arizona,2070,2010,9,gas_cc_w_ccs,400.0,-0.00398993418629034,7.00451904454487,-1423052.8355,-472565.20050000004
5,0.9,0.0,0.0,0.0,0.0,0.04639,0.71281,10643400.0,10246.2,9063038,35817.509109470324,60.0,44,172.67166557729723,-5008574868.217266,5008610685.726376,23.034078534539436,60.0,arizona,2070,2010,13,nuclear_gen_ii,1350.0,-0.00104311614063357,2.19496449322143,-1550052.8355,-321565.20050000004
5,0.9,0.0,0.0,0.0,0.0,0.04639,0.71281,10643400.0,10246.2,9091196,0.0,60.0,44,172.67166557729723,-5008610685.726376,5008610685.726376,23.034078534539436,60.0,arizona,2070,2010,13,nuclear_gen_ii,1350.0,-0.00104311614063357,2.19496449322143,-1550052.8355,-327565.20050000004
5,0.9,0.0,0.0,0.0,0.0,0.04639,0.71281,10643400.0,10246.2,9095883,80090.38515349358,60.0,44,172.67166557729723,-5008530595.341222,5008610685.726376,23.034078534539436,60.0,arizona,2070,2010,13,nuclear_gen_ii,1350.0,-0.00104311614063357,2.19496449322143,-1556052.8355,-328565.20050000004
5,0.733,0.0,0.0,0.0,0.36036,0.09122,2.39413,3852648.0,8594.5,8121603,0.0,60.0,4,99.51518372445018,-3846763608.029263,3846763608.029263,264.9743317533887,60.0,arkansas,2070,2010,4,coal_conv_pul_wo_ccs,600.0,-0.00398993418629034,4.0025823111685,307947.16449999996,-120565.20050000004
5,0.733,0.0,0.0,0.0,0.36036,0.09122,2.39413,3852648.0,8594.5,8304479,0.0,60.0,4,99.51518372445018,-3846763608.029263,3846763608.029263,264.9743317533887,60.0,arkansas,2070,2010,4,coal_conv_pul_wo_ccs,600.0,-0.00398993418629034,4.0025823111685,156947.16449999996,-159565.20050000004
5,0.733,0.0,0.0,0.0,0.36036,0.09122,2.39413,3852648.0,8594.5,8741236,0.0,60.0,4,99.51518372445018,-3846763608.029263,3846763608.029263,264.9743317533887,60.0,arkansas,2070,2010,4,coal_conv_pul_wo_ccs,600.0,-0.00398993418629034,4.0025823111685,464947.16449999996,-252565.20050000004
5,0.733,0.0,0.0,0.0,0.36036,0.09122,2.39413,3852648.0,8594.5,9130572,0.0,60.0,4,99.51518372445018,-3846763608.029263,3846763608.029263,264.9743317533887,60.0,arkansas,2070,2010,4,coal_conv_pul_wo_ccs,600.0,-0.00398993418629034,4.0025823111685,281947.16449999996,-335565.20050000004
5,0.733,0.0,0.0,0.0,0.36036,0.09122,2.39413,3852648.0,8594.5,9243296,0.0,60.0,4,99.51518372445018,-3846763608.029263,3846763608.029263,264.9743317533887,60.0,arkansas,2070,2010,4,coal_conv_pul_wo_ccs,600.0,-0.00398993418629034,4.0025823111685,373947.16449999996,-359565.20050000004
5,0.733,0.0,0.0,0.0,0.36036,0.09122,2.39413,3852648.0,8594.5,9327831,0.0,60.0,4,99.51518372445018,-3846763608.029263,3846763608.029263,264.9743317533887,60.0,arkansas,2070,2010,4,coal_conv_pul_wo_ccs,600.0,-0.00398993418629034,4.0025823111685,434947.16449999996,-377565.20050000004
5,0.733,0.0,0.0,0.0,0.36036,0.09122,2.39413,3852648.0,8594.5,9768927,0.0,60.0,4,99.51518372445018,-3846763608.029263,3846763608.029263,264.9743317533887,60.0,arkansas,2070,2010,4,coal_conv_pul_wo_ccs,600.0,-0.00398993418629034,4.0025823111685,388947.16449999996,-471565.20050000004
5,0.272,0.0,0.0,0.0,0.18744,0.02067,4.12527,953088.0000000001,5923.6,8652007,0.0,60.0,4,284.6776806600978,-369567983.5532426,369567983.5532426,39.97020950119198,60.0,arkansas,2070,2010,8,gas_cc_wo_ccs,400.0,-0.00398993418629034,3.48612007746934,402947.16449999996,-233565.20050000004
5,0.272,0.0,0.0,0.0,0.18744,0.02067,4.12527,953088.0000000001,5923.6,8816180,0.0,60.0,4,284.6776806600978,-369567983.5532426,369567983.5532426,39.97020950119198,60.0,arkansas,2070,2010,8,gas_cc_wo_ccs,400.0,-0.00398993418629034,3.48612007746934,320947.16449999996,-268565.20050000004
5,0.272,0.0,0.0,0.0,0.18744,0.02067,4.12527,953088.0000000001,5923.6,8933659,0.0,60.0,4,284.6776806600978,-369567983.5532426,369567983.5532426,39.97020950119198,60.0,arkansas,2070,2010,8,gas_cc_wo_ccs,400.0,-0.00398993418629034,3.48612007746934,474947.16449999996,-293565.20050000004
5,0.272,0.0,0.0,0.0,0.18744,0.02067,4.12527,953088.0000000001,5923.6,9609298,0.0,60.0,4,284.6776806600978,-369567983.5532426,369567983.5532426,39.97020950119198,60.0,arkansas,2070,2010,8,gas_cc_wo_ccs,400.0,-0.00398993418629034,3.48612007746934,321947.16449999996,-437565.20050000004
5,0.272,0.0,0.0,0.0,0.18744,0.02067,4.12527,953088.0000000001,5923.6,9787616,0.0,60.0,4,284.6776806600978,-369567983.5532426,369567983.5532426,39.97020950119198,60.0,arkansas,2070,2010,8,gas_cc_wo_ccs,400.0,-0.00398993418629034,3.48612007746934,305947.16449999996,-475565.20050000004
5,0.41,0.0,0.0,0.0,0.18744,0.02067,4.12527,1436640.0,7337.6,8149776,0.0,60.0,4,244.57096277792272,-453187040.51446724,453187040.51446724,52.01903465357184,60.0,arkansas,2070,2010,9,gas_cc_w_ccs,400.0,-0.00398993418629034,7.00451904454487,322947.16449999996,-126565.20050000004
5,0.41,0.0,0.0,0.0,0.18744,0.02067,4.12527,1436640.0,7337.6,8262575,0.0,60.0,4,244.57096277792272,-453187040.51446724,453187040.51446724,52.01903465357184,60.0,arkansas,2070,2010,9,gas_cc_w_ccs,400.0,-0.00398993418629034,7.00451904454487,489947.16449999996,-150565.20050000004
5,0.41,0.0,0.0,0.0,0.18744,0.02067,4.12527,1436640.0,7337.6,8314263,0.0,60.0,4,244.57096277792272,-453187040.51446724,453187040.51446724,52.01903465357184,60.0,arkansas,2070,2010,9,gas_cc_w_ccs,400.0,-0.00398993418629034,7.00451904454487,554947.1645,-161565.20050000004
5,0.41,0.0,0.0,0.0,0.18744,0.02067,4.12527,1436640.0,7337.6,8478390,0.0,60.0,4,244.57096277792272,-453187040.51446724,453187040.51446724,52.01903465357184,60.0,arkansas,2070,2010,9,gas_cc_w_ccs,400.0,-0.00398993418629034,7.00451904454487,426947.16449999996,-196565.20050000004
5,0.41,0.0,0.0,0.0,0.18744,0.02067,4.12527,1436640.0,7337.6,8609717,0.0,60.0,4,244.57096277792272,-453187040.51446724,453187040.51446724,52.01903465357184,60.0,arkansas,2070,2010,9,gas_cc_w_ccs,400.0,-0.00398993418629034,7.00451904454487,349947.16449999996,-224565.20050000004
5,0.41,0.0,0.0,0.0,0.18744,0.02067,4.12527,1436640.0,7337.6,8666019,0.0,60.0,4,244.57096277792272,-453187040.51446724,453187040.51446724,52.01903465357184,60.0,arkansas,2070,2010,9,gas_cc_w_ccs,400.0,-0.00398993418629034,7.00451904454487,335947.16449999996,-236565.20050000004
5,0.41,0.0,0.0,0.0,0.18744,0.02067,4.12527,1436640.0,7337.6,8703616,0.0,60.0,4,244.57096277792272,-453187040.51446724,453187040.51446724,52.01903465357184,60.0,arkansas,2070,2010,9,gas_cc_w_ccs,400.0,-0.00398993418629034,7.00451904454487,388947.16449999996,-244565.20050000004
5,0.41,0.0,0.0,0.0,0.18744,0.02067,4.12527,1436640.0,7337.6,8722257,0.0,60.0,4,244.57096277792272,-453187040.51446724,453187040.51446724,52.01903465357184,60.0,arkansas,2070,2010,9,gas_cc_w_ccs,400.0,-0.00398993418629034,7.00451904454487,257947.16449999996,-248565.20050000004
5,0.41,0.0,0.0,0.0,0.18744,0.02067,4.12527,1436640.0,7337.6,8971079,0.0,60.0,4,244.57096277792272,-453187040.51446724,453187040.51446724,52.01903465357184,60.0,arkansas,2070,2010,9,gas_cc_w_ccs,400.0,-0.00398993418629034,7.00451904454487,350947.16449999996,-301565.20050000004
5,0.41,0.0,0.0,0.0,0.18744,0.02067,4.12527,1436640.0,7337.6,9848695,0.0,60.0,4,244.57096277792272,-453187040.51446724,453187040.51446724,52.01903465357184,60.0,arkansas,2070,2010,9,gas_cc_w_ccs,400.0,-0.00398993418629034,7.00451904454487,375947.16449999996,-488565.20050000004
5,0.9,0.0,0.0,0.0,0.0,0.04639,0.71281,10643400.0,10246.2,9154139,0.0,60.0,4,120.69032754215401,-3427007378.429381,3427007378.429381,23.034078534539436,60.0,arkansas,2070,2010,13,nuclear_gen_ii,1350.0,-0.00104311614063357,2.19496449322143,383947.16449999996,-340565.20050000004
5,0.609,0.0,0.0,0.0,0.3036,0.0,0.0,426787.2,12827.1,3702888,0.0,60.0,45,112.24491454333973,-43917930.11781776,43917930.11781776,9.341336090617133,60.0,california,2070,2010,0,biomass_conv_wo_ccs,80.0,-0.00398993418629034,10.0064557779212,-2294052.8355,820434.7995
5,0.609,0.0,0.0,0.0,0.3036,0.0,0.0,426787.2,12827.1,4219372,0.0,60.0,45,112.24491454333973,-43917930.11781776,43917930.11781776,9.341336090617133,60.0,california,2070,2010,0,biomass_conv_wo_ccs,80.0,-0.00398993418629034,10.0064557779212,-2040052.8355,710434.7995
5,0.609,0.0,0.0,0.0,0.3036,0.0,0.0,426787.2,12827.1,4331721,0.0,60.0,45,112.24491454333973,-43917930.11781776,43917930.11781776,9.341336090617133,60.0,california,2070,2010,0,biomass_conv_wo_ccs,80.0,-0.00398993418629034,10.0064557779212,-2323052.8355,686434.7995
5,0.609,0.0,0.0,0.0,0.3036,0.0,0.0,426787.2,12827.1,4425777,0.0,60.0,45,112.24491454333973,-43917930.11781776,43917930.11781776,9.341336090617133,60.0,california,2070,2010,0,biomass_conv_wo_ccs,80.0,-0.00398993418629034,10.0064557779212,-2127052.8355,666434.7995
5,0.609,0.0,0.0,0.0,0.3036,0.0,0.0,426787.2,12827.1,4467949,0.0,60.0,45,112.24491454333973,-43917930.11781776,43917930.11781776,9.341336090617133,60.0,california,2070,2010,0,biomass_conv_wo_ccs,80.0,-0.00398993418629034,10.0064557779212,-2192052.8355,657434.7995
5,0.609,0.0,0.0,0.0,0.3036,0.0,0.0,426787.2,12827.1,4909172,0.0,60.0,45,112.24491454333973,-43917930.11781776,43917930.11781776,9.341336090617133,60.0,california,2070,2010,0,biomass_conv_wo_ccs,80.0,-0.00398993418629034,10.0064557779212,-2111052.8355,563434.7995
5,0.609,0.0,0.0,0.0,0.3036,0.0,0.0,426787.2,12827.1,5312712,0.0,60.0,45,112.24491454333973,-43917930.11781776,43917930.11781776,9.341336090617133,60.0,california,2070,2010,0,biomass_conv_wo_ccs,80.0,-0.00398993418629034,10.0064557779212,-2169052.8355,477434.79949999996
5,0.609,0.0,0.0,0.0,0.3036,0.0,0.0,426787.2,12827.1,6565641,0.0,60.0,45,112.24491454333973,-43917930.11781776,43917930.11781776,9.341336090617133,60.0,california,2070,2010,0,biomass_conv_wo_ccs,80.0,-0.00398993418629034,10.0064557779212,-2271052.8355,210434.79949999996
5,0.609,0.0,0.0,0.0,0.3036,0.0,0.0,426787.2,12827.1,6725251,0.0,60.0,45,112.24491454333973,-43917930.11781776,43917930.11781776,9.341336090617133,60.0,california,2070,2010,0,biomass_conv_wo_ccs,80.0,-0.00398993418629034,10.0064557779212,-2223052.8355,176434.79949999996
5,0.609,0.0,0.0,0.0,0.3036,0.0,0.0,426787.2,12827.1,6800346,0.0,60.0,45,112.24491454333973,-43917930.11781776,43917930.11781776,9.341336090617133,60.0,california,2070,2010,0,biomass_conv_wo_ccs,80.0,-0.00398993418629034,10.0064557779212,-2216052.8355,160434.79949999996
5,0.609,0.0,0.0,0.0,0.3036,0.0,0.0,426787.2,12827.1,7011551,0.0,60.0,45,112.24491454333973,-43917930.11781776,43917930.11781776,9.341336090617133,60.0,california,2070,2010,0,biomass_conv_wo_ccs,80.0,-0.00398993418629034,10.0064557779212,-2196052.8355,115434.79949999996
5,0.609,0.0,0.0,0.0,0.3036,0.0,0.0,426787.2,12827.1,7565331,0.0,60.0,45,112.24491454333973,-43917930.11781776,43917930.11781776,9.341336090617133,60.0,california,2070,2010,0,biomass_conv_wo_ccs,80.0,-0.00398993418629034,10.0064557779212,-2190052.8355,-2565.2005000000354
5,0.272,0.0,0.0,0.0,0.18744,0.02067,4.12527,953088.0000000001,5923.6,4932560,35817.509109470324,60.0,45,310.4019571816886,-406369752.1873735,406405569.696483,39.97020950119198,60.0,california,2070,2010,8,gas_cc_wo_ccs,400.0,-0.00398993418629034,3.48612007746934,-2188052.8355,558434.7995
5,0.272,0.0,0.0,0.0,0.18744,0.02067,4.12527,953088.0000000001,5923.6,4988763,35817.509109470324,60.0,45,310.4019571816886,-406369752.1873735,406405569.696483,39.97020950119198,60.0,california,2070,2010,8,gas_cc_wo_ccs,400.0,-0.00398993418629034,3.48612007746934,-2301052.8355,546434.7995
5,0.272,0.0,0.0,0.0,0.18744,0.02067,4.12527,953088.0000000001,5923.6,5181310,35817.509109470324,60.0,45,310.4019571816886,-406369752.1873735,406405569.696483,39.97020950119198,60.0,california,2070,2010,8,gas_cc_wo_ccs,400.0,-0.00398993418629034,3.48612007746934,-2167052.8355,505434.79949999996
5,0.272,0.0,0.0,0.0,0.18744,0.02067,4.12527,953088.0000000001,5923.6,5279821,35817.509109470324,60.0,45,310.4019571816886,-406369752.1873735,406405569.696483,39.97020950119198,60.0,california,2070,2010,8,gas_cc_wo_ccs,400.0,-0.00398993418629034,3.48612007746934,-2209052.8355,484434.79949999996
5,0.272,0.0,0.0,0.0,0.18744,0.02067,4.12527,953088.0000000001,5923.6,5284553,35817.509109470324,60.0,45,310.4019571816886,-406369752.1873735,406405569.696483,39.97020950119198,60.0,california,2070,2010,8,gas_cc_wo_ccs,400.0,-0.00398993418629034,3.48612007746934,-2170052.8355,483434.79949999996
5,0.272,0.0,0.0,0.0,0.18744,0.02067,4.12527,953088.0000000001,5923.6,5378378,35817.509109470324,60.0,45,310.4019571816886,-406369752.1873735,406405569.696483,39.97020950119198,60.0,california,2070,2010,8,gas_cc_wo_ccs,400.0,-0.00398993418629034,3.48612007746934,-2205052.8355,463434.79949999996
5,0.272,0.0,0.0,0.0,0.18744,0.02067,4.12527,953088.0000000001,5923.6,5397199,35817.509109470324,60.0,45,310.4019571816886,-406369752.1873735,406405569.696483,39.97020950119198,60.0,california,2070,2010,8,gas_cc_wo_ccs,400.0,-0.00398993418629034,3.48612007746934,-2156052.8355,459434.79949999996
5,0.272,0.0,0.0,0.0,0.18744,0.02067,4.12527,953088.0000000001,5923.6,5552070,35817.509109470324,60.0,45,310.4019571816886,-406369752.1873735,406405569.696483,39.97020950119198,60.0,california,2070,2010,8,gas_cc_wo_ccs,400.0,-0.00398993418629034,3.48612007746934,-2154052.8355,426434.79949999996
5,0.272,0.0,0.0,0.0,0.18744,0.02067,4.12527,953088.0000000001,5923.6,5843020,35817.509109470324,60.0,45,310.4019571816886,-406369752.1873735,406405569.696483,39.97020950119198,60.0,california,2070,2010,8,gas_cc_wo_ccs,400.0,-0.00398993418629034,3.48612007746934,-2170052.8355,364434.79949999996
5,0.272,0.0,0.0,0.0,0.18744,0.02067,4.12527,953088.0000000001,5923.6,6016654,35817.509109470324,60.0,45,310.4019571816886,-406369752.1873735,406405569.696483,39.97020950119198,60.0,california,2070,2010,8,gas_cc_wo_ccs,400.0,-0.00398993418629034,3.48612007746934,-2177052.8355,327434.79949999996
5,0.272,0.0,0.0,0.0,0.18744,0.02067,4.12527,953088.0000000001,5923.6,6087068,35817.509109470324,60.0,45,310.4019571816886,-406369752.1873735,406405569.696483,39.97020950119198,60.0,california,2070,2010,8,gas_cc_wo_ccs,400.0,-0.00398993418629034,3.48612007746934,-2158052.8355,312434.79949999996
5,0.272,0.0,0.0,0.0,0.18744,0.02067,4.12527,953088.0000000001,5923.6,6105831,35817.509109470324,60.0,45,310.4019571816886,-406369752.1873735,406405569.696483,39.97020950119198,60.0,california,2070,2010,8,gas_cc_wo_ccs,400.0,-0.00398993418629034,3.48612007746934,-2167052.8355,308434.79949999996
5,0.272,0.0,0.0,0.0,0.18744,0.02067,4.12527,953088.0000000001,5923.6,6227837,35817.509109470324,60.0,45,310.4019571816886,-406369752.1873735,406405569.696483,39.97020950119198,60.0,california,2070,2010,8,gas_cc_wo_ccs,400.0,-0.00398993418629034,3.48612007746934,-2179052.8355,282434.79949999996
5,0.272,0.0,0.0,0.0,0.18744,0.02067,4.12527,953088.0000000001,5923.6,6237249,35817.509109470324,60.0,45,310.4019571816886,-406369752.1873735,406405569.696483,39.97020950119198,60.0,california,2070,2010,8,gas_cc_wo_ccs,400.0,-0.00398993418629034,3.48612007746934,-2153052.8355,280434.79949999996
5,0.272,0.0,0.0,0.0,0.18744,0.02067,4.12527,953088.0000000001,5923.6,6725336,35817.509109470324,60.0,45,310.4019571816886,-406369752.1873735,406405569.696483,39.97020950119198,60.0,california,2070,2010,8,gas_cc_wo_ccs,400.0,-0.00398993418629034,3.48612007746934,-2138052.8355,176434.79949999996
5,0.272,0.0,0.0,0.0,0.18744,0.02067,4.12527,953088.0000000001,5923.6,6786398,35817.509109470324,60.0,45,310.4019571816886,-406369752.1873735,406405569.696483,39.97020950119198,60.0,california,2070,2010,8,gas_cc_wo_ccs,400.0,-0.00398993418629034,3.48612007746934,-2085052.8355,163434.79949999996
5,0.272,0.0,0.0,0.0,0.18744,0.02067,4.12527,953088.0000000001,5923.6,6974079,35817.509109470324,60.0,45,310.4019571816886,-406369752.1873735,406405569.696483,39.97020950119198,60.0,california,2070,2010,8,gas_cc_wo_ccs,400.0,-0.00398993418629034,3.48612007746934,-2124052.8355,123434.79949999996
5,0.41,0.0,0.0,0.0,0.18744,0.02067,4.12527,1436640.0,7337.6,4467961,0.0,60.0,45,270.3227777889248,-508773727.65390146,508773727.65390146,52.01903465357184,60.0,california,2070,2010,9,gas_cc_w_ccs,400.0,-0.00398993418629034,7.00451904454487,-2180052.8355,657434.7995
5,0.41,0.0,0.0,0.0,0.18744,0.02067,4.12527,1436640.0,7337.6,4740149,0.0,60.0,45,270.3227777889248,-508773727.65390146,508773727.65390146,52.01903465357184,60.0,california,2070,2010,9,gas_cc_w_ccs,400.0,-0.00398993418629034,7.00451904454487,-2186052.8355,599434.7995
5,0.41,0.0,0.0,0.0,0.18744,0.02067,4.12527,1436640.0,7337.6,4768303,35817.509109470324,60.0,45,270.3227777889248,-508737910.14479196,508773727.65390146,52.01903465357184,60.0,california,2070,2010,9,gas_cc_w_ccs,400.0,-0.00398993418629034,7.00451904454487,-2190052.8355,593434.7995
5,0.41,0.0,0.0,0.0,0.18744,0.02067,4.12527,1436640.0,7337.6,5129691,0.0,60.0,45,270.3227777889248,-508773727.65390146,508773727.65390146,52.01903465357184,60.0,california,2070,2010,9,gas_cc_w_ccs,400.0,-0.00398993418629034,7.00451904454487,-2163052.8355,516434.79949999996
5,0.41,0.0,0.0,0.0,0.18744,0.02067,4.12527,1436640.0,7337.6,5242276,35817.509109470324,60.0,45,270.3227777889248,-508737910.14479196,508773727.65390146,52.01903465357184,60.0,california,2070,2010,9,gas_cc_w_ccs,400.0,-0.00398993418629034,7.00451904454487,-2210052.8355,492434.79949999996
5,0.41,0.0,0.0,0.0,0.18744,0.02067,4.12527,1436640.0,7337.6,5350215,0.0,60.0,45,270.3227777889248,-508773727.65390146,508773727.65390146,52.01903465357184,60.0,california,2070,2010,9,gas_cc_w_ccs,400.0,-0.00398993418629034,7.00451904454487,-2210052.8355,469434.79949999996
5,0.41,0.0,0.0,0.0,0.18744,0.02067,4.12527,1436640.0,7337.6,5453627,35817.509109470324,60.0,45,270.3227777889248,-508737910.14479196,508773727.65390146,52.01903465357184,60.0,california,2070,2010,9,gas_cc_w_ccs,400.0,-0.00398993418629034,7.00451904454487,-2044052.8355,447434.79949999996
5,0.41,0.0,0.0,0.0,0.18744,0.02067,4.12527,1436640.0,7337.6,5500309,35817.509109470324,60.0,45,270.3227777889248,-508737910.14479196,508773727.65390146,52.01903465357184,60.0,california,2070,2010,9,gas_cc_w_ccs,400.0,-0.00398993418629034,7.00451904454487,-2292052.8355,437434.79949999996
5,0.41,0.0,0.0,0.0,0.18744,0.02067,4.12527,1436640.0,7337.6,5500449,35817.509109470324,60.0,45,270.3227777889248,-508737910.14479196,508773727.65390146,52.01903465357184,60.0,california,2070,2010,9,gas_cc_w_ccs,400.0,-0.00398993418629034,7.00451904454487,-2152052.8355,437434.79949999996
5,0.41,0.0,0.0,0.0,0.18744,0.02067,4.12527,1436640.0,7337.6,5537855,0.0,60.0,45,270.3227777889248,-508773727.65390146,508773727.65390146,52.01903465357184,60.0,california,2070,2010,9,gas_cc_w_ccs,400.0,-0.00398993418629034,7.00451904454487,-2290052.8355,429434.79949999996
5,0.41,0.0,0.0,0.0,0.18744,0.02067,4.12527,1436640.0,7337.6,5589605,0.0,60.0,45,270.3227777889248,-508773727.65390146,508773727.65390146,52.01903465357184,60.0,california,2070,2010,9,gas_cc_w_ccs,400.0,-0.00398993418629034,7.00451904454487,-2163052.8355,418434.79949999996
5,0.41,0.0,0.0,0.0,0.18744,0.02067,4.12527,1436640.0,7337.6,5683379,35817.509109470324,60.0,45,270.3227777889248,-508737910.14479196,508773727.65390146,52.01903465357184,60.0,california,2070,2010,9,gas_cc_w_ccs,400.0,-0.00398993418629034,7.00451904454487,-2249052.8355,398434.79949999996
5,0.41,0.0,0.0,0.0,0.18744,0.02067,4.12527,1436640.0,7337.6,5749118,35817.509109470324,60.0,45,270.3227777889248,-508737910.14479196,508773727.65390146,52.01903465357184,60.0,california,2070,2010,9,gas_cc_w_ccs,400.0,-0.00398993418629034,7.00451904454487,-2212052.8355,384434.79949999996
5,0.41,0.0,0.0,0.0,0.18744,0.02067,4.12527,1436640.0,7337.6,5833573,35817.509109470324,60.0,45,270.3227777889248,-508737910.14479196,508773727.65390146,52.01903465357184,60.0,california,2070,2010,9,gas_cc_w_ccs,400.0,-0.00398993418629034,7.00451904454487,-2231052.8355,366434.79949999996
5,0.41,0.0,0.0,0.0,0.18744,0.02067,4.12527,1436640.0,7337.6,5838338,0.0,60.0,45,270.3227777889248,-508773727.65390146,508773727.65390146,52.01903465357184,60.0,california,2070,2010,9,gas_cc_w_ccs,400.0,-0.00398993418629034,7.00451904454487,-2159052.8355,365434.79949999996
5,0.41,0.0,0.0,0.0,0.18744,0.02067,4.12527,1436640.0,7337.6,5950963,0.0,60.0,45,270.3227777889248,-508773727.65390146,508773727.65390146,52.01903465357184,60.0,california,2070,2010,9,gas_cc_w_ccs,400.0,-0.00398993418629034,7.00451904454487,-2166052.8355,341434.79949999996
5,0.41,0.0,0.0,0.0,0.18744,0.02067,4.12527,1436640.0,7337.6,6063592,0.0,60.0,45,270.3227777889248,-508773727.65390146,508773727.65390146,52.01903465357184,60.0,california,2070,2010,9,gas_cc_w_ccs,400.0,-0.00398993418629034,7.00451904454487,-2169052.8355,317434.79949999996
5,0.41,0.0,0.0,0.0,0.18744,0.02067,4.12527,1436640.0,7337.6,6110541,35817.509109470324,60.0,45,270.3227777889248,-508737910.14479196,508773727.65390146,52.01903465357184,60.0,california,2070,2010,9,gas_cc_w_ccs,400.0,-0.00398993418629034,7.00451904454487,-2150052.8355,307434.79949999996
5,0.41,0.0,0.0,0.0,0.18744,0.02067,4.12527,1436640.0,7337.6,6171552,0.0,60.0,45,270.3227777889248,-508773727.65390146,508773727.65390146,52.01903465357184,60.0,california,2070,2010,9,gas_cc_w_ccs,400.0,-0.00398993418629034,7.00451904454487,-2148052.8355,294434.79949999996
5,0.41,0.0,0.0,0.0,0.18744,0.02067,4.12527,1436640.0,7337.6,6312262,0.0,60.0,45,270.3227777889248,-508773727.65390146,508773727.65390146,52.01903465357184,60.0,california,2070,2010,9,gas_cc_w_ccs,400.0,-0.00398993418629034,7.00451904454487,-2228052.8355,264434.79949999996
5,0.41,0.0,0.0,0.0,0.18744,0.02067,4.12527,1436640.0,7337.6,6457723,281472.1517102061,60.0,255,,1.0,,52.01903465357184,60.0,california,2070,2010,9,gas_cc_w_ccs,400.0,-0.00398993418629034,7.00451904454487,-2250052.8355,233434.79949999996
5,0.41,0.0,0.0,0.0,0.18744,0.02067,4.12527,1436640.0,7337.6,6457740,0.0,60.0,45,270.3227777889248,-508773727.65390146,508773727.65390146,52.01903465357184,60.0,california,2070,2010,9,gas_cc_w_ccs,400.0,-0.00398993418629034,7.00451904454487,-2233052.8355,233434.79949999996
5,0.41,0.0,0.0,0.0,0.18744,0.02067,4.12527,1436640.0,7337.6,6546894,0.0,60.0,45,270.3227777889248,-508773727.65390146,508773727.65390146,52.01903465357184,60.0,california,2070,2010,9,gas_cc_w_ccs,400.0,-0.00398993418629034,7.00451904454487,-2246052.8355,214434.79949999996
5,0.41,0.0,0.0,0.0,0.18744,0.02067,4.12527,1436640.0,7337.6,6556269,0.0,60.0,45,270.3227777889248,-508773727.65390146,508773727.65390146,52.01903465357184,60.0,california,2070,2010,9,gas_cc_w_ccs,400.0,-0.00398993418629034,7.00451904454487,-2257052.8355,212434.79949999996
5,0.41,0.0,0.0,0.0,0.18744,0.02067,4.12527,1436640.0,7337.6,6598525,0.0,60.0,45,270.3227777889248,-508773727.65390146,508773727.65390146,52.01903465357184,60.0,california,2070,2010,9,gas_cc_w_ccs,400.0,-0.00398993418629034,7.00451904454487,-2238052.8355,203434.79949999996
5,0.41,0.0,0.0,0.0,0.18744,0.02067,4.12527,1436640.0,7337.6,6654948,0.0,60.0,45,270.3227777889248,-508773727.65390146,508773727.65390146,52.01903465357184,60.0,california,2070,2010,9,gas_cc_w_ccs,400.0,-0.00398993418629034,7.00451904454487,-2131052.8355,191434.79949999996
5,0.41,0.0,0.0,0.0,0.18744,0.02067,4.12527,1436640.0,7337.6,6805182,0.0,60.0,45,270.3227777889248,-508773727.65390146,508773727.65390146,52.01903465357184,60.0,california,2070,2010,9,gas_cc_w_ccs,400.0,-0.00398993418629034,7.00451904454487,-2073052.8355,159434.79949999996
5,0.41,0.0,0.0,0.0,0.18744,0.02067,4.12527,1436640.0,7337.6,6922455,35817.509109470324,60.0,45,270.3227777889248,-508737910.14479196,508773727.65390146,52.01903465357184,60.0,california,2070,2010,9,gas_cc_w_ccs,400.0,-0.00398993418629034,7.00451904454487,-2125052.8355,134434.79949999996
5,0.41,0.0,0.0,0.0,0.18744,0.02067,4.12527,1436640.0,7337.6,7199347,0.0,60.0,45,270.3227777889248,-508773727.65390146,508773727.65390146,52.01903465357184,60.0,california,2070,2010,9,gas_cc_w_ccs,400.0,-0.00398993418629034,7.00451904454487,-2120052.8355,75434.79949999996
5,0.41,0.0,0.0,0.0,0.18744,0.02067,4.12527,1436640.0,7337.6,7232239,0.0,60.0,45,270.3227777889248,-508773727.65390146,508773727.65390146,52.01903465357184,60.0,california,2070,2010,9,gas_cc_w_ccs,400.0,-0.00398993418629034,7.00451904454487,-2079052.8355,68434.79949999996
5,0.41,0.0,0.0,0.0,0.18744,0.02067,4.12527,1436640.0,7337.6,7274444,0.0,60.0,45,270.3227777889248,-508773727.65390146,508773727.65390146,52.01903465357184,60.0,california,2070,2010,9,gas_cc_w_ccs,400.0,-0.00398993418629034,7.00451904454487,-2111052.8355,59434.799499999965
5,0.41,0.0,0.0,0.0,0.18744,0.02067,4.12527,1436640.0,7337.6,7307297,0.0,60.0,45,270.3227777889248,-508773727.65390146,508773727.65390146,52.01903465357184,60.0,california,2070,2010,9,gas_cc_w_ccs,400.0,-0.00398993418629034,7.00451904454487,-2109052.8355,52434.799499999965
5,0.41,0.0,0.0,0.0,0.18744,0.02067,4.12527,1436640.0,7337.6,7340173,0.0,60.0,45,270.3227777889248,-508773727.65390146,508773727.65390146,52.01903465357184,60.0,california,2070,2010,9,gas_cc_w_ccs,400.0,-0.00398993418629034,7.00451904454487,-2084052.8355,45434.799499999965
5,0.41,0.0,0.0,0.0,0.18744,0.02067,4.12527,1436640.0,7337.6,7396526,0.0,60.0,45,270.3227777889248,-508773727.65390146,508773727.65390146,52.01903465357184,60.0,california,2070,2010,9,gas_cc_w_ccs,400.0,-0.00398993418629034,7.00451904454487,-2047052.8355,33434.799499999965
5,0.41,0.0,0.0,0.0,0.18744,0.02067,4.12527,1436640.0,7337.6,7438761,0.0,60.0,45,270.3227777889248,-508773727.65390146,508773727.65390146,52.01903465357184,60.0,california,2070,2010,9,gas_cc_w_ccs,400.0,-0.00398993418629034,7.00451904454487,-2049052.8355,24434.799499999965
5,0.41,0.0,0.0,0.0,0.18744,0.02067,4.12527,1436640.0,7337.6,7471614,35817.509109470324,60.0,45,270.3227777889248,-508737910.14479196,508773727.65390146,52.01903465357184,60.0,california,2070,2010,9,gas_cc_w_ccs,400.0,-0.00398993418629034,7.00451904454487,-2047052.8355,17434.799499999965
5,0.41,0.0,0.0,0.0,0.18744,0.02067,4.12527,1436640.0,7337.6,7523177,0.0,60.0,45,270.3227777889248,-508773727.65390146,508773727.65390146,52.01903465357184,60.0,california,2070,2010,9,gas_cc_w_ccs,400.0,-0.00398993418629034,7.00451904454487,-2107052.8355,6434.799499999965
5,0.41,0.0,0.0,0.0,0.18744,0.02067,4.12527,1436640.0,7337.6,7593585,0.0,60.0,45,270.3227777889248,-508773727.65390146,508773727.65390146,52.01903465357184,60.0,california,2070,2010,9,gas_cc_w_ccs,400.0,-0.00398993418629034,7.00451904454487,-2094052.8355,-8565.200500000035
5,0.41,0.0,0.0,0.0,0.18744,0.02067,4.12527,1436640.0,7337.6,7612411,0.0,60.0,45,270.3227777889248,-508773727.65390146,508773727.65390146,52.01903465357184,60.0,california,2070,2010,9,gas_cc_w_ccs,400.0,-0.00398993418629034,7.00451904454487,-2040052.8355,-12565.200500000035
5,0.41,0.0,0.0,0.0,0.18744,0.02067,4.12527,1436640.0,7337.6,7617059,0.0,60.0,45,270.3227777889248,-508773727.65390146,508773727.65390146,52.01903465357184,60.0,california,2070,2010,9,gas_cc_w_ccs,400.0,-0.00398993418629034,7.00451904454487,-2085052.8355,-13565.200500000035
5,0.41,0.0,0.0,0.0,0.18744,0.02067,4.12527,1436640.0,7337.6,7640554,0.0,60.0,45,270.3227777889248,-508773727.65390146,508773727.65390146,52.01903465357184,60.0,california,2070,2010,9,gas_cc_w_ccs,400.0,-0.00398993418629034,7.00451904454487,-2055052.8355,-18565.200500000035
5,0.41,0.0,0.0,0.0,0.18744,0.02067,4.12527,1436640.0,7337.6,7649930,0.0,60.0,45,270.3227777889248,-508773727.65390146,508773727.65390146,52.01903465357184,60.0,california,2070,2010,9,gas_cc_w_ccs,400.0,-0.00398993418629034,7.00451904454487,-2065052.8355,-20565.200500000035
5,0.41,0.0,0.0,0.0,0.18744,0.02067,4.12527,1436640.0,7337.6,7654640,0.0,60.0,45,270.3227777889248,-508773727.65390146,508773727.65390146,52.01903465357184,60.0,california,2070,2010,9,gas_cc_w_ccs,400.0,-0.00398993418629034,7.00451904454487,-2048052.8355,-21565.200500000035
5,0.41,0.0,0.0,0.0,0.18744,0.02067,4.12527,1436640.0,7337.6,8053553,35817.509109470324,60.0,45,270.3227777889248,-508737910.14479196,508773727.65390146,52.01903465357184,60.0,california,2070,2010,9,gas_cc_w_ccs,400.0,-0.00398993418629034,7.00451904454487,-2040052.8355,-106565.20050000004
5,0.41,0.0,0.0,0.0,0.18744,0.02067,4.12527,1436640.0,7337.6,8081689,35817.509109470324,60.0,45,270.3227777889248,-508737910.14479196,508773727.65390146,52.01903465357184,60.0,california,2070,2010,9,gas_cc_w_ccs,400.0,-0.00398993418629034,7.00451904454487,-2062052.8355,-112565.20050000004
5,0.41,0.0,0.0,0.0,0.18744,0.02067,4.12527,1436640.0,7337.6,8095795,0.0,60.0,45,270.3227777889248,-508773727.65390146,508773727.65390146,52.01903465357184,60.0,california,2070,2010,9,gas_cc_w_ccs,400.0,-0.00398993418629034,7.00451904454487,-2035052.8355,-115565.20050000004
5,0.41,0.0,0.0,0.0,0.18744,0.02067,4.12527,1436640.0,7337.6,8194356,0.0,60.0,45,270.3227777889248,-508773727.65390146,508773727.65390146,52.01903465357184,60.0,california,2070,2010,9,gas_cc_w_ccs,400.0,-0.00398993418629034,7.00451904454487,-2027052.8355,-136565.20050000004
5,0.41,0.0,0.0,0.0,0.18744,0.02067,4.12527,1436640.0,7337.6,8297671,0.0,60.0,45,270.3227777889248,-508773727.65390146,508773727.65390146,52.01903465357184,60.0,california,2070,2010,9,gas_cc_w_ccs,400.0,-0.00398993418629034,7.00451904454487,-1958052.8355,-158565.20050000004
5,0.41,0.0,0.0,0.0,0.18744,0.02067,4.12527,1436640.0,7337.6,8302370,35817.509109470324,60.0,45,270.3227777889248,-508737910.14479196,508773727.65390146,52.01903465357184,60.0,california,2070,2010,9,gas_cc_w_ccs,400.0,-0.00398993418629034,7.00451904454487,-1952052.8355,-159565.20050000004
5,0.41,0.0,0.0,0.0,0.18744,0.02067,4.12527,1436640.0,7337.6,8335200,0.0,60.0,45,270.3227777889248,-508773727.65390146,508773727.65390146,52.01903465357184,60.0,california,2070,2010,9,gas_cc_w_ccs,400.0,-0.00398993418629034,7.00451904454487,-1973052.8355,-166565.20050000004
5,0.41,0.0,0.0,0.0,0.18744,0.02067,4.12527,1436640.0,7337.6,8344528,0.0,60.0,45,270.3227777889248,-508773727.65390146,508773727.65390146,52.01903465357184,60.0,california,2070,2010,9,gas_cc_w_ccs,400.0,-0.00398993418629034,7.00451904454487,-2031052.8355,-168565.20050000004
5,0.41,0.0,0.0,0.0,0.18744,0.02067,4.12527,1436640.0,7337.6,8391462,0.0,60.0,45,270.3227777889248,-508773727.65390146,508773727.65390146,52.01903465357184,60.0,california,2070,2010,9,gas_cc_w_ccs,400.0,-0.00398993418629034,7.00451904454487,-2027052.8355,-178565.20050000004
5,0.41,0.0,0.0,0.0,0.18744,0.02067,4.12527,1436640.0,7337.6,8391500,0.0,60.0,45,270.3227777889248,-508773727.65390146,508773727.65390146,52.01903465357184,60.0,california,2070,2010,9,gas_cc_w_ccs,400.0,-0.00398993418629034,7.00451904454487,-1989052.8355,-178565.20050000004
5,0.9,0.0,0.0,0.0,0.0,0.04639,0.71281,10643400.0,10246.2,5223554,0.0,60.0,45,147.2299529108002,-4234511779.895455,4234511779.895455,23.034078534539436,60.0,california,2070,2010,13,nuclear_gen_ii,1350.0,-0.00104311614063357,2.19496449322143,-2160052.8355,496434.79949999996
5,0.9,0.0,0.0,0.0,0.0,0.04639,0.71281,10643400.0,10246.2,5772645,0.0,60.0,45,147.2299529108002,-4234511779.895455,4234511779.895455,23.034078534539436,60.0,california,2070,2010,13,nuclear_gen_ii,1350.0,-0.00104311614063357,2.19496449322143,-2150052.8355,379434.79949999996
5,0.9,0.0,0.0,0.0,0.0,0.04639,0.71281,10643400.0,10246.2,8814160,0.0,60.0,45,147.2299529108002,-4234511779.895455,4234511779.895455,23.034078534539436,60.0,california,2070,2010,13,nuclear_gen_ii,1350.0,-0.00104311614063357,2.19496449322143,-1699052.8355,-268565.20050000004
5,0.115,0.0,0.0,0.0,0.25872,0.62952,14.83141,402960.0,9399.4,6040078,0.0,60.0,45,417.796823212101,-4.720597996491451e+18,4.720597996491451e+18,5866286794497.894,60.0,california,2070,2010,15,oil_ct_wo_ccs,400.0,-0.00398993418629034,10.0064557779212,-2218052.8355,322434.79949999996
5,0.115,0.0,0.0,0.0,0.25872,0.62952,14.83141,402960.0,9399.4,8030033,0.0,60.0,45,417.796823212101,-4.720597996491451e+18,4.720597996491451e+18,5866286794497.894,60.0,california,2070,2010,15,oil_ct_wo_ccs,400.0,-0.00398993418629034,10.0064557779212,-2095052.8355,-101565.20050000004
5,0.115,0.0,0.0,0.0,0.25872,0.62952,14.83141,402960.0,9399.4,9043857,35817.509109470324,60.0,43,422.16768574129685,-4.794713626391401e+18,4.794713626391437e+18,5866286794497.894,60.0,california,2070,2010,15,oil_ct_wo_ccs,400.0,-0.00398993418629034,10.0064557779212,-1959052.8355,-317565.20050000004
5,0.219,0.0,0.0,0.0,0.0,0.0,0.0,153475.19999999998,3412.0,5683458,0.0,30.0,45,333.84158275002466,-51236403.68087654,51236403.68087654,0.0,30.0,california,2040,2010,17,solar_pv_non_dist,80.0,1.0,0.0,-2170052.8355,398434.79949999996
5,0.219,0.0,0.0,0.0,0.0,0.0,0.0,153475.19999999998,3412.0,6406105,0.0,30.0,45,333.84158275002466,-51236403.68087654,51236403.68087654,0.0,30.0,california,2040,2010,17,solar_pv_non_dist,80.0,1.0,0.0,-2245052.8355,244434.79949999996
5,0.219,0.0,0.0,0.0,0.0,0.0,0.0,153475.19999999998,3412.0,6415771,0.0,30.0,45,333.84158275002466,-51236403.68087654,51236403.68087654,0.0,30.0,california,2040,2010,17,solar_pv_non_dist,80.0,1.0,0.0,-1965052.8355,242434.79949999996
5,0.219,0.0,0.0,0.0,0.0,0.0,0.0,153475.19999999998,3412.0,7476324,0.0,30.0,45,333.84158275002466,-51236403.68087654,51236403.68087654,0.0,30.0,california,2040,2010,17,solar_pv_non_dist,80.0,1.0,0.0,-2030052.8355,16434.799499999965
5,0.219,0.0,0.0,0.0,0.0,0.0,0.0,153475.19999999998,3412.0,8302305,0.0,30.0,45,333.84158275002466,-51236403.68087654,51236403.68087654,0.0,30.0,california,2040,2010,17,solar_pv_non_dist,80.0,1.0,0.0,-2017052.8355,-159565.20050000004
5,0.219,0.0,0.0,0.0,0.0,0.0,0.0,153475.19999999998,3412.0,8344622,0.0,30.0,45,333.84158275002466,-51236403.68087654,51236403.68087654,0.0,30.0,california,2040,2010,17,solar_pv_non_dist,80.0,1.0,0.0,-1937052.8355,-168565.20050000004
5,0.219,0.0,0.0,0.0,0.0,0.0,0.0,153475.19999999998,3412.0,8645073,0.0,30.0,45,333.84158275002466,-51236403.68087654,51236403.68087654,0.0,30.0,california,2040,2010,17,solar_pv_non_dist,80.0,1.0,0.0,-1838052.8355,-232565.20050000004
5,0.219,0.0,0.0,0.0,0.0,0.0,0.0,153475.19999999998,3412.0,8983011,0.0,30.0,45,333.84158275002466,-51236403.68087654,51236403.68087654,0.0,30.0,california,2040,2010,17,solar_pv_non_dist,80.0,1.0,0.0,-1796052.8355,-304565.20050000004
5,0.219,0.0,0.0,0.0,0.0,0.0,0.0,153475.19999999998,3412.0,9161361,0.0,30.0,45,333.84158275002466,-51236403.68087654,51236403.68087654,0.0,30.0,california,2040,2010,17,solar_pv_non_dist,80.0,1.0,0.0,-1780052.8355,-342565.20050000004
5,0.464,0.0,0.0,0.0,0.0,0.0,0.0,325171.2,3412.0,5359538,0.0,30.0,45,258.56794346622144,-84078848.45844331,84078848.45844331,0.0,30.0,california,2040,2010,18,wind_onshore,80.0,-0.00249607760279447,0.0,-2273052.8355,467434.79949999996
5,0.464,0.0,0.0,0.0,0.0,0.0,0.0,325171.2,3412.0,5439273,0.0,30.0,45,258.56794346622144,-84078848.45844331,84078848.45844331,0.0,30.0,california,2040,2010,18,wind_onshore,80.0,-0.00249607760279447,0.0,-2319052.8355,450434.79949999996
5,0.464,0.0,0.0,0.0,0.0,0.0,0.0,325171.2,3412.0,5800750,0.0,30.0,45,258.56794346622144,-84078848.45844331,84078848.45844331,0.0,30.0,california,2040,2010,18,wind_onshore,80.0,-0.00249607760279447,0.0,-2203052.8355,373434.79949999996
5,0.464,0.0,0.0,0.0,0.0,0.0,0.0,325171.2,3412.0,5805431,0.0,30.0,45,258.56794346622144,-84078848.45844331,84078848.45844331,0.0,30.0,california,2040,2010,18,wind_onshore,80.0,-0.00249607760279447,0.0,-2215052.8355,372434.79949999996
5,0.464,0.0,0.0,0.0,0.0,0.0,0.0,325171.2,3412.0,5810082,0.0,30.0,45,258.56794346622144,-84078848.45844331,84078848.45844331,0.0,30.0,california,2040,2010,18,wind_onshore,80.0,-0.00249607760279447,0.0,-2257052.8355,371434.79949999996
5,0.464,0.0,0.0,0.0,0.0,0.0,0.0,325171.2,3412.0,5997855,0.0,30.0,45,258.56794346622144,-84078848.45844331,84078848.45844331,0.0,30.0,california,2040,2010,18,wind_onshore,80.0,-0.00249607760279447,0.0,-2204052.8355,331434.79949999996
5,0.464,0.0,0.0,0.0,0.0,0.0,0.0,325171.2,3412.0,6410849,0.0,30.0,45,258.56794346622144,-84078848.45844331,84078848.45844331,0.0,30.0,california,2040,2010,18,wind_onshore,80.0,-0.00249607760279447,0.0,-2194052.8355,243434.79949999996
5,0.464,0.0,0.0,0.0,0.0,0.0,0.0,325171.2,3412.0,7720390,0.0,30.0,45,258.56794346622144,-84078848.45844331,84078848.45844331,0.0,30.0,california,2040,2010,18,wind_onshore,80.0,-0.00249607760279447,0.0,-2000052.8355,-35565.200500000035
5,0.464,0.0,0.0,0.0,0.0,0.0,0.0,325171.2,3412.0,7720423,0.0,30.0,45,258.56794346622144,-84078848.45844331,84078848.45844331,0.0,30.0,california,2040,2010,18,wind_onshore,80.0,-0.00249607760279447,0.0,-1967052.8355,-35565.200500000035
5,0.464,0.0,0.0,0.0,0.0,0.0,0.0,325171.2,3412.0,7795622,0.0,30.0,45,258.56794346622144,-84078848.45844331,84078848.45844331,0.0,30.0,california,2040,2010,18,wind_onshore,80.0,-0.00249607760279447,0.0,-1856052.8355,-51565.200500000035
5,0.464,0.0,0.0,0.0,0.0,0.0,0.0,325171.2,3412.0,7809513,0.0,30.0,45,258.56794346622144,-84078848.45844331,84078848.45844331,0.0,30.0,california,2040,2010,18,wind_onshore,80.0,-0.00249607760279447,0.0,-2044052.8355,-54565.200500000035
5,0.464,0.0,0.0,0.0,0.0,0.0,0.0,325171.2,3412.0,7917499,0.0,30.0,45,258.56794346622144,-84078848.45844331,84078848.45844331,0.0,30.0,california,2040,2010,18,wind_onshore,80.0,-0.00249607760279447,0.0,-1997052.8355,-77565.20050000004
5,0.464,0.0,0.0,0.0,0.0,0.0,0.0,325171.2,3412.0,7987850,0.0,30.0,45,258.56794346622144,-84078848.45844331,84078848.45844331,0.0,30.0,california,2040,2010,18,wind_onshore,80.0,-0.00249607760279447,0.0,-2041052.8355,-92565.20050000004
5,0.464,0.0,0.0,0.0,0.0,0.0,0.0,325171.2,3412.0,8349404,0.0,30.0,45,258.56794346622144,-84078848.45844331,84078848.45844331,0.0,30.0,california,2040,2010,18,wind_onshore,80.0,-0.00249607760279447,0.0,-1848052.8355,-169565.20050000004
5,0.464,0.0,0.0,0.0,0.0,0.0,0.0,325171.2,3412.0,8466690,0.0,30.0,45,258.56794346622144,-84078848.45844331,84078848.45844331,0.0,30.0,california,2040,2010,18,wind_onshore,80.0,-0.00249607760279447,0.0,-1887052.8355,-194565.20050000004
5,0.464,0.0,0.0,0.0,0.0,0.0,0.0,325171.2,3412.0,8813960,0.0,30.0,45,258.56794346622144,-84078848.45844331,84078848.45844331,0.0,30.0,california,2040,2010,18,wind_onshore,80.0,-0.00249607760279447,0.0,-1899052.8355,-268565.20050000004
5,0.464,0.0,0.0,0.0,0.0,0.0,0.0,325171.2,3412.0,9123715,0.0,30.0,45,258.56794346622144,-84078848.45844331,84078848.45844331,0.0,30.0,california,2040,2010,18,wind_onshore,80.0,-0.00249607760279447,0.0,-1882052.8355,-334565.20050000004
5,0.733,0.0,0.0,0.0,0.36036,0.09122,2.39413,3852648.0,8594.5,5708121,0.0,60.0,46,103.70411807228501,-4051658227.354824,4051658227.354824,264.9743317533887,60.0,colorado,2070,2010,4,coal_conv_pul_wo_ccs,600.0,-0.00398993418629034,4.0025823111685,-972052.8355,393434.79949999996
5,0.733,0.0,0.0,0.0,0.36036,0.09122,2.39413,3852648.0,8594.5,5787946,0.0,60.0,46,103.70411807228501,-4051658227.354824,4051658227.354824,264.9743317533887,60.0,colorado,2070,2010,4,coal_conv_pul_wo_ccs,600.0,-0.00398993418629034,4.0025823111685,-928052.8355,376434.79949999996
5,0.733,0.0,0.0,0.0,0.36036,0.09122,2.39413,3852648.0,8594.5,5825352,0.0,60.0,46,103.70411807228501,-4051658227.354824,4051658227.354824,264.9743317533887,60.0,colorado,2070,2010,4,coal_conv_pul_wo_ccs,600.0,-0.00398993418629034,4.0025823111685,-1066052.8355,368434.79949999996
5,0.733,0.0,0.0,0.0,0.36036,0.09122,2.39413,3852648.0,8594.5,5947753,0.0,60.0,46,103.70411807228501,-4051658227.354824,4051658227.354824,264.9743317533887,60.0,colorado,2070,2010,4,coal_conv_pul_wo_ccs,600.0,-0.00398993418629034,4.0025823111685,-683052.8355,342434.79949999996
5,0.733,0.0,0.0,0.0,0.36036,0.09122,2.39413,3852648.0,8594.5,6285377,0.0,60.0,46,103.70411807228501,-4051658227.354824,4051658227.354824,264.9743317533887,60.0,colorado,2070,2010,4,coal_conv_pul_wo_ccs,600.0,-0.00398993418629034,4.0025823111685,-955052.8355,270434.79949999996
5,0.733,0.0,0.0,0.0,0.36036,0.09122,2.39413,3852648.0,8594.5,6383860,0.0,60.0,46,103.70411807228501,-4051658227.354824,4051658227.354824,264.9743317533887,60.0,colorado,2070,2010,4,coal_conv_pul_wo_ccs,600.0,-0.00398993418629034,4.0025823111685,-1025052.8355,249434.79949999996
5,0.733,0.0,0.0,0.0,0.36036,0.09122,2.39413,3852648.0,8594.5,6824939,0.0,60.0,46,103.70411807228501,-4051658227.354824,4051658227.354824,264.9743317533887,60.0,colorado,2070,2010,4,coal_conv_pul_wo_ccs,600.0,-0.00398993418629034,4.0025823111685,-1088052.8355,155434.79949999996
5,0.733,0.0,0.0,0.0,0.36036,0.09122,2.39413,3852648.0,8594.5,6966070,0.0,60.0,46,103.70411807228501,-4051658227.354824,4051658227.354824,264.9743317533887,60.0,colorado,2070,2010,4,coal_conv_pul_wo_ccs,600.0,-0.00398993418629034,4.0025823111685,-747052.8355,125434.79949999996
5,0.733,0.0,0.0,0.0,0.36036,0.09122,2.39413,3852648.0,8594.5,7008309,0.0,60.0,46,103.70411807228501,-4051658227.354824,4051658227.354824,264.9743317533887,60.0,colorado,2070,2010,4,coal_conv_pul_wo_ccs,600.0,-0.00398993418629034,4.0025823111685,-745052.8355,116434.79949999996
5,0.733,0.0,0.0,0.0,0.36036,0.09122,2.39413,3852648.0,8594.5,7350603,0.0,60.0,46,103.70411807228501,-4051658227.354824,4051658227.354824,264.9743317533887,60.0,colorado,2070,2010,4,coal_conv_pul_wo_ccs,600.0,-0.00398993418629034,4.0025823111685,-1040052.8355,43434.799499999965
5,0.272,0.0,0.0,0.0,0.18744,0.02067,4.12527,953088.0000000001,5923.6,6027467,0.0,60.0,46,288.45377857925064,-374975417.74348515,374975417.74348515,39.97020950119198,60.0,colorado,2070,2010,8,gas_cc_wo_ccs,400.0,-0.00398993418629034,3.48612007746934,-750052.8355,325434.79949999996
5,0.41,0.0,0.0,0.0,0.18744,0.02067,4.12527,1436640.0,7337.6,5628738,0.0,60.0,46,248.54216716716718,-461759100.22588444,461759100.22588444,52.01903465357184,60.0,colorado,2070,2010,9,gas_cc_w_ccs,400.0,-0.00398993418629034,7.00451904454487,-574052.8355,410434.79949999996
5,0.41,0.0,0.0,0.0,0.18744,0.02067,4.12527,1436640.0,7337.6,5839412,0.0,60.0,46,248.54216716716718,-461759100.22588444,461759100.22588444,52.01903465357184,60.0,colorado,2070,2010,9,gas_cc_w_ccs,400.0,-0.00398993418629034,7.00451904454487,-1085052.8355,365434.79949999996
5,0.41,0.0,0.0,0.0,0.18744,0.02067,4.12527,1436640.0,7337.6,5971242,0.0,60.0,46,248.54216716716718,-461759100.22588444,461759100.22588444,52.01903465357184,60.0,colorado,2070,2010,9,gas_cc_w_ccs,400.0,-0.00398993418629034,7.00451904454487,-659052.8355,337434.79949999996
5,0.41,0.0,0.0,0.0,0.18744,0.02067,4.12527,1436640.0,7337.6,6008405,0.0,60.0,46,248.54216716716718,-461759100.22588444,461759100.22588444,52.01903465357184,60.0,colorado,2070,2010,9,gas_cc_w_ccs,400.0,-0.00398993418629034,7.00451904454487,-1040052.8355,329434.79949999996
5,0.41,0.0,0.0,0.0,0.18744,0.02067,4.12527,1436640.0,7337.6,6041613,0.0,60.0,46,248.54216716716718,-461759100.22588444,461759100.22588444,52.01903465357184,60.0,colorado,2070,2010,9,gas_cc_w_ccs,400.0,-0.00398993418629034,7.00451904454487,-683052.8355,322434.79949999996
5,0.41,0.0,0.0,0.0,0.18744,0.02067,4.12527,1436640.0,7337.6,6501188,0.0,60.0,46,248.54216716716718,-461759100.22588444,461759100.22588444,52.01903465357184,60.0,colorado,2070,2010,9,gas_cc_w_ccs,400.0,-0.00398993418629034,7.00451904454487,-1022052.8355,224434.79949999996
5,0.41,0.0,0.0,0.0,0.18744,0.02067,4.12527,1436640.0,7337.6,6820235,0.0,60.0,46,248.54216716716718,-461759100.22588444,461759100.22588444,52.01903465357184,60.0,colorado,2070,2010,9,gas_cc_w_ccs,400.0,-0.00398993418629034,7.00451904454487,-1099052.8355,156434.79949999996
5,0.464,0.0,0.0,0.0,0.0,0.0,0.0,325171.2,3412.0,5746097,0.0,30.0,46,236.8448485385755,-77015123.61310677,77015123.61310677,0.0,30.0,colorado,2040,2010,18,wind_onshore,80.0,-0.00249607760279447,0.0,-540052.8355,385434.79949999996
5,0.464,0.0,0.0,0.0,0.0,0.0,0.0,325171.2,3412.0,5820731,0.0,30.0,46,236.8448485385755,-77015123.61310677,77015123.61310677,0.0,30.0,colorado,2040,2010,18,wind_onshore,80.0,-0.00249607760279447,0.0,-994052.8355,369434.79949999996
5,0.464,0.0,0.0,0.0,0.0,0.0,0.0,325171.2,3412.0,6055592,0.0,30.0,46,236.8448485385755,-77015123.61310677,77015123.61310677,0.0,30.0,colorado,2040,2010,18,wind_onshore,80.0,-0.00249607760279447,0.0,-783052.8355,319434.79949999996
5,0.464,0.0,0.0,0.0,0.0,0.0,0.0,325171.2,3412.0,6093235,0.0,30.0,46,236.8448485385755,-77015123.61310677,77015123.61310677,0.0,30.0,colorado,2040,2010,18,wind_onshore,80.0,-0.00249607760279447,0.0,-684052.8355,311434.79949999996
5,0.464,0.0,0.0,0.0,0.0,0.0,0.0,325171.2,3412.0,6112162,0.0,30.0,46,236.8448485385755,-77015123.61310677,77015123.61310677,0.0,30.0,colorado,2040,2010,18,wind_onshore,80.0,-0.00249607760279447,0.0,-529052.8355,307434.79949999996
5,0.464,0.0,0.0,0.0,0.0,0.0,0.0,325171.2,3412.0,6304573,0.0,30.0,46,236.8448485385755,-77015123.61310677,77015123.61310677,0.0,30.0,colorado,2040,2010,18,wind_onshore,80.0,-0.00249607760279447,0.0,-531052.8355,266434.79949999996
5,0.464,0.0,0.0,0.0,0.0,0.0,0.0,325171.2,3412.0,6515726,0.0,30.0,46,236.8448485385755,-77015123.61310677,77015123.61310677,0.0,30.0,colorado,2040,2010,18,wind_onshore,80.0,-0.00249607760279447,0.0,-563052.8355,221434.79949999996
5,0.464,0.0,0.0,0.0,0.0,0.0,0.0,325171.2,3412.0,6562467,0.0,30.0,46,236.8448485385755,-77015123.61310677,77015123.61310677,0.0,30.0,colorado,2040,2010,18,wind_onshore,80.0,-0.00249607760279447,0.0,-752052.8355,211434.79949999996
5,0.464,0.0,0.0,0.0,0.0,0.0,0.0,325171.2,3412.0,7256979,0.0,30.0,46,236.8448485385755,-77015123.61310677,77015123.61310677,0.0,30.0,colorado,2040,2010,18,wind_onshore,80.0,-0.00249607760279447,0.0,-804052.8355,63434.799499999965
5,0.464,0.0,0.0,0.0,0.0,0.0,0.0,325171.2,3412.0,7524717,0.0,30.0,46,236.8448485385755,-77015123.61310677,77015123.61310677,0.0,30.0,colorado,2040,2010,18,wind_onshore,80.0,-0.00249607760279447,0.0,-567052.8355,6434.799499999965
5,0.609,0.0,0.0,0.0,0.3036,0.0,0.0,426787.2,12827.1,4359492,182634.17787747647,60.0,21,110.53096249605434,-43003803.14474509,43186437.32262257,9.341336090617133,60.0,connecticut,2070,2010,0,biomass_conv_wo_ccs,80.0,-0.00398993418629034,10.0064557779212,1982947.1645,681434.7995
5,0.609,0.0,0.0,0.0,0.3036,0.0,0.0,426787.2,12827.1,4401705,72902.89464759447,60.0,21,110.53096249605434,-43113534.42797498,43186437.32262257,9.341336090617133,60.0,connecticut,2070,2010,0,biomass_conv_wo_ccs,80.0,-0.00398993418629034,10.0064557779212,1958947.1645,672434.7995
5,0.272,0.0,0.0,0.0,0.18744,0.02067,4.12527,953088.0000000001,5923.6,4063812,35817.509109470324,60.0,21,310.1238901931726,-405971555.6964264,406007373.2055359,39.97020950119198,60.0,connecticut,2070,2010,8,gas_cc_wo_ccs,400.0,-0.00398993418629034,3.48612007746934,1961947.1645,744434.7995
5,0.272,0.0,0.0,0.0,0.18744,0.02067,4.12527,953088.0000000001,5923.6,4434462,35817.509109470324,60.0,21,310.1238901931726,-405971555.6964264,406007373.2055359,39.97020950119198,60.0,connecticut,2070,2010,8,gas_cc_wo_ccs,400.0,-0.00398993418629034,3.48612007746934,1864947.1645,665434.7995
5,0.41,0.0,0.0,0.0,0.18744,0.02067,4.12527,1436640.0,7337.6,4199891,35817.509109470324,60.0,21,269.5048624348179,-506972395.56355345,507008213.07266295,52.01903465357184,60.0,connecticut,2070,2010,9,gas_cc_w_ccs,400.0,-0.00398993418629034,7.00451904454487,1943947.1645,715434.7995
5,0.41,0.0,0.0,0.0,0.18744,0.02067,4.12527,1436640.0,7337.6,4265605,0.0,60.0,21,269.5048624348179,-507008213.07266295,507008213.07266295,52.01903465357184,60.0,connecticut,2070,2010,9,gas_cc_w_ccs,400.0,-0.00398993418629034,7.00451904454487,1955947.1645,701434.7995
5,0.41,0.0,0.0,0.0,0.18744,0.02067,4.12527,1436640.0,7337.6,4331244,0.0,60.0,21,269.5048624348179,-507008213.07266295,507008213.07266295,52.01903465357184,60.0,connecticut,2070,2010,9,gas_cc_w_ccs,400.0,-0.00398993418629034,7.00451904454487,1892947.1645,687434.7995
5,0.41,0.0,0.0,0.0,0.18744,0.02067,4.12527,1436640.0,7337.6,4406341,0.0,60.0,21,269.5048624348179,-507008213.07266295,507008213.07266295,52.01903465357184,60.0,connecticut,2070,2010,9,gas_cc_w_ccs,400.0,-0.00398993418629034,7.00451904454487,1901947.1645,671434.7995
5,0.41,0.0,0.0,0.0,0.18744,0.02067,4.12527,1436640.0,7337.6,4528344,0.0,60.0,21,269.5048624348179,-507008213.07266295,507008213.07266295,52.01903465357184,60.0,connecticut,2070,2010,9,gas_cc_w_ccs,400.0,-0.00398993418629034,7.00451904454487,1886947.1645,645434.7995
5,0.41,0.0,0.0,0.0,0.18744,0.02067,4.12527,1436640.0,7337.6,4678480,35817.509109470324,60.0,21,269.5048624348179,-506972395.56355345,507008213.07266295,52.01903465357184,60.0,connecticut,2070,2010,9,gas_cc_w_ccs,400.0,-0.00398993418629034,7.00451904454487,1846947.1645,613434.7995
5,0.9,0.0,0.0,0.0,0.0,0.04639,0.71281,10643400.0,10246.2,4335972,0.0,60.0,21,145.50419887162656,-4182003352.850102,4182003352.850102,23.034078534539436,60.0,connecticut,2070,2010,13,nuclear_gen_ii,1350.0,-0.00104311614063357,2.19496449322143,1927947.1645,686434.7995
5,0.115,0.0,0.0,0.0,0.25872,0.62952,14.83141,402960.0,9399.4,4622181,0.0,60.0,18,440.90903403403405,-5.112506012817002e+18,5.112506012817002e+18,5866286794497.894,60.0,connecticut,2070,2010,15,oil_ct_wo_ccs,400.0,-0.00398993418629034,10.0064557779212,1863947.1645,625434.7995
5,0.272,0.0,0.0,0.0,0.18744,0.02067,4.12527,953088.0000000001,5923.6,5588795,0.0,60.0,30,374.9476726831741,-498836093.56242746,498836093.56242746,39.97020950119198,60.0,delaware,2070,2010,8,gas_cc_wo_ccs,400.0,-0.00398993418629034,3.48612007746934,1719947.1645,419434.79949999996
5,0.41,0.0,0.0,0.0,0.18744,0.02067,4.12527,1436640.0,7337.6,5462094,0.0,60.0,30,333.78550287481244,-645761456.202666,645761456.202666,52.01903465357184,60.0,delaware,2070,2010,9,gas_cc_w_ccs,400.0,-0.00398993418629034,7.00451904454487,1729947.1645,446434.79949999996
5,0.41,0.0,0.0,0.0,0.18744,0.02067,4.12527,1436640.0,7337.6,6025267,0.0,60.0,30,333.78550287481244,-645761456.202666,645761456.202666,52.01903465357184,60.0,delaware,2070,2010,9,gas_cc_w_ccs,400.0,-0.00398993418629034,7.00451904454487,1742947.1645,326434.79949999996
5,0.115,0.0,0.0,0.0,0.25872,0.62952,14.83141,402960.0,9399.4,6058004,0.0,60.0,29,428.9852129907686,-4.910316742041902e+18,4.910316742041902e+18,5866286794497.894,60.0,district_of_columbia,2070,2010,15,oil_ct_wo_ccs,400.0,-0.00398993418629034,10.0064557779212,1628947.1645,319434.79949999996
5,0.609,0.0,0.0,0.0,0.3036,0.0,0.0,426787.2,12827.1,11276209,0.0,60.0,7,156.15742810677193,-62659228.82651699,62659228.82651699,9.341336090617133,60.0,florida,2070,2010,0,biomass_conv_wo_ccs,80.0,-0.00398993418629034,10.0064557779212,1217947.1645,-792565.2005
5,0.609,0.0,0.0,0.0,0.3036,0.0,0.0,426787.2,12827.1,11633027,35817.509109470324,60.0,7,156.15742810677193,-62623411.317407526,62659228.82651699,9.341336090617133,60.0,florida,2070,2010,0,biomass_conv_wo_ccs,80.0,-0.00398993418629034,10.0064557779212,1367947.1645,-868565.2005
5,0.609,0.0,0.0,0.0,0.3036,0.0,0.0,426787.2,12827.1,11665870,0.0,60.0,7,156.15742810677193,-62659228.82651699,62659228.82651699,9.341336090617133,60.0,florida,2070,2010,0,biomass_conv_wo_ccs,80.0,-0.00398993418629034,10.0064557779212,1359947.1645,-875565.2005
5,0.609,0.0,0.0,0.0,0.3036,0.0,0.0,426787.2,12827.1,11712797,0.0,60.0,7,156.15742810677193,-62659228.82651699,62659228.82651699,9.341336090617133,60.0,florida,2070,2010,0,biomass_conv_wo_ccs,80.0,-0.00398993418629034,10.0064557779212,1356947.1645,-885565.2005
5,0.609,0.0,0.0,0.0,0.3036,0.0,0.0,426787.2,12827.1,11755038,35817.509109470324,60.0,7,156.15742810677193,-62623411.317407526,62659228.82651699,9.341336090617133,60.0,florida,2070,2010,0,biomass_conv_wo_ccs,80.0,-0.00398993418629034,10.0064557779212,1360947.1645,-894565.2005
5,0.609,0.0,0.0,0.0,0.3036,0.0,0.0,426787.2,12827.1,12261908,35817.509109470324,60.0,7,156.15742810677193,-62623411.317407526,62659228.82651699,9.341336090617133,60.0,florida,2070,2010,0,biomass_conv_wo_ccs,80.0,-0.00398993418629034,10.0064557779212,1386947.1645,-1002565.2005
5,0.609,0.0,0.0,0.0,0.3036,0.0,0.0,426787.2,12827.1,12642180,35817.509109470324,60.0,7,156.15742810677193,-62623411.317407526,62659228.82651699,9.341336090617133,60.0,florida,2070,2010,0,biomass_conv_wo_ccs,80.0,-0.00398993418629034,10.0064557779212,1525947.1645,-1083565.2005
5,0.609,0.0,0.0,0.0,0.3036,0.0,0.0,426787.2,12827.1,12684415,0.0,60.0,7,156.15742810677193,-62659228.82651699,62659228.82651699,9.341336090617133,60.0,florida,2070,2010,0,biomass_conv_wo_ccs,80.0,-0.00398993418629034,10.0064557779212,1523947.1645,-1092565.2005
5,0.733,0.0,0.0,0.0,0.36036,0.09122,2.39413,3852648.0,8594.5,10877269,0.0,60.0,7,170.08095242103963,-7298368506.53444,7298368506.53444,264.9743317533887,60.0,florida,2070,2010,4,coal_conv_pul_wo_ccs,600.0,-0.00398993418629034,4.0025823111685,1182947.1645,-707565.2005
5,0.733,0.0,0.0,0.0,0.36036,0.09122,2.39413,3852648.0,8594.5,10933649,0.0,60.0,7,170.08095242103963,-7298368506.53444,7298368506.53444,264.9743317533887,60.0,florida,2070,2010,4,coal_conv_pul_wo_ccs,600.0,-0.00398993418629034,4.0025823111685,1246947.1645,-719565.2005
5,0.733,0.0,0.0,0.0,0.36036,0.09122,2.39413,3852648.0,8594.5,10961841,0.0,60.0,7,170.08095242103963,-7298368506.53444,7298368506.53444,264.9743317533887,60.0,florida,2070,2010,4,coal_conv_pul_wo_ccs,600.0,-0.00398993418629034,4.0025823111685,1280947.1645,-725565.2005
5,0.733,0.0,0.0,0.0,0.36036,0.09122,2.39413,3852648.0,8594.5,10975696,0.0,60.0,7,170.08095242103963,-7298368506.53444,7298368506.53444,264.9743317533887,60.0,florida,2070,2010,4,coal_conv_pul_wo_ccs,600.0,-0.00398993418629034,4.0025823111685,1056947.1645,-728565.2005
5,0.733,0.0,0.0,0.0,0.36036,0.09122,2.39413,3852648.0,8594.5,11083833,0.0,60.0,7,170.08095242103963,-7298368506.53444,7298368506.53444,264.9743317533887,60.0,florida,2070,2010,4,coal_conv_pul_wo_ccs,600.0,-0.00398993418629034,4.0025823111685,1254947.1645,-751565.2005
5,0.733,0.0,0.0,0.0,0.36036,0.09122,2.39413,3852648.0,8594.5,11088467,0.0,60.0,7,170.08095242103963,-7298368506.53444,7298368506.53444,264.9743317533887,60.0,florida,2070,2010,4,coal_conv_pul_wo_ccs,600.0,-0.00398993418629034,4.0025823111685,1195947.1645,-752565.2005
5,0.733,0.0,0.0,0.0,0.36036,0.09122,2.39413,3852648.0,8594.5,11144968,0.0,60.0,7,170.08095242103963,-7298368506.53444,7298368506.53444,264.9743317533887,60.0,florida,2070,2010,4,coal_conv_pul_wo_ccs,600.0,-0.00398993418629034,4.0025823111685,1380947.1645,-764565.2005
5,0.733,0.0,0.0,0.0,0.36036,0.09122,2.39413,3852648.0,8594.5,11182522,0.0,60.0,7,170.08095242103963,-7298368506.53444,7298368506.53444,264.9743317533887,60.0,florida,2070,2010,4,coal_conv_pul_wo_ccs,600.0,-0.00398993418629034,4.0025823111685,1390947.1645,-772565.2005
5,0.733,0.0,0.0,0.0,0.36036,0.09122,2.39413,3852648.0,8594.5,11252618,0.0,60.0,7,170.08095242103963,-7298368506.53444,7298368506.53444,264.9743317533887,60.0,florida,2070,2010,4,coal_conv_pul_wo_ccs,600.0,-0.00398993418629034,4.0025823111685,1091947.1645,-787565.2005
5,0.733,0.0,0.0,0.0,0.36036,0.09122,2.39413,3852648.0,8594.5,11280944,0.0,60.0,7,170.08095242103963,-7298368506.53444,7298368506.53444,264.9743317533887,60.0,florida,2070,2010,4,coal_conv_pul_wo_ccs,600.0,-0.00398993418629034,4.0025823111685,1259947.1645,-793565.2005
5,0.733,0.0,0.0,0.0,0.36036,0.09122,2.39413,3852648.0,8594.5,11323187,0.0,60.0,7,170.08095242103963,-7298368506.53444,7298368506.53444,264.9743317533887,60.0,florida,2070,2010,4,coal_conv_pul_wo_ccs,600.0,-0.00398993418629034,4.0025823111685,1265947.1645,-802565.2005
5,0.733,0.0,0.0,0.0,0.36036,0.09122,2.39413,3852648.0,8594.5,11464057,0.0,60.0,7,170.08095242103963,-7298368506.53444,7298368506.53444,264.9743317533887,60.0,florida,2070,2010,4,coal_conv_pul_wo_ccs,600.0,-0.00398993418629034,4.0025823111685,1345947.1645,-832565.2005
5,0.733,0.0,0.0,0.0,0.36036,0.09122,2.39413,3852648.0,8594.5,11506264,0.0,60.0,7,170.08095242103963,-7298368506.53444,7298368506.53444,264.9743317533887,60.0,florida,2070,2010,4,coal_conv_pul_wo_ccs,600.0,-0.00398993418629034,4.0025823111685,1315947.1645,-841565.2005
5,0.733,0.0,0.0,0.0,0.36036,0.09122,2.39413,3852648.0,8594.5,11637680,0.0,60.0,7,170.08095242103963,-7298368506.53444,7298368506.53444,264.9743317533887,60.0,florida,2070,2010,4,coal_conv_pul_wo_ccs,600.0,-0.00398993418629034,4.0025823111685,1327947.1645,-869565.2005
5,0.733,0.0,0.0,0.0,0.36036,0.09122,2.39413,3852648.0,8594.5,12440259,0.0,60.0,7,170.08095242103963,-7298368506.53444,7298368506.53444,264.9743317533887,60.0,florida,2070,2010,4,coal_conv_pul_wo_ccs,600.0,-0.00398993418629034,4.0025823111685,1403947.1645,-1040565.2005
5,0.272,0.0,0.0,0.0,0.18744,0.02067,4.12527,953088.0000000001,5923.6,10839798,50653.607153034805,60.0,7,355.62373792172366,-471113248.2493649,471163901.856518,39.97020950119198,60.0,florida,2070,2010,8,gas_cc_wo_ccs,400.0,-0.00398993418629034,3.48612007746934,1255947.1645,-699565.2005
5,0.272,0.0,0.0,0.0,0.18744,0.02067,4.12527,953088.0000000001,5923.6,10849271,64475.01913432012,60.0,7,355.62373792172366,-471099426.8373836,471163901.856518,39.97020950119198,60.0,florida,2070,2010,8,gas_cc_wo_ccs,400.0,-0.00398993418629034,3.48612007746934,1342947.1645,-701565.2005
5,0.272,0.0,0.0,0.0,0.18744,0.02067,4.12527,953088.0000000001,5923.6,10858410,74751.88110604795,60.0,7,355.62373792172366,-471089149.97541195,471163901.856518,39.97020950119198,60.0,florida,2070,2010,8,gas_cc_wo_ccs,400.0,-0.00398993418629034,3.48612007746934,1095947.1645,-703565.2005
5,0.272,0.0,0.0,0.0,0.18744,0.02067,4.12527,953088.0000000001,5923.6,10867790,87059.90244561176,60.0,7,355.62373792172366,-471076841.95407236,471163901.856518,39.97020950119198,60.0,florida,2070,2010,8,gas_cc_wo_ccs,400.0,-0.00398993418629034,3.48612007746934,1089947.1645,-705565.2005
5,0.272,0.0,0.0,0.0,0.18744,0.02067,4.12527,953088.0000000001,5923.6,10910055,78872.47949917284,60.0,7,355.62373792172366,-471085029.3770188,471163901.856518,39.97020950119198,60.0,florida,2070,2010,8,gas_cc_wo_ccs,400.0,-0.00398993418629034,3.48612007746934,1117947.1645,-714565.2005
5,0.272,0.0,0.0,0.0,0.18744,0.02067,4.12527,953088.0000000001,5923.6,10957105,87059.90244561176,60.0,7,355.62373792172366,-471076841.95407236,471163901.856518,39.97020950119198,60.0,florida,2070,2010,8,gas_cc_wo_ccs,400.0,-0.00398993418629034,3.48612007746934,1237947.1645,-724565.2005
5,0.272,0.0,0.0,0.0,0.18744,0.02067,4.12527,953088.0000000001,5923.6,11036837,38934.37199657762,60.0,7,355.62373792172366,-471124967.4845214,471163901.856518,39.97020950119198,60.0,florida,2070,2010,8,gas_cc_wo_ccs,400.0,-0.00398993418629034,3.48612007746934,1188947.1645,-741565.2005
5,0.272,0.0,0.0,0.0,0.18744,0.02067,4.12527,953088.0000000001,5923.6,11182396,87059.90244561176,60.0,7,355.62373792172366,-471076841.95407236,471163901.856518,39.97020950119198,60.0,florida,2070,2010,8,gas_cc_wo_ccs,400.0,-0.00398993418629034,3.48612007746934,1264947.1645,-772565.2005
5,0.272,0.0,0.0,0.0,0.18744,0.02067,4.12527,953088.0000000001,5923.6,11201269,38934.37199657762,60.0,7,355.62373792172366,-471124967.4845214,471163901.856518,39.97020950119198,60.0,florida,2070,2010,8,gas_cc_wo_ccs,400.0,-0.00398993418629034,3.48612007746934,1365947.1645,-776565.2005
5,0.272,0.0,0.0,0.0,0.18744,0.02067,4.12527,953088.0000000001,5923.6,11308874,89587.97914961242,60.0,7,355.62373792172366,-471074313.87736833,471163901.856518,39.97020950119198,60.0,florida,2070,2010,8,gas_cc_wo_ccs,400.0,-0.00398993418629034,3.48612007746934,1031947.1645,-799565.2005
5,0.272,0.0,0.0,0.0,0.18744,0.02067,4.12527,953088.0000000001,5923.6,11341965,89587.97914961242,60.0,7,355.62373792172366,-471074313.87736833,471163901.856518,39.97020950119198,60.0,florida,2070,2010,8,gas_cc_wo_ccs,400.0,-0.00398993418629034,3.48612007746934,1271947.1645,-806565.2005
5,0.272,0.0,0.0,0.0,0.18744,0.02067,4.12527,953088.0000000001,5923.6,11426446,101307.21430606961,60.0,7,355.62373792172366,-471062594.6422119,471163901.856518,39.97020950119198,60.0,florida,2070,2010,8,gas_cc_wo_ccs,400.0,-0.00398993418629034,3.48612007746934,1278947.1645,-824565.2005
5,0.41,0.0,0.0,0.0,0.18744,0.02067,4.12527,1436640.0,7337.6,10830380,0.0,60.0,7,315.2475502785636,-605746281.7097965,605746281.7097965,52.01903465357184,60.0,florida,2070,2010,9,gas_cc_w_ccs,400.0,-0.00398993418629034,7.00451904454487,1223947.1645,-697565.2005
5,0.41,0.0,0.0,0.0,0.18744,0.02067,4.12527,1436640.0,7337.6,10853742,0.0,60.0,7,315.2475502785636,-605746281.7097965,605746281.7097965,52.01903465357184,60.0,florida,2070,2010,9,gas_cc_w_ccs,400.0,-0.00398993418629034,7.00451904454487,1120947.1645,-702565.2005
5,0.41,0.0,0.0,0.0,0.18744,0.02067,4.12527,1436640.0,7337.6,10867925,0.0,60.0,7,315.2475502785636,-605746281.7097965,605746281.7097965,52.01903465357184,60.0,florida,2070,2010,9,gas_cc_w_ccs,400.0,-0.00398993418629034,7.00451904454487,1224947.1645,-705565.2005
5,0.41,0.0,0.0,0.0,0.18744,0.02067,4.12527,1436640.0,7337.6,10877428,0.0,60.0,7,315.2475502785636,-605746281.7097965,605746281.7097965,52.01903465357184,60.0,florida,2070,2010,9,gas_cc_w_ccs,400.0,-0.00398993418629034,7.00451904454487,1341947.1645,-707565.2005
5,0.41,0.0,0.0,0.0,0.18744,0.02067,4.12527,1436640.0,7337.6,10891523,38934.37199657762,60.0,7,315.2475502785636,-605707347.3378,605746281.7097965,52.01903465357184,60.0,florida,2070,2010,9,gas_cc_w_ccs,400.0,-0.00398993418629034,7.00451904454487,1357947.1645,-710565.2005
5,0.41,0.0,0.0,0.0,0.18744,0.02067,4.12527,1436640.0,7337.6,10910042,35817.509109470324,60.0,7,315.2475502785636,-605710464.200687,605746281.7097965,52.01903465357184,60.0,florida,2070,2010,9,gas_cc_w_ccs,400.0,-0.00398993418629034,7.00451904454487,1104947.1645,-714565.2005
5,0.41,0.0,0.0,0.0,0.18744,0.02067,4.12527,1436640.0,7337.6,10924127,0.0,60.0,7,315.2475502785636,-605746281.7097965,605746281.7097965,52.01903465357184,60.0,florida,2070,2010,9,gas_cc_w_ccs,400.0,-0.00398993418629034,7.00451904454487,1110947.1645,-717565.2005
5,0.41,0.0,0.0,0.0,0.18744,0.02067,4.12527,1436640.0,7337.6,10938241,0.0,60.0,7,315.2475502785636,-605746281.7097965,605746281.7097965,52.01903465357184,60.0,florida,2070,2010,9,gas_cc_w_ccs,400.0,-0.00398993418629034,7.00451904454487,1145947.1645,-720565.2005
5,0.41,0.0,0.0,0.0,0.18744,0.02067,4.12527,1436640.0,7337.6,10966377,38934.37199657762,60.0,7,315.2475502785636,-605707347.3378,605746281.7097965,52.01903465357184,60.0,florida,2070,2010,9,gas_cc_w_ccs,400.0,-0.00398993418629034,7.00451904454487,1123947.1645,-726565.2005
5,0.41,0.0,0.0,0.0,0.18744,0.02067,4.12527,1436640.0,7337.6,11079182,38934.37199657762,60.0,7,315.2475502785636,-605707347.3378,605746281.7097965,52.01903465357184,60.0,florida,2070,2010,9,gas_cc_w_ccs,400.0,-0.00398993418629034,7.00451904454487,1296947.1645,-750565.2005
5,0.41,0.0,0.0,0.0,0.18744,0.02067,4.12527,1436640.0,7337.6,11088601,38934.37199657762,60.0,7,315.2475502785636,-605707347.3378,605746281.7097965,52.01903465357184,60.0,florida,2070,2010,9,gas_cc_w_ccs,400.0,-0.00398993418629034,7.00451904454487,1329947.1645,-752565.2005
5,0.41,0.0,0.0,0.0,0.18744,0.02067,4.12527,1436640.0,7337.6,11144946,0.0,60.0,7,315.2475502785636,-605746281.7097965,605746281.7097965,52.01903465357184,60.0,florida,2070,2010,9,gas_cc_w_ccs,400.0,-0.00398993418629034,7.00451904454487,1358947.1645,-764565.2005
5,0.41,0.0,0.0,0.0,0.18744,0.02067,4.12527,1436640.0,7337.6,11168362,0.0,60.0,7,315.2475502785636,-605746281.7097965,605746281.7097965,52.01903465357184,60.0,florida,2070,2010,9,gas_cc_w_ccs,400.0,-0.00398993418629034,7.00451904454487,1309947.1645,-769565.2005
5,0.41,0.0,0.0,0.0,0.18744,0.02067,4.12527,1436640.0,7337.6,11252812,35817.509109470324,60.0,7,315.2475502785636,-605710464.200687,605746281.7097965,52.01903465357184,60.0,florida,2070,2010,9,gas_cc_w_ccs,400.0,-0.00398993418629034,7.00451904454487,1285947.1645,-787565.2005
5,0.41,0.0,0.0,0.0,0.18744,0.02067,4.12527,1436640.0,7337.6,11341984,0.0,60.0,7,315.2475502785636,-605746281.7097965,605746281.7097965,52.01903465357184,60.0,florida,2070,2010,9,gas_cc_w_ccs,400.0,-0.00398993418629034,7.00451904454487,1290947.1645,-806565.2005
5,0.41,0.0,0.0,0.0,0.18744,0.02067,4.12527,1436640.0,7337.6,11421805,0.0,60.0,7,315.2475502785636,-605746281.7097965,605746281.7097965,52.01903465357184,60.0,florida,2070,2010,9,gas_cc_w_ccs,400.0,-0.00398993418629034,7.00451904454487,1330947.1645,-823565.2005
5,0.41,0.0,0.0,0.0,0.18744,0.02067,4.12527,1436640.0,7337.6,11431212,35817.509109470324,60.0,7,315.2475502785636,-605710464.200687,605746281.7097965,52.01903465357184,60.0,florida,2070,2010,9,gas_cc_w_ccs,400.0,-0.00398993418629034,7.00451904454487,1351947.1645,-825565.2005
5,0.41,0.0,0.0,0.0,0.18744,0.02067,4.12527,1436640.0,7337.6,11492300,38934.37199657762,60.0,7,315.2475502785636,-605707347.3378,605746281.7097965,52.01903465357184,60.0,florida,2070,2010,9,gas_cc_w_ccs,400.0,-0.00398993418629034,7.00451904454487,1430947.1645,-838565.2005
5,0.41,0.0,0.0,0.0,0.18744,0.02067,4.12527,1436640.0,7337.6,11586049,35817.509109470324,60.0,7,315.2475502785636,-605710464.200687,605746281.7097965,52.01903465357184,60.0,florida,2070,2010,9,gas_cc_w_ccs,400.0,-0.00398993418629034,7.00451904454487,1319947.1645,-858565.2005
5,0.41,0.0,0.0,0.0,0.18744,0.02067,4.12527,1436640.0,7337.6,11586132,35817.509109470324,60.0,7,315.2475502785636,-605710464.200687,605746281.7097965,52.01903465357184,60.0,florida,2070,2010,9,gas_cc_w_ccs,400.0,-0.00398993418629034,7.00451904454487,1402947.1645,-858565.2005
5,0.41,0.0,0.0,0.0,0.18744,0.02067,4.12527,1436640.0,7337.6,11586161,38934.37199657762,60.0,7,315.2475502785636,-605707347.3378,605746281.7097965,52.01903465357184,60.0,florida,2070,2010,9,gas_cc_w_ccs,400.0,-0.00398993418629034,7.00451904454487,1431947.1645,-858565.2005
5,0.41,0.0,0.0,0.0,0.18744,0.02067,4.12527,1436640.0,7337.6,11595466,0.0,60.0,7,315.2475502785636,-605746281.7097965,605746281.7097965,52.01903465357184,60.0,florida,2070,2010,9,gas_cc_w_ccs,400.0,-0.00398993418629034,7.00451904454487,1350947.1645,-860565.2005
5,0.41,0.0,0.0,0.0,0.18744,0.02067,4.12527,1436640.0,7337.6,11604893,0.0,60.0,7,315.2475502785636,-605746281.7097965,605746281.7097965,52.01903465357184,60.0,florida,2070,2010,9,gas_cc_w_ccs,400.0,-0.00398993418629034,7.00451904454487,1391947.1645,-862565.2005
5,0.41,0.0,0.0,0.0,0.18744,0.02067,4.12527,1436640.0,7337.6,11618987,35817.509109470324,60.0,7,315.2475502785636,-605710464.200687,605746281.7097965,52.01903465357184,60.0,florida,2070,2010,9,gas_cc_w_ccs,400.0,-0.00398993418629034,7.00451904454487,1406947.1645,-865565.2005
5,0.41,0.0,0.0,0.0,0.18744,0.02067,4.12527,1436640.0,7337.6,11675204,38934.37199657762,60.0,7,315.2475502785636,-605707347.3378,605746281.7097965,52.01903465357184,60.0,florida,2070,2010,9,gas_cc_w_ccs,400.0,-0.00398993418629034,7.00451904454487,1307947.1645,-877565.2005
5,0.41,0.0,0.0,0.0,0.18744,0.02067,4.12527,1436640.0,7337.6,11755168,38934.37199657762,60.0,7,315.2475502785636,-605707347.3378,605746281.7097965,52.01903465357184,60.0,florida,2070,2010,9,gas_cc_w_ccs,400.0,-0.00398993418629034,7.00451904454487,1490947.1645,-894565.2005
5,0.41,0.0,0.0,0.0,0.18744,0.02067,4.12527,1436640.0,7337.6,11783262,0.0,60.0,7,315.2475502785636,-605746281.7097965,605746281.7097965,52.01903465357184,60.0,florida,2070,2010,9,gas_cc_w_ccs,400.0,-0.00398993418629034,7.00451904454487,1426947.1645,-900565.2005
5,0.41,0.0,0.0,0.0,0.18744,0.02067,4.12527,1436640.0,7337.6,11802017,0.0,60.0,7,315.2475502785636,-605746281.7097965,605746281.7097965,52.01903465357184,60.0,florida,2070,2010,9,gas_cc_w_ccs,400.0,-0.00398993418629034,7.00451904454487,1409947.1645,-904565.2005
5,0.41,0.0,0.0,0.0,0.18744,0.02067,4.12527,1436640.0,7337.6,11844260,35817.509109470324,60.0,7,315.2475502785636,-605710464.200687,605746281.7097965,52.01903465357184,60.0,florida,2070,2010,9,gas_cc_w_ccs,400.0,-0.00398993418629034,7.00451904454487,1415947.1645,-913565.2005
5,0.41,0.0,0.0,0.0,0.18744,0.02067,4.12527,1436640.0,7337.6,11877113,0.0,60.0,7,315.2475502785636,-605746281.7097965,605746281.7097965,52.01903465357184,60.0,florida,2070,2010,9,gas_cc_w_ccs,400.0,-0.00398993418629034,7.00451904454487,1417947.1645,-920565.2005
5,0.41,0.0,0.0,0.0,0.18744,0.02067,4.12527,1436640.0,7337.6,11919340,35817.509109470324,60.0,7,315.2475502785636,-605710464.200687,605746281.7097965,52.01903465357184,60.0,florida,2070,2010,9,gas_cc_w_ccs,400.0,-0.00398993418629034,7.00451904454487,1407947.1645,-929565.2005
5,0.41,0.0,0.0,0.0,0.18744,0.02067,4.12527,1436640.0,7337.6,11956867,0.0,60.0,7,315.2475502785636,-605746281.7097965,605746281.7097965,52.01903465357184,60.0,florida,2070,2010,9,gas_cc_w_ccs,400.0,-0.00398993418629034,7.00451904454487,1390947.1645,-937565.2005
5,0.41,0.0,0.0,0.0,0.18744,0.02067,4.12527,1436640.0,7337.6,11999088,35817.509109470324,60.0,7,315.2475502785636,-605710464.200687,605746281.7097965,52.01903465357184,60.0,florida,2070,2010,9,gas_cc_w_ccs,400.0,-0.00398993418629034,7.00451904454487,1374947.1645,-946565.2005
5,0.41,0.0,0.0,0.0,0.18744,0.02067,4.12527,1436640.0,7337.6,12008482,35817.509109470324,60.0,7,315.2475502785636,-605710464.200687,605746281.7097965,52.01903465357184,60.0,florida,2070,2010,9,gas_cc_w_ccs,400.0,-0.00398993418629034,7.00451904454487,1382947.1645,-948565.2005
5,0.41,0.0,0.0,0.0,0.18744,0.02067,4.12527,1436640.0,7337.6,12013186,35817.509109470324,60.0,7,315.2475502785636,-605710464.200687,605746281.7097965,52.01903465357184,60.0,florida,2070,2010,9,gas_cc_w_ccs,400.0,-0.00398993418629034,7.00451904454487,1393947.1645,-949565.2005
5,0.41,0.0,0.0,0.0,0.18744,0.02067,4.12527,1436640.0,7337.6,12017903,35817.509109470324,60.0,7,315.2475502785636,-605710464.200687,605746281.7097965,52.01903465357184,60.0,florida,2070,2010,9,gas_cc_w_ccs,400.0,-0.00398993418629034,7.00451904454487,1417947.1645,-950565.2005
5,0.41,0.0,0.0,0.0,0.18744,0.02067,4.12527,1436640.0,7337.6,12031941,0.0,60.0,7,315.2475502785636,-605746281.7097965,605746281.7097965,52.01903465357184,60.0,florida,2070,2010,9,gas_cc_w_ccs,400.0,-0.00398993418629034,7.00451904454487,1376947.1645,-953565.2005
5,0.41,0.0,0.0,0.0,0.18744,0.02067,4.12527,1436640.0,7337.6,12036660,35817.509109470324,60.0,7,315.2475502785636,-605710464.200687,605746281.7097965,52.01903465357184,60.0,florida,2070,2010,9,gas_cc_w_ccs,400.0,-0.00398993418629034,7.00451904454487,1402947.1645,-954565.2005
5,0.41,0.0,0.0,0.0,0.18744,0.02067,4.12527,1436640.0,7337.6,12041295,0.0,60.0,7,315.2475502785636,-605746281.7097965,605746281.7097965,52.01903465357184,60.0,florida,2070,2010,9,gas_cc_w_ccs,400.0,-0.00398993418629034,7.00451904454487,1344947.1645,-955565.2005
5,0.41,0.0,0.0,0.0,0.18744,0.02067,4.12527,1436640.0,7337.6,12050759,35817.509109470324,60.0,7,315.2475502785636,-605710464.200687,605746281.7097965,52.01903465357184,60.0,florida,2070,2010,9,gas_cc_w_ccs,400.0,-0.00398993418629034,7.00451904454487,1422947.1645,-957565.2005
5,0.41,0.0,0.0,0.0,0.18744,0.02067,4.12527,1436640.0,7337.6,12064727,0.0,60.0,7,315.2475502785636,-605746281.7097965,605746281.7097965,52.01903465357184,60.0,florida,2070,2010,9,gas_cc_w_ccs,400.0,-0.00398993418629034,7.00451904454487,1311947.1645,-960565.2005
5,0.41,0.0,0.0,0.0,0.18744,0.02067,4.12527,1436640.0,7337.6,12069540,35817.509109470324,60.0,7,315.2475502785636,-605710464.200687,605746281.7097965,52.01903465357184,60.0,florida,2070,2010,9,gas_cc_w_ccs,400.0,-0.00398993418629034,7.00451904454487,1431947.1645,-961565.2005
5,0.41,0.0,0.0,0.0,0.18744,0.02067,4.12527,1436640.0,7337.6,12092917,0.0,60.0,7,315.2475502785636,-605746281.7097965,605746281.7097965,52.01903465357184,60.0,florida,2070,2010,9,gas_cc_w_ccs,400.0,-0.00398993418629034,7.00451904454487,1343947.1645,-966565.2005
5,0.41,0.0,0.0,0.0,0.18744,0.02067,4.12527,1436640.0,7337.6,12102385,0.0,60.0,7,315.2475502785636,-605746281.7097965,605746281.7097965,52.01903465357184,60.0,florida,2070,2010,9,gas_cc_w_ccs,400.0,-0.00398993418629034,7.00451904454487,1425947.1645,-968565.2005
5,0.41,0.0,0.0,0.0,0.18744,0.02067,4.12527,1436640.0,7337.6,12125821,0.0,60.0,7,315.2475502785636,-605746281.7097965,605746281.7097965,52.01903465357184,60.0,florida,2070,2010,9,gas_cc_w_ccs,400.0,-0.00398993418629034,7.00451904454487,1396947.1645,-973565.2005
5,0.41,0.0,0.0,0.0,0.18744,0.02067,4.12527,1436640.0,7337.6,12135185,35817.509109470324,60.0,7,315.2475502785636,-605710464.200687,605746281.7097965,52.01903465357184,60.0,florida,2070,2010,9,gas_cc_w_ccs,400.0,-0.00398993418629034,7.00451904454487,1374947.1645,-975565.2005
5,0.41,0.0,0.0,0.0,0.18744,0.02067,4.12527,1436640.0,7337.6,12163367,0.0,60.0,7,315.2475502785636,-605746281.7097965,605746281.7097965,52.01903465357184,60.0,florida,2070,2010,9,gas_cc_w_ccs,400.0,-0.00398993418629034,7.00451904454487,1398947.1645,-981565.2005
5,0.41,0.0,0.0,0.0,0.18744,0.02067,4.12527,1436640.0,7337.6,12219682,35817.509109470324,60.0,7,315.2475502785636,-605710464.200687,605746281.7097965,52.01903465357184,60.0,florida,2070,2010,9,gas_cc_w_ccs,400.0,-0.00398993418629034,7.00451904454487,1397947.1645,-993565.2005
5,0.41,0.0,0.0,0.0,0.18744,0.02067,4.12527,1436640.0,7337.6,12233751,0.0,60.0,7,315.2475502785636,-605746281.7097965,605746281.7097965,52.01903465357184,60.0,florida,2070,2010,9,gas_cc_w_ccs,400.0,-0.00398993418629034,7.00451904454487,1387947.1645,-996565.2005
5,0.41,0.0,0.0,0.0,0.18744,0.02067,4.12527,1436640.0,7337.6,12243115,0.0,60.0,7,315.2475502785636,-605746281.7097965,605746281.7097965,52.01903465357184,60.0,florida,2070,2010,9,gas_cc_w_ccs,400.0,-0.00398993418629034,7.00451904454487,1365947.1645,-998565.2005
5,0.41,0.0,0.0,0.0,0.18744,0.02067,4.12527,1436640.0,7337.6,12351198,0.0,60.0,7,315.2475502785636,-605746281.7097965,605746281.7097965,52.01903465357184,60.0,florida,2070,2010,9,gas_cc_w_ccs,400.0,-0.00398993418629034,7.00451904454487,1509947.1645,-1021565.2005
5,0.41,0.0,0.0,0.0,0.18744,0.02067,4.12527,1436640.0,7337.6,12388795,38934.37199657762,60.0,7,315.2475502785636,-605707347.3378,605746281.7097965,52.01903465357184,60.0,florida,2070,2010,9,gas_cc_w_ccs,400.0,-0.00398993418629034,7.00451904454487,1562947.1645,-1029565.2005
5,0.41,0.0,0.0,0.0,0.18744,0.02067,4.12527,1436640.0,7337.6,12407459,0.0,60.0,7,315.2475502785636,-605746281.7097965,605746281.7097965,52.01903465357184,60.0,florida,2070,2010,9,gas_cc_w_ccs,400.0,-0.00398993418629034,7.00451904454487,1454947.1645,-1033565.2005
5,0.41,0.0,0.0,0.0,0.18744,0.02067,4.12527,1436640.0,7337.6,12430891,35817.509109470324,60.0,7,315.2475502785636,-605710464.200687,605746281.7097965,52.01903465357184,60.0,florida,2070,2010,9,gas_cc_w_ccs,400.0,-0.00398993418629034,7.00451904454487,1421947.1645,-1038565.2005
5,0.41,0.0,0.0,0.0,0.18744,0.02067,4.12527,1436640.0,7337.6,12487341,35817.509109470324,60.0,7,315.2475502785636,-605710464.200687,605746281.7097965,52.01903465357184,60.0,florida,2070,2010,9,gas_cc_w_ccs,400.0,-0.00398993418629034,7.00451904454487,1555947.1645,-1050565.2005
5,0.41,0.0,0.0,0.0,0.18744,0.02067,4.12527,1436640.0,7337.6,12538989,0.0,60.0,7,315.2475502785636,-605746281.7097965,605746281.7097965,52.01903465357184,60.0,florida,2070,2010,9,gas_cc_w_ccs,400.0,-0.00398993418629034,7.00451904454487,1580947.1645,-1061565.2005
5,0.41,0.0,0.0,0.0,0.18744,0.02067,4.12527,1436640.0,7337.6,12590590,0.0,60.0,7,315.2475502785636,-605746281.7097965,605746281.7097965,52.01903465357184,60.0,florida,2070,2010,9,gas_cc_w_ccs,400.0,-0.00398993418629034,7.00451904454487,1558947.1645,-1072565.2005
5,0.41,0.0,0.0,0.0,0.18744,0.02067,4.12527,1436640.0,7337.6,12590613,0.0,60.0,7,315.2475502785636,-605746281.7097965,605746281.7097965,52.01903465357184,60.0,florida,2070,2010,9,gas_cc_w_ccs,400.0,-0.00398993418629034,7.00451904454487,1581947.1645,-1072565.2005
5,0.9,0.0,0.0,0.0,0.0,0.04639,0.71281,10643400.0,10246.2,11271569,0.0,60.0,7,191.2282434387711,-5573219947.957738,5573219947.957738,23.034078534539436,60.0,florida,2070,2010,13,nuclear_gen_ii,1350.0,-0.00104311614063357,2.19496449322143,1270947.1645,-791565.2005
5,0.9,0.0,0.0,0.0,0.0,0.04639,0.71281,10643400.0,10246.2,11285619,0.0,60.0,7,191.2282434387711,-5573219947.957738,5573219947.957738,23.034078534539436,60.0,florida,2070,2010,13,nuclear_gen_ii,1350.0,-0.00104311614063357,2.19496449322143,1241947.1645,-794565.2005
5,0.115,0.0,0.0,0.0,0.25872,0.62952,14.83141,402960.0,9399.4,10867782,0.0,60.0,7,465.1187632076521,-5.52302437513687e+18,5.52302437513687e+18,5866286794497.894,60.0,florida,2070,2010,15,oil_ct_wo_ccs,400.0,-0.00398993418629034,10.0064557779212,1081947.1645,-705565.2005
5,0.115,0.0,0.0,0.0,0.25872,0.62952,14.83141,402960.0,9399.4,10877248,0.0,60.0,7,465.1187632076521,-5.52302437513687e+18,5.52302437513687e+18,5866286794497.894,60.0,florida,2070,2010,15,oil_ct_wo_ccs,400.0,-0.00398993418629034,10.0064557779212,1161947.1645,-707565.2005
5,0.115,0.0,0.0,0.0,0.25872,0.62952,14.83141,402960.0,9399.4,10914901,0.0,60.0,7,465.1187632076521,-5.52302437513687e+18,5.52302437513687e+18,5866286794497.894,60.0,florida,2070,2010,15,oil_ct_wo_ccs,400.0,-0.00398993418629034,10.0064557779212,1270947.1645,-715565.2005
5,0.115,0.0,0.0,0.0,0.25872,0.62952,14.83141,402960.0,9399.4,10985408,0.0,60.0,7,465.1187632076521,-5.52302437513687e+18,5.52302437513687e+18,5866286794497.894,60.0,florida,2070,2010,15,oil_ct_wo_ccs,400.0,-0.00398993418629034,10.0064557779212,1382947.1645,-730565.2005
5,0.115,0.0,0.0,0.0,0.25872,0.62952,14.83141,402960.0,9399.4,11229446,0.0,60.0,7,465.1187632076521,-5.52302437513687e+18,5.52302437513687e+18,5866286794497.894,60.0,florida,2070,2010,15,oil_ct_wo_ccs,400.0,-0.00398993418629034,10.0064557779212,1384947.1645,-782565.2005
5,0.115,0.0,0.0,0.0,0.25872,0.62952,14.83141,402960.0,9399.4,11309284,0.0,60.0,7,465.1187632076521,-5.52302437513687e+18,5.52302437513687e+18,5866286794497.894,60.0,florida,2070,2010,15,oil_ct_wo_ccs,400.0,-0.00398993418629034,10.0064557779212,1441947.1645,-799565.2005
5,0.115,0.0,0.0,0.0,0.25872,0.62952,14.83141,402960.0,9399.4,11694107,0.0,60.0,7,465.1187632076521,-5.52302437513687e+18,5.52302437513687e+18,5866286794497.894,60.0,florida,2070,2010,15,oil_ct_wo_ccs,400.0,-0.00398993418629034,10.0064557779212,1438947.1645,-881565.2005
5,0.115,0.0,0.0,0.0,0.25872,0.62952,14.83141,402960.0,9399.4,11712885,0.0,60.0,7,465.1187632076521,-5.52302437513687e+18,5.52302437513687e+18,5866286794497.894,60.0,florida,2070,2010,15,oil_ct_wo_ccs,400.0,-0.00398993418629034,10.0064557779212,1444947.1645,-885565.2005
5,0.115,0.0,0.0,0.0,0.25872,0.62952,14.83141,402960.0,9399.4,11712925,0.0,60.0,7,465.1187632076521,-5.52302437513687e+18,5.52302437513687e+18,5866286794497.894,60.0,florida,2070,2010,15,oil_ct_wo_ccs,400.0,-0.00398993418629034,10.0064557779212,1484947.1645,-885565.2005
5,0.115,0.0,0.0,0.0,0.25872,0.62952,14.83141,402960.0,9399.4,11773925,0.0,60.0,7,465.1187632076521,-5.52302437513687e+18,5.52302437513687e+18,5866286794497.894,60.0,florida,2070,2010,15,oil_ct_wo_ccs,400.0,-0.00398993418629034,10.0064557779212,1475947.1645,-898565.2005
5,0.115,0.0,0.0,0.0,0.25872,0.62952,14.83141,402960.0,9399.4,11778468,0.0,60.0,7,465.1187632076521,-5.52302437513687e+18,5.52302437513687e+18,5866286794497.894,60.0,florida,2070,2010,15,oil_ct_wo_ccs,400.0,-0.00398993418629034,10.0064557779212,1325947.1645,-899565.2005
5,0.115,0.0,0.0,0.0,0.25872,0.62952,14.83141,402960.0,9399.4,11867713,0.0,60.0,7,465.1187632076521,-5.52302437513687e+18,5.52302437513687e+18,5866286794497.894,60.0,florida,2070,2010,15,oil_ct_wo_ccs,400.0,-0.00398993418629034,10.0064557779212,1403947.1645,-918565.2005
5,0.115,0.0,0.0,0.0,0.25872,0.62952,14.83141,402960.0,9399.4,11933318,0.0,60.0,7,465.1187632076521,-5.52302437513687e+18,5.52302437513687e+18,5866286794497.894,60.0,florida,2070,2010,15,oil_ct_wo_ccs,400.0,-0.00398993418629034,10.0064557779212,1306947.1645,-932565.2005
5,0.115,0.0,0.0,0.0,0.25872,0.62952,14.83141,402960.0,9399.4,12003733,0.0,60.0,7,465.1187632076521,-5.52302437513687e+18,5.52302437513687e+18,5866286794497.894,60.0,florida,2070,2010,15,oil_ct_wo_ccs,400.0,-0.00398993418629034,10.0064557779212,1326947.1645,-947565.2005
5,0.115,0.0,0.0,0.0,0.25872,0.62952,14.83141,402960.0,9399.4,12036786,0.0,60.0,7,465.1187632076521,-5.52302437513687e+18,5.52302437513687e+18,5866286794497.894,60.0,florida,2070,2010,15,oil_ct_wo_ccs,400.0,-0.00398993418629034,10.0064557779212,1528947.1645,-954565.2005
5,0.115,0.0,0.0,0.0,0.25872,0.62952,14.83141,402960.0,9399.4,12050707,0.0,60.0,7,465.1187632076521,-5.52302437513687e+18,5.52302437513687e+18,5866286794497.894,60.0,florida,2070,2010,15,oil_ct_wo_ccs,400.0,-0.00398993418629034,10.0064557779212,1370947.1645,-957565.2005
5,0.115,0.0,0.0,0.0,0.25872,0.62952,14.83141,402960.0,9399.4,12078894,0.0,60.0,7,465.1187632076521,-5.52302437513687e+18,5.52302437513687e+18,5866286794497.894,60.0,florida,2070,2010,15,oil_ct_wo_ccs,400.0,-0.00398993418629034,10.0064557779212,1399947.1645,-963565.2005
5,0.115,0.0,0.0,0.0,0.25872,0.62952,14.83141,402960.0,9399.4,12083514,0.0,60.0,7,465.1187632076521,-5.52302437513687e+18,5.52302437513687e+18,5866286794497.894,60.0,florida,2070,2010,15,oil_ct_wo_ccs,400.0,-0.00398993418629034,10.0064557779212,1326947.1645,-964565.2005
5,0.115,0.0,0.0,0.0,0.25872,0.62952,14.83141,402960.0,9399.4,12214900,0.0,60.0,7,465.1187632076521,-5.52302437513687e+18,5.52302437513687e+18,5866286794497.894,60.0,florida,2070,2010,15,oil_ct_wo_ccs,400.0,-0.00398993418629034,10.0064557779212,1308947.1645,-992565.2005
5,0.115,0.0,0.0,0.0,0.25872,0.62952,14.83141,402960.0,9399.4,12294929,0.0,60.0,7,465.1187632076521,-5.52302437513687e+18,5.52302437513687e+18,5866286794497.894,60.0,florida,2070,2010,15,oil_ct_wo_ccs,400.0,-0.00398993418629034,10.0064557779212,1556947.1645,-1009565.2005
5,0.115,0.0,0.0,0.0,0.25872,0.62952,14.83141,402960.0,9399.4,12538997,0.0,60.0,7,465.1187632076521,-5.52302437513687e+18,5.52302437513687e+18,5866286794497.894,60.0,florida,2070,2010,15,oil_ct_wo_ccs,400.0,-0.00398993418629034,10.0064557779212,1588947.1645,-1061565.2005
5,0.115,0.0,0.0,0.0,0.25872,0.62952,14.83141,402960.0,9399.4,12895644,0.0,60.0,7,465.1187632076521,-5.52302437513687e+18,5.52302437513687e+18,5866286794497.894,60.0,florida,2070,2010,15,oil_ct_wo_ccs,400.0,-0.00398993418629034,10.0064557779212,1567947.1645,-1137565.2005
5,0.115,0.0,0.0,0.0,0.25872,0.62952,14.83141,402960.0,9399.4,12984832,0.0,60.0,7,465.1187632076521,-5.52302437513687e+18,5.52302437513687e+18,5866286794497.894,60.0,florida,2070,2010,15,oil_ct_wo_ccs,400.0,-0.00398993418629034,10.0064557779212,1588947.1645,-1156565.2005
5,0.115,0.0,0.0,0.0,0.25872,0.62952,14.83141,402960.0,9399.4,13097453,0.0,60.0,7,465.1187632076521,-5.52302437513687e+18,5.52302437513687e+18,5866286794497.894,60.0,florida,2070,2010,15,oil_ct_wo_ccs,400.0,-0.00398993418629034,10.0064557779212,1577947.1645,-1180565.2005
5,0.219,0.0,0.0,0.0,0.0,0.0,0.0,153475.19999999998,3412.0,12890807,0.0,30.0,7,379.52445791283725,-58247592.08306422,58247592.08306422,0.0,30.0,florida,2040,2010,17,solar_pv_non_dist,80.0,1.0,0.0,1423947.1645,-1136565.2005
5,0.733,0.0,0.0,0.0,0.36036,0.09122,2.39413,3852648.0,8594.5,8737232,0.0,60.0,36,157.4457370000432,-6680338373.137944,6680338373.137944,264.9743317533887,60.0,georgia,2070,2010,4,coal_conv_pul_wo_ccs,600.0,-0.00398993418629034,4.0025823111685,1153947.1645,-251565.20050000004
5,0.733,0.0,0.0,0.0,0.36036,0.09122,2.39413,3852648.0,8594.5,8915547,0.0,60.0,36,157.4457370000432,-6680338373.137944,6680338373.137944,264.9743317533887,60.0,georgia,2070,2010,4,coal_conv_pul_wo_ccs,600.0,-0.00398993418629034,4.0025823111685,1134947.1645,-289565.20050000004
5,0.733,0.0,0.0,0.0,0.36036,0.09122,2.39413,3852648.0,8594.5,9009423,0.0,60.0,36,157.4457370000432,-6680338373.137944,6680338373.137944,264.9743317533887,60.0,georgia,2070,2010,4,coal_conv_pul_wo_ccs,600.0,-0.00398993418629034,4.0025823111685,1150947.1645,-309565.20050000004
5,0.733,0.0,0.0,0.0,0.36036,0.09122,2.39413,3852648.0,8594.5,9253459,0.0,60.0,36,157.4457370000432,-6680338373.137944,6680338373.137944,264.9743317533887,60.0,georgia,2070,2010,4,coal_conv_pul_wo_ccs,600.0,-0.00398993418629034,4.0025823111685,1150947.1645,-361565.20050000004
5,0.733,0.0,0.0,0.0,0.36036,0.09122,2.39413,3852648.0,8594.5,9506910,0.0,60.0,36,157.4457370000432,-6680338373.137944,6680338373.137944,264.9743317533887,60.0,georgia,2070,2010,4,coal_conv_pul_wo_ccs,600.0,-0.00398993418629034,4.0025823111685,1179947.1645,-415565.20050000004
5,0.733,0.0,0.0,0.0,0.36036,0.09122,2.39413,3852648.0,8594.5,9530388,0.0,60.0,36,157.4457370000432,-6680338373.137944,6680338373.137944,264.9743317533887,60.0,georgia,2070,2010,4,coal_conv_pul_wo_ccs,600.0,-0.00398993418629034,4.0025823111685,1192947.1645,-420565.20050000004
5,0.733,0.0,0.0,0.0,0.36036,0.09122,2.39413,3852648.0,8594.5,9535108,0.0,60.0,36,157.4457370000432,-6680338373.137944,6680338373.137944,264.9743317533887,60.0,georgia,2070,2010,4,coal_conv_pul_wo_ccs,600.0,-0.00398993418629034,4.0025823111685,1219947.1645,-421565.20050000004
5,0.733,0.0,0.0,0.0,0.36036,0.09122,2.39413,3852648.0,8594.5,9750986,0.0,60.0,36,157.4457370000432,-6680338373.137944,6680338373.137944,264.9743317533887,60.0,georgia,2070,2010,4,coal_conv_pul_wo_ccs,600.0,-0.00398993418629034,4.0025823111685,1219947.1645,-467565.20050000004
5,0.733,0.0,0.0,0.0,0.36036,0.09122,2.39413,3852648.0,8594.5,9760476,0.0,60.0,36,157.4457370000432,-6680338373.137944,6680338373.137944,264.9743317533887,60.0,georgia,2070,2010,4,coal_conv_pul_wo_ccs,600.0,-0.00398993418629034,4.0025823111685,1323947.1645,-469565.20050000004
5,0.733,0.0,0.0,0.0,0.36036,0.09122,2.39413,3852648.0,8594.5,9765211,0.0,60.0,36,157.4457370000432,-6680338373.137944,6680338373.137944,264.9743317533887,60.0,georgia,2070,2010,4,coal_conv_pul_wo_ccs,600.0,-0.00398993418629034,4.0025823111685,1365947.1645,-470565.20050000004
5,0.733,0.0,0.0,0.0,0.36036,0.09122,2.39413,3852648.0,8594.5,9788526,0.0,60.0,36,157.4457370000432,-6680338373.137944,6680338373.137944,264.9743317533887,60.0,georgia,2070,2010,4,coal_conv_pul_wo_ccs,600.0,-0.00398993418629034,4.0025823111685,1215947.1645,-475565.20050000004
5,0.733,0.0,0.0,0.0,0.36036,0.09122,2.39413,3852648.0,8594.5,9933966,0.0,60.0,36,157.4457370000432,-6680338373.137944,6680338373.137944,264.9743317533887,60.0,georgia,2070,2010,4,coal_conv_pul_wo_ccs,600.0,-0.00398993418629034,4.0025823111685,1172947.1645,-506565.20050000004
5,0.733,0.0,0.0,0.0,0.36036,0.09122,2.39413,3852648.0,8594.5,10093455,0.0,60.0,36,157.4457370000432,-6680338373.137944,6680338373.137944,264.9743317533887,60.0,georgia,2070,2010,4,coal_conv_pul_wo_ccs,600.0,-0.00398993418629034,4.0025823111685,1099947.1645,-540565.2005
5,0.733,0.0,0.0,0.0,0.36036,0.09122,2.39413,3852648.0,8594.5,10196735,0.0,60.0,36,157.4457370000432,-6680338373.137944,6680338373.137944,264.9743317533887,60.0,georgia,2070,2010,4,coal_conv_pul_wo_ccs,600.0,-0.00398993418629034,4.0025823111685,1133947.1645,-562565.2005
5,0.733,0.0,0.0,0.0,0.36036,0.09122,2.39413,3852648.0,8594.5,10267197,0.0,60.0,36,157.4457370000432,-6680338373.137944,6680338373.137944,264.9743317533887,60.0,georgia,2070,2010,4,coal_conv_pul_wo_ccs,600.0,-0.00398993418629034,4.0025823111685,1200947.1645,-577565.2005
5,0.733,0.0,0.0,0.0,0.36036,0.09122,2.39413,3852648.0,8594.5,10271746,0.0,60.0,36,157.4457370000432,-6680338373.137944,6680338373.137944,264.9743317533887,60.0,georgia,2070,2010,4,coal_conv_pul_wo_ccs,600.0,-0.00398993418629034,4.0025823111685,1056947.1645,-578565.2005
5,0.733,0.0,0.0,0.0,0.36036,0.09122,2.39413,3852648.0,8594.5,10346924,0.0,60.0,36,157.4457370000432,-6680338373.137944,6680338373.137944,264.9743317533887,60.0,georgia,2070,2010,4,coal_conv_pul_wo_ccs,600.0,-0.00398993418629034,4.0025823111685,1146947.1645,-594565.2005
5,0.733,0.0,0.0,0.0,0.36036,0.09122,2.39413,3852648.0,8594.5,10595636,0.0,60.0,36,157.4457370000432,-6680338373.137944,6680338373.137944,264.9743317533887,60.0,georgia,2070,2010,4,coal_conv_pul_wo_ccs,600.0,-0.00398993418629034,4.0025823111685,1129947.1645,-647565.2005
5,0.733,0.0,0.0,0.0,0.36036,0.09122,2.39413,3852648.0,8594.5,10717687,0.0,60.0,36,157.4457370000432,-6680338373.137944,6680338373.137944,264.9743317533887,60.0,georgia,2070,2010,4,coal_conv_pul_wo_ccs,600.0,-0.00398993418629034,4.0025823111685,1162947.1645,-673565.2005
5,0.272,0.0,0.0,0.0,0.18744,0.02067,4.12527,953088.0000000001,5923.6,8878055,35817.509109470324,60.0,36,342.89499596113103,-452900316.9668621,452936134.4759716,39.97020950119198,60.0,georgia,2070,2010,8,gas_cc_wo_ccs,400.0,-0.00398993418629034,3.48612007746934,1186947.1645,-281565.20050000004
5,0.272,0.0,0.0,0.0,0.18744,0.02067,4.12527,953088.0000000001,5923.6,9140711,35817.509109470324,60.0,36,342.89499596113103,-452900316.9668621,452936134.4759716,39.97020950119198,60.0,georgia,2070,2010,8,gas_cc_wo_ccs,400.0,-0.00398993418629034,3.48612007746934,1034947.1645,-337565.20050000004
5,0.272,0.0,0.0,0.0,0.18744,0.02067,4.12527,953088.0000000001,5923.6,9168869,35817.509109470324,60.0,36,342.89499596113103,-452900316.9668621,452936134.4759716,39.97020950119198,60.0,georgia,2070,2010,8,gas_cc_wo_ccs,400.0,-0.00398993418629034,3.48612007746934,1034947.1645,-343565.20050000004
5,0.272,0.0,0.0,0.0,0.18744,0.02067,4.12527,953088.0000000001,5923.6,9229881,35817.509109470324,60.0,36,342.89499596113103,-452900316.9668621,452936134.4759716,39.97020950119198,60.0,georgia,2070,2010,8,gas_cc_wo_ccs,400.0,-0.00398993418629034,3.48612007746934,1037947.1645,-356565.20050000004
5,0.272,0.0,0.0,0.0,0.18744,0.02067,4.12527,953088.0000000001,5923.6,9375582,35817.509109470324,60.0,36,342.89499596113103,-452900316.9668621,452936134.4759716,39.97020950119198,60.0,georgia,2070,2010,8,gas_cc_wo_ccs,400.0,-0.00398993418629034,3.48612007746934,1255947.1645,-387565.20050000004
5,0.272,0.0,0.0,0.0,0.18744,0.02067,4.12527,953088.0000000001,5923.6,9441301,35817.509109470324,60.0,36,342.89499596113103,-452900316.9668621,452936134.4759716,39.97020950119198,60.0,georgia,2070,2010,8,gas_cc_wo_ccs,400.0,-0.00398993418629034,3.48612007746934,1272947.1645,-401565.20050000004
5,0.272,0.0,0.0,0.0,0.18744,0.02067,4.12527,953088.0000000001,5923.6,9807464,35817.509109470324,60.0,36,342.89499596113103,-452900316.9668621,452936134.4759716,39.97020950119198,60.0,georgia,2070,2010,8,gas_cc_wo_ccs,400.0,-0.00398993418629034,3.48612007746934,1381947.1645,-479565.20050000004
5,0.272,0.0,0.0,0.0,0.18744,0.02067,4.12527,953088.0000000001,5923.6,9873152,35817.509109470324,60.0,36,342.89499596113103,-452900316.9668621,452936134.4759716,39.97020950119198,60.0,georgia,2070,2010,8,gas_cc_wo_ccs,400.0,-0.00398993418629034,3.48612007746934,1367947.1645,-493565.20050000004
5,0.272,0.0,0.0,0.0,0.18744,0.02067,4.12527,953088.0000000001,5923.6,9882561,35817.509109470324,60.0,36,342.89499596113103,-452900316.9668621,452936134.4759716,39.97020950119198,60.0,georgia,2070,2010,8,gas_cc_wo_ccs,400.0,-0.00398993418629034,3.48612007746934,1390947.1645,-495565.20050000004
5,0.272,0.0,0.0,0.0,0.18744,0.02067,4.12527,953088.0000000001,5923.6,10637876,35817.509109470324,60.0,36,342.89499596113103,-452900316.9668621,452936134.4759716,39.97020950119198,60.0,georgia,2070,2010,8,gas_cc_wo_ccs,400.0,-0.00398993418629034,3.48612007746934,1132947.1645,-656565.2005
5,0.41,0.0,0.0,0.0,0.18744,0.02067,4.12527,1436640.0,7337.6,9042218,0.0,60.0,36,302.3305277437794,-577864189.123029,577864189.123029,52.01903465357184,60.0,georgia,2070,2010,9,gas_cc_w_ccs,400.0,-0.00398993418629034,7.00451904454487,1094947.1645,-316565.20050000004
5,0.41,0.0,0.0,0.0,0.18744,0.02067,4.12527,1436640.0,7337.6,9051655,0.0,60.0,36,302.3305277437794,-577864189.123029,577864189.123029,52.01903465357184,60.0,georgia,2070,2010,9,gas_cc_w_ccs,400.0,-0.00398993418629034,7.00451904454487,1145947.1645,-318565.20050000004
5,0.41,0.0,0.0,0.0,0.18744,0.02067,4.12527,1436640.0,7337.6,9140804,0.0,60.0,36,302.3305277437794,-577864189.123029,577864189.123029,52.01903465357184,60.0,georgia,2070,2010,9,gas_cc_w_ccs,400.0,-0.00398993418629034,7.00451904454487,1127947.1645,-337565.20050000004
5,0.41,0.0,0.0,0.0,0.18744,0.02067,4.12527,1436640.0,7337.6,9244025,0.0,60.0,36,302.3305277437794,-577864189.123029,577864189.123029,52.01903465357184,60.0,georgia,2070,2010,9,gas_cc_w_ccs,400.0,-0.00398993418629034,7.00451904454487,1102947.1645,-359565.20050000004
5,0.41,0.0,0.0,0.0,0.18744,0.02067,4.12527,1436640.0,7337.6,9267482,0.0,60.0,36,302.3305277437794,-577864189.123029,577864189.123029,52.01903465357184,60.0,georgia,2070,2010,9,gas_cc_w_ccs,400.0,-0.00398993418629034,7.00451904454487,1094947.1645,-364565.20050000004
5,0.41,0.0,0.0,0.0,0.18744,0.02067,4.12527,1436640.0,7337.6,9295591,0.0,60.0,36,302.3305277437794,-577864189.123029,577864189.123029,52.01903465357184,60.0,georgia,2070,2010,9,gas_cc_w_ccs,400.0,-0.00398993418629034,7.00451904454487,1045947.1645,-370565.20050000004
5,0.41,0.0,0.0,0.0,0.18744,0.02067,4.12527,1436640.0,7337.6,9328453,0.0,60.0,36,302.3305277437794,-577864189.123029,577864189.123029,52.01903465357184,60.0,georgia,2070,2010,9,gas_cc_w_ccs,400.0,-0.00398993418629034,7.00451904454487,1056947.1645,-377565.20050000004
5,0.41,0.0,0.0,0.0,0.18744,0.02067,4.12527,1436640.0,7337.6,9412906,0.0,60.0,36,302.3305277437794,-577864189.123029,577864189.123029,52.01903465357184,60.0,georgia,2070,2010,9,gas_cc_w_ccs,400.0,-0.00398993418629034,7.00451904454487,1035947.1645,-395565.20050000004
5,0.41,0.0,0.0,0.0,0.18744,0.02067,4.12527,1436640.0,7337.6,9459816,35817.509109470324,60.0,36,302.3305277437794,-577828371.6139195,577864189.123029,52.01903465357184,60.0,georgia,2070,2010,9,gas_cc_w_ccs,400.0,-0.00398993418629034,7.00451904454487,1015947.1645,-405565.20050000004
5,0.41,0.0,0.0,0.0,0.18744,0.02067,4.12527,1436640.0,7337.6,9460015,0.0,60.0,36,302.3305277437794,-577864189.123029,577864189.123029,52.01903465357184,60.0,georgia,2070,2010,9,gas_cc_w_ccs,400.0,-0.00398993418629034,7.00451904454487,1214947.1645,-405565.20050000004
5,0.41,0.0,0.0,0.0,0.18744,0.02067,4.12527,1436640.0,7337.6,9502127,0.0,60.0,36,302.3305277437794,-577864189.123029,577864189.123029,52.01903465357184,60.0,georgia,2070,2010,9,gas_cc_w_ccs,400.0,-0.00398993418629034,7.00451904454487,1089947.1645,-414565.20050000004
5,0.41,0.0,0.0,0.0,0.18744,0.02067,4.12527,1436640.0,7337.6,9563138,0.0,60.0,36,302.3305277437794,-577864189.123029,577864189.123029,52.01903465357184,60.0,georgia,2070,2010,9,gas_cc_w_ccs,400.0,-0.00398993418629034,7.00451904454487,1091947.1645,-427565.20050000004
5,0.41,0.0,0.0,0.0,0.18744,0.02067,4.12527,1436640.0,7337.6,9746249,35817.509109470324,60.0,36,302.3305277437794,-577828371.6139195,577864189.123029,52.01903465357184,60.0,georgia,2070,2010,9,gas_cc_w_ccs,400.0,-0.00398993418629034,7.00451904454487,1175947.1645,-466565.20050000004
5,0.41,0.0,0.0,0.0,0.18744,0.02067,4.12527,1436640.0,7337.6,9854400,0.0,60.0,36,302.3305277437794,-577864189.123029,577864189.123029,52.01903465357184,60.0,georgia,2070,2010,9,gas_cc_w_ccs,400.0,-0.00398993418629034,7.00451904454487,1387947.1645,-489565.20050000004
5,0.41,0.0,0.0,0.0,0.18744,0.02067,4.12527,1436640.0,7337.6,10356533,0.0,60.0,36,302.3305277437794,-577864189.123029,577864189.123029,52.01903465357184,60.0,georgia,2070,2010,9,gas_cc_w_ccs,400.0,-0.00398993418629034,7.00451904454487,1369947.1645,-596565.2005
5,0.41,0.0,0.0,0.0,0.18744,0.02067,4.12527,1436640.0,7337.6,10375056,0.0,60.0,36,302.3305277437794,-577864189.123029,577864189.123029,52.01903465357184,60.0,georgia,2070,2010,9,gas_cc_w_ccs,400.0,-0.00398993418629034,7.00451904454487,1120947.1645,-600565.2005
5,0.41,0.0,0.0,0.0,0.18744,0.02067,4.12527,1436640.0,7337.6,10478387,0.0,60.0,36,302.3305277437794,-577864189.123029,577864189.123029,52.01903465357184,60.0,georgia,2070,2010,9,gas_cc_w_ccs,400.0,-0.00398993418629034,7.00451904454487,1205947.1645,-622565.2005
5,0.41,0.0,0.0,0.0,0.18744,0.02067,4.12527,1436640.0,7337.6,10675469,0.0,60.0,36,302.3305277437794,-577864189.123029,577864189.123029,52.01903465357184,60.0,georgia,2070,2010,9,gas_cc_w_ccs,400.0,-0.00398993418629034,7.00451904454487,1181947.1645,-664565.2005
5,0.9,0.0,0.0,0.0,0.0,0.04639,0.71281,10643400.0,10246.2,8892124,0.0,60.0,36,178.77771185696093,-5194395495.342002,5194395495.342002,23.034078534539436,60.0,georgia,2070,2010,13,nuclear_gen_ii,1350.0,-0.00104311614063357,2.19496449322143,1176947.1645,-284565.20050000004
5,0.9,0.0,0.0,0.0,0.0,0.04639,0.71281,10643400.0,10246.2,9671030,0.0,60.0,36,178.77771185696093,-5194395495.342002,5194395495.342002,23.034078534539436,60.0,georgia,2070,2010,13,nuclear_gen_ii,1350.0,-0.00104311614063357,2.19496449322143,1044947.1645,-450565.20050000004
5,0.9,0.0,0.0,0.0,0.0,0.04639,0.71281,10643400.0,10246.2,10741198,0.0,60.0,36,178.77771185696093,-5194395495.342002,5194395495.342002,23.034078534539436,60.0,georgia,2070,2010,13,nuclear_gen_ii,1350.0,-0.00104311614063357,2.19496449322143,1208947.1645,-678565.2005
5,0.41,0.0,0.0,0.0,0.18744,0.02067,4.12527,1436640.0,7337.6,4318652,0.0,60.0,47,306.4520551732133,-586760729.2565558,586760729.2565558,52.01903465357184,60.0,idaho,2070,2010,9,gas_cc_w_ccs,400.0,-0.00398993418629034,7.00451904454487,-1313052.8355,689434.7995
5,0.464,0.0,0.0,0.0,0.0,0.0,0.0,325171.2,3412.0,1873313,0.0,30.0,47,295.07671139774465,-95950448.33725822,95950448.33725822,0.0,30.0,idaho,2040,2010,18,wind_onshore,80.0,-0.00249607760279447,0.0,-1599052.8355,1210434.7995
5,0.609,0.0,0.0,0.0,0.3036,0.0,0.0,426787.2,12827.1,7098861,308113.863614926,60.0,11,131.9001755411204,-51998430.06071485,52306543.92432977,9.341336090617133,60.0,illinois,2070,2010,0,biomass_conv_wo_ccs,80.0,-0.00398993418629034,10.0064557779212,639947.1645,97434.79949999996
5,0.733,0.0,0.0,0.0,0.36036,0.09122,2.39413,3852648.0,8594.5,4860127,214905.05465682194,60.0,12,176.10166519112164,-7592646555.691903,7592861460.74656,264.9743317533887,60.0,illinois,2070,2010,4,coal_conv_pul_wo_ccs,600.0,-0.00398993418629034,4.0025823111685,466947.16449999996,574434.7995
5,0.733,0.0,0.0,0.0,0.36036,0.09122,2.39413,3852648.0,8594.5,4864812,202614.42861213922,60.0,12,176.10166519112164,-7592658846.317948,7592861460.74656,264.9743317533887,60.0,illinois,2070,2010,4,coal_conv_pul_wo_ccs,600.0,-0.00398993418629034,4.0025823111685,458947.16449999996,573434.7995
5,0.733,0.0,0.0,0.0,0.36036,0.09122,2.39413,3852648.0,8594.5,4883565,0.0,60.0,12,176.10166519112164,-7592861460.74656,7592861460.74656,264.9743317533887,60.0,illinois,2070,2010,4,coal_conv_pul_wo_ccs,600.0,-0.00398993418629034,4.0025823111685,439947.16449999996,569434.7995
5,0.733,0.0,0.0,0.0,0.36036,0.09122,2.39413,3852648.0,8594.5,4888285,0.0,60.0,12,176.10166519112164,-7592861460.74656,7592861460.74656,264.9743317533887,60.0,illinois,2070,2010,4,coal_conv_pul_wo_ccs,600.0,-0.00398993418629034,4.0025823111685,466947.16449999996,568434.7995
5,0.733,0.0,0.0,0.0,0.36036,0.09122,2.39413,3852648.0,8594.5,4888291,151960.82145910442,60.0,12,176.10166519112164,-7592709499.925101,7592861460.74656,264.9743317533887,60.0,illinois,2070,2010,4,coal_conv_pul_wo_ccs,600.0,-0.00398993418629034,4.0025823111685,472947.16449999996,568434.7995
5,0.733,0.0,0.0,0.0,0.36036,0.09122,2.39413,3852648.0,8594.5,4897650,35817.509109470324,60.0,12,176.10166519112164,-7592825643.237451,7592861460.74656,264.9743317533887,60.0,illinois,2070,2010,4,coal_conv_pul_wo_ccs,600.0,-0.00398993418629034,4.0025823111685,445947.16449999996,566434.7995
5,0.733,0.0,0.0,0.0,0.36036,0.09122,2.39413,3852648.0,8594.5,4897665,147679.37330486887,60.0,12,176.10166519112164,-7592713781.373255,7592861460.74656,264.9743317533887,60.0,illinois,2070,2010,4,coal_conv_pul_wo_ccs,600.0,-0.00398993418629034,4.0025823111685,460947.16449999996,566434.7995
5,0.733,0.0,0.0,0.0,0.36036,0.09122,2.39413,3852648.0,8594.5,4916431,0.0,60.0,12,176.10166519112164,-7592861460.74656,7592861460.74656,264.9743317533887,60.0,illinois,2070,2010,4,coal_conv_pul_wo_ccs,600.0,-0.00398993418629034,4.0025823111685,454947.16449999996,562434.7995
5,0.733,0.0,0.0,0.0,0.36036,0.09122,2.39413,3852648.0,8594.5,4921146,147679.37330486887,60.0,12,176.10166519112164,-7592713781.373255,7592861460.74656,264.9743317533887,60.0,illinois,2070,2010,4,coal_conv_pul_wo_ccs,600.0,-0.00398993418629034,4.0025823111685,476947.16449999996,561434.7995
5,0.733,0.0,0.0,0.0,0.36036,0.09122,2.39413,3852648.0,8594.5,4939906,101307.21430606961,60.0,12,176.10166519112164,-7592760153.532254,7592861460.74656,264.9743317533887,60.0,illinois,2070,2010,4,coal_conv_pul_wo_ccs,600.0,-0.00398993418629034,4.0025823111685,464947.16449999996,557434.7995
5,0.733,0.0,0.0,0.0,0.36036,0.09122,2.39413,3852648.0,8594.5,4939912,160180.77030698716,60.0,12,176.10166519112164,-7592701279.9762535,7592861460.74656,264.9743317533887,60.0,illinois,2070,2010,4,coal_conv_pul_wo_ccs,600.0,-0.00398993418629034,4.0025823111685,470947.16449999996,557434.7995
5,0.733,0.0,0.0,0.0,0.36036,0.09122,2.39413,3852648.0,8594.5,4944591,107452.52732841097,60.0,12,176.10166519112164,-7592754008.219232,7592861460.74656,264.9743317533887,60.0,illinois,2070,2010,4,coal_conv_pul_wo_ccs,600.0,-0.00398993418629034,4.0025823111685,456947.16449999996,556434.7995
5,0.733,0.0,0.0,0.0,0.36036,0.09122,2.39413,3852648.0,8594.5,4949304,359961.5116085412,60.0,12,176.10166519112164,-7592501499.234952,7592861460.74656,264.9743317533887,60.0,illinois,2070,2010,4,coal_conv_pul_wo_ccs,600.0,-0.00398993418629034,4.0025823111685,476947.16449999996,555434.7995
5,0.733,0.0,0.0,0.0,0.36036,0.09122,2.39413,3852648.0,8594.5,4968067,288769.99034258095,60.0,12,176.10166519112164,-7592572690.756218,7592861460.74656,264.9743317533887,60.0,illinois,2070,2010,4,coal_conv_pul_wo_ccs,600.0,-0.00398993418629034,4.0025823111685,467947.16449999996,551434.7995
5,0.733,0.0,0.0,0.0,0.36036,0.09122,2.39413,3852648.0,8594.5,4972751,330221.1175842546,60.0,12,176.10166519112164,-7592531239.628976,7592861460.74656,264.9743317533887,60.0,illinois,2070,2010,4,coal_conv_pul_wo_ccs,600.0,-0.00398993418629034,4.0025823111685,458947.16449999996,550434.7995
5,0.733,0.0,0.0,0.0,0.36036,0.09122,2.39413,3852648.0,8594.5,4977459,437208.416961798,60.0,12,176.10166519112164,-7592424252.329598,7592861460.74656,264.9743317533887,60.0,illinois,2070,2010,4,coal_conv_pul_wo_ccs,600.0,-0.00398993418629034,4.0025823111685,473947.16449999996,549434.7995
5,0.733,0.0,0.0,0.0,0.36036,0.09122,2.39413,3852648.0,8594.5,5019697,487170.79384882376,60.0,12,176.10166519112164,-7592374289.952711,7592861460.74656,264.9743317533887,60.0,illinois,2070,2010,4,coal_conv_pul_wo_ccs,600.0,-0.00398993418629034,4.0025823111685,474947.16449999996,540434.7995
5,0.733,0.0,0.0,0.0,0.36036,0.09122,2.39413,3852648.0,8594.5,5043168,226529.8177995108,60.0,12,176.10166519112164,-7592634930.928761,7592861460.74656,264.9743317533887,60.0,illinois,2070,2010,4,coal_conv_pul_wo_ccs,600.0,-0.00398993418629034,4.0025823111685,480947.16449999996,535434.7995
5,0.733,0.0,0.0,0.0,0.36036,0.09122,2.39413,3852648.0,8594.5,5047855,337901.7051360085,60.0,12,176.10166519112164,-7592523559.041424,7592861460.74656,264.9743317533887,60.0,illinois,2070,2010,4,coal_conv_pul_wo_ccs,600.0,-0.00398993418629034,4.0025823111685,474947.16449999996,534434.7995
5,0.733,0.0,0.0,0.0,0.36036,0.09122,2.39413,3852648.0,8594.5,5071328,0.0,60.0,12,176.10166519112164,-7592861460.74656,7592861460.74656,264.9743317533887,60.0,illinois,2070,2010,4,coal_conv_pul_wo_ccs,600.0,-0.00398993418629034,4.0025823111685,482947.16449999996,529434.7995
5,0.733,0.0,0.0,0.0,0.36036,0.09122,2.39413,3852648.0,8594.5,5071334,71635.01821894065,60.0,12,176.10166519112164,-7592789825.728341,7592861460.74656,264.9743317533887,60.0,illinois,2070,2010,4,coal_conv_pul_wo_ccs,600.0,-0.00398993418629034,4.0025823111685,488947.16449999996,529434.7995
5,0.733,0.0,0.0,0.0,0.36036,0.09122,2.39413,3852648.0,8594.5,5071340,0.0,60.0,12,176.10166519112164,-7592861460.74656,7592861460.74656,264.9743317533887,60.0,illinois,2070,2010,4,coal_conv_pul_wo_ccs,600.0,-0.00398993418629034,4.0025823111685,494947.16449999996,529434.7995
5,0.733,0.0,0.0,0.0,0.36036,0.09122,2.39413,3852648.0,8594.5,5099486,214905.05465682194,60.0,12,176.10166519112164,-7592646555.691903,7592861460.74656,264.9743317533887,60.0,illinois,2070,2010,4,coal_conv_pul_wo_ccs,600.0,-0.00398993418629034,4.0025823111685,482947.16449999996,523434.79949999996
5,0.733,0.0,0.0,0.0,0.36036,0.09122,2.39413,3852648.0,8594.5,5099492,226529.8177995108,60.0,12,176.10166519112164,-7592634930.928761,7592861460.74656,264.9743317533887,60.0,illinois,2070,2010,4,coal_conv_pul_wo_ccs,600.0,-0.00398993418629034,4.0025823111685,488947.16449999996,523434.79949999996
5,0.733,0.0,0.0,0.0,0.36036,0.09122,2.39413,3852648.0,8594.5,5099498,214905.05465682194,60.0,12,176.10166519112164,-7592646555.691903,7592861460.74656,264.9743317533887,60.0,illinois,2070,2010,4,coal_conv_pul_wo_ccs,600.0,-0.00398993418629034,4.0025823111685,494947.16449999996,523434.79949999996
5,0.733,0.0,0.0,0.0,0.36036,0.09122,2.39413,3852648.0,8594.5,5127647,0.0,60.0,12,176.10166519112164,-7592861460.74656,7592861460.74656,264.9743317533887,60.0,illinois,2070,2010,4,coal_conv_pul_wo_ccs,600.0,-0.00398993418629034,4.0025823111685,485947.16449999996,517434.79949999996
5,0.733,0.0,0.0,0.0,0.36036,0.09122,2.39413,3852648.0,8594.5,5127653,256111.03858807098,60.0,12,176.10166519112164,-7592605349.707972,7592861460.74656,264.9743317533887,60.0,illinois,2070,2010,4,coal_conv_pul_wo_ccs,600.0,-0.00398993418629034,4.0025823111685,491947.16449999996,517434.79949999996
5,0.733,0.0,0.0,0.0,0.36036,0.09122,2.39413,3852648.0,8594.5,5155801,179087.5455473516,60.0,12,176.10166519112164,-7592682373.201013,7592861460.74656,264.9743317533887,60.0,illinois,2070,2010,4,coal_conv_pul_wo_ccs,600.0,-0.00398993418629034,4.0025823111685,481947.16449999996,511434.79949999996
5,0.733,0.0,0.0,0.0,0.36036,0.09122,2.39413,3852648.0,8594.5,5155807,269964.7386165262,60.0,12,176.10166519112164,-7592591496.007943,7592861460.74656,264.9743317533887,60.0,illinois,2070,2010,4,coal_conv_pul_wo_ccs,600.0,-0.00398993418629034,4.0025823111685,487947.16449999996,511434.79949999996
5,0.733,0.0,0.0,0.0,0.36036,0.09122,2.39413,3852648.0,8594.5,5507702,42685.17309801183,60.0,12,176.10166519112164,-7592818775.5734625,7592861460.74656,264.9743317533887,60.0,illinois,2070,2010,4,coal_conv_pul_wo_ccs,600.0,-0.00398993418629034,4.0025823111685,407947.16449999996,436434.79949999996
5,0.733,0.0,0.0,0.0,0.36036,0.09122,2.39413,3852648.0,8594.5,5535860,259643.77151987993,60.0,12,176.10166519112164,-7592601816.97504,7592861460.74656,264.9743317533887,60.0,illinois,2070,2010,4,coal_conv_pul_wo_ccs,600.0,-0.00398993418629034,4.0025823111685,407947.16449999996,430434.79949999996
5,0.272,0.0,0.0,0.0,0.18744,0.02067,4.12527,953088.0000000001,5923.6,4888270,168076.23765017136,60.0,12,361.79137895763995,-479827988.8002291,479996065.0378792,39.97020950119198,60.0,illinois,2070,2010,8,gas_cc_wo_ccs,400.0,-0.00398993418629034,3.48612007746934,451947.16449999996,568434.7995
5,0.272,0.0,0.0,0.0,0.18744,0.02067,4.12527,953088.0000000001,5923.6,5451435,179087.5455473516,60.0,12,361.79137895763995,-479816977.49233186,479996065.0378792,39.97020950119198,60.0,illinois,2070,2010,8,gas_cc_wo_ccs,400.0,-0.00398993418629034,3.48612007746934,456947.16449999996,448434.79949999996
5,0.272,0.0,0.0,0.0,0.18744,0.02067,4.12527,953088.0000000001,5923.6,5531217,181097.8521223545,60.0,12,361.79137895763995,-479814967.18575686,479996065.0378792,39.97020950119198,60.0,illinois,2070,2010,8,gas_cc_wo_ccs,400.0,-0.00398993418629034,3.48612007746934,457947.16449999996,431434.79949999996
5,0.41,0.0,0.0,0.0,0.18744,0.02067,4.12527,1436640.0,7337.6,5338820,128055.51929403549,60.0,12,321.25297786650793,-618581266.8277146,618709322.3470086,52.01903465357184,60.0,illinois,2070,2010,9,gas_cc_w_ccs,400.0,-0.00398993418629034,7.00451904454487,473947.16449999996,472434.79949999996
5,0.41,0.0,0.0,0.0,0.18744,0.02067,4.12527,1436640.0,7337.6,5446734,0.0,60.0,12,321.25297786650793,-618709322.3470086,618709322.3470086,52.01903465357184,60.0,illinois,2070,2010,9,gas_cc_w_ccs,400.0,-0.00398993418629034,7.00451904454487,448947.16449999996,449434.79949999996
5,0.41,0.0,0.0,0.0,0.18744,0.02067,4.12527,1436640.0,7337.6,5451389,113686.25310262556,60.0,12,321.25297786650793,-618595636.0939059,618709322.3470086,52.01903465357184,60.0,illinois,2070,2010,9,gas_cc_w_ccs,400.0,-0.00398993418629034,7.00451904454487,410947.16449999996,448434.79949999996
5,0.41,0.0,0.0,0.0,0.18744,0.02067,4.12527,1436640.0,7337.6,5465483,0.0,60.0,12,321.25297786650793,-618709322.3470086,618709322.3470086,52.01903465357184,60.0,illinois,2070,2010,9,gas_cc_w_ccs,400.0,-0.00398993418629034,7.00451904454487,425947.16449999996,445434.79949999996
5,0.9,0.0,0.0,0.0,0.0,0.04639,0.71281,10643400.0,10246.2,5244960,71635.01821894065,60.0,12,197.20360131821317,-5754956749.229085,5755028384.247304,23.034078534539436,60.0,illinois,2070,2010,13,nuclear_gen_ii,1350.0,-0.00104311614063357,2.19496449322143,473947.16449999996,492434.79949999996
5,0.9,0.0,0.0,0.0,0.0,0.04639,0.71281,10643400.0,10246.2,5273116,0.0,60.0,12,197.20360131821317,-5755028384.247304,5755028384.247304,23.034078534539436,60.0,illinois,2070,2010,13,nuclear_gen_ii,1350.0,-0.00104311614063357,2.19496449322143,471947.16449999996,486434.79949999996
5,0.9,0.0,0.0,0.0,0.0,0.04639,0.71281,10643400.0,10246.2,5301270,113264.9088997554,60.0,12,197.20360131821317,-5754915119.338405,5755028384.247304,23.034078534539436,60.0,illinois,2070,2010,13,nuclear_gen_ii,1350.0,-0.00104311614063357,2.19496449322143,467947.16449999996,480434.79949999996
5,0.9,0.0,0.0,0.0,0.0,0.04639,0.71281,10643400.0,10246.2,5352905,85370.34619602366,60.0,12,197.20360131821317,-5754943013.901108,5755028384.247304,23.034078534539436,60.0,illinois,2070,2010,13,nuclear_gen_ii,1350.0,-0.00104311614063357,2.19496449322143,479947.16449999996,469434.79949999996
5,0.9,0.0,0.0,0.0,0.0,0.04639,0.71281,10643400.0,10246.2,5366978,128055.51929403549,60.0,12,197.20360131821317,-5754900328.72801,5755028384.247304,23.034078534539436,60.0,illinois,2070,2010,13,nuclear_gen_ii,1350.0,-0.00104311614063357,2.19496449322143,473947.16449999996,466434.79949999996
5,0.9,0.0,0.0,0.0,0.0,0.04639,0.71281,10643400.0,10246.2,5371665,35817.509109470324,60.0,12,197.20360131821317,-5754992566.738194,5755028384.247304,23.034078534539436,60.0,illinois,2070,2010,13,nuclear_gen_ii,1350.0,-0.00104311614063357,2.19496449322143,467947.16449999996,465434.79949999996
5,0.9,0.0,0.0,0.0,0.0,0.04639,0.71281,10643400.0,10246.2,5427942,71635.01821894065,60.0,12,197.20360131821317,-5754956749.229085,5755028384.247304,23.034078534539436,60.0,illinois,2070,2010,13,nuclear_gen_ii,1350.0,-0.00104311614063357,2.19496449322143,428947.16449999996,453434.79949999996
5,0.9,0.0,0.0,0.0,0.0,0.04639,0.71281,10643400.0,10246.2,5479546,71635.01821894065,60.0,12,197.20360131821317,-5754956749.229085,5755028384.247304,23.034078534539436,60.0,illinois,2070,2010,13,nuclear_gen_ii,1350.0,-0.00104311614063357,2.19496449322143,409947.16449999996,442434.79949999996
5,0.9,0.0,0.0,0.0,0.0,0.04639,0.71281,10643400.0,10246.2,5545302,128055.51929403549,60.0,12,197.20360131821317,-5754900328.72801,5755028384.247304,23.034078534539436,60.0,illinois,2070,2010,13,nuclear_gen_ii,1350.0,-0.00104311614063357,2.19496449322143,463947.16449999996,428434.79949999996
5,0.464,0.0,0.0,0.0,0.0,0.0,0.0,325171.2,3412.0,4869492,224891.60799212713,30.0,12,309.40769059342244,-100385578.43149967,100610470.0394918,0.0,30.0,illinois,2040,2010,18,wind_onshore,80.0,-0.00249607760279447,0.0,445947.16449999996,572434.7995
5,0.464,0.0,0.0,0.0,0.0,0.0,0.0,325171.2,3412.0,5352887,222999.81110348075,30.0,12,309.40769059342244,-100387470.22838832,100610470.0394918,0.0,30.0,illinois,2040,2010,18,wind_onshore,80.0,-0.00249607760279447,0.0,461947.16449999996,469434.79949999996
5,0.464,0.0,0.0,0.0,0.0,0.0,0.0,325171.2,3412.0,5381045,0.0,30.0,12,309.40769059342244,-100610470.0394918,100610470.0394918,0.0,30.0,illinois,2040,2010,18,wind_onshore,80.0,-0.00249607760279447,0.0,461947.16449999996,463434.79949999996
5,0.464,0.0,0.0,0.0,0.0,0.0,0.0,325171.2,3412.0,5390416,62373.70954132012,30.0,12,309.40769059342244,-100548096.32995048,100610470.0394918,0.0,30.0,illinois,2040,2010,18,wind_onshore,80.0,-0.00249607760279447,0.0,446947.16449999996,461434.79949999996
5,0.464,0.0,0.0,0.0,0.0,0.0,0.0,325171.2,3412.0,5399808,0.0,30.0,12,309.40769059342244,-100610470.0394918,100610470.0394918,0.0,30.0,illinois,2040,2010,18,wind_onshore,80.0,-0.00249607760279447,0.0,452947.16449999996,459434.79949999996
5,0.464,0.0,0.0,0.0,0.0,0.0,0.0,325171.2,3412.0,5404516,44104.872984427515,30.0,12,309.40769059342244,-100566365.16650738,100610470.0394918,0.0,30.0,illinois,2040,2010,18,wind_onshore,80.0,-0.00249607760279447,0.0,467947.16449999996,458434.79949999996
5,0.464,0.0,0.0,0.0,0.0,0.0,0.0,325171.2,3412.0,5418574,44104.872984427515,30.0,12,309.40769059342244,-100566365.16650738,100610470.0394918,0.0,30.0,illinois,2040,2010,18,wind_onshore,80.0,-0.00249607760279447,0.0,446947.16449999996,455434.79949999996
5,0.464,0.0,0.0,0.0,0.0,0.0,0.0,325171.2,3412.0,5423256,220524.36492213758,30.0,12,309.40769059342244,-100389945.67456967,100610470.0394918,0.0,30.0,illinois,2040,2010,18,wind_onshore,80.0,-0.00249607760279447,0.0,435947.16449999996,454434.79949999996
5,0.464,0.0,0.0,0.0,0.0,0.0,0.0,325171.2,3412.0,5423279,0.0,30.0,12,309.40769059342244,-100610470.0394918,100610470.0394918,0.0,30.0,illinois,2040,2010,18,wind_onshore,80.0,-0.00249607760279447,0.0,458947.16449999996,454434.79949999996
5,0.464,0.0,0.0,0.0,0.0,0.0,0.0,325171.2,3412.0,5442009,249494.83816528047,30.0,12,309.40769059342244,-100360975.20132652,100610470.0394918,0.0,30.0,illinois,2040,2010,18,wind_onshore,80.0,-0.00249607760279447,0.0,416947.16449999996,450434.79949999996
5,0.464,0.0,0.0,0.0,0.0,0.0,0.0,325171.2,3412.0,5474891,0.0,30.0,12,309.40769059342244,-100610470.0394918,100610470.0394918,0.0,30.0,illinois,2040,2010,18,wind_onshore,80.0,-0.00249607760279447,0.0,447947.16449999996,443434.79949999996
5,0.464,0.0,0.0,0.0,0.0,0.0,0.0,325171.2,3412.0,5479576,0.0,30.0,12,309.40769059342244,-100610470.0394918,100610470.0394918,0.0,30.0,illinois,2040,2010,18,wind_onshore,80.0,-0.00249607760279447,0.0,439947.16449999996,442434.79949999996
5,0.464,0.0,0.0,0.0,0.0,0.0,0.0,325171.2,3412.0,5479593,44104.872984427515,30.0,12,309.40769059342244,-100566365.16650738,100610470.0394918,0.0,30.0,illinois,2040,2010,18,wind_onshore,80.0,-0.00249607760279447,0.0,456947.16449999996,442434.79949999996
5,0.464,0.0,0.0,0.0,0.0,0.0,0.0,325171.2,3412.0,5493640,88209.74596885503,30.0,12,309.40769059342244,-100522260.29352295,100610470.0394918,0.0,30.0,illinois,2040,2010,18,wind_onshore,80.0,-0.00249607760279447,0.0,424947.16449999996,439434.79949999996
5,0.733,0.0,0.0,0.0,0.36036,0.09122,2.39413,3852648.0,8594.5,5184403,179087.5455473516,60.0,1,160.59363429774578,-6834133343.176306,6834312430.721853,264.9743317533887,60.0,indiana,2070,2010,4,coal_conv_pul_wo_ccs,600.0,-0.00398993418629034,4.0025823111685,925947.1645,505434.79949999996
5,0.733,0.0,0.0,0.0,0.36036,0.09122,2.39413,3852648.0,8594.5,5198454,182634.17787747647,60.0,1,160.59363429774578,-6834129796.543976,6834312430.721853,264.9743317533887,60.0,indiana,2070,2010,4,coal_conv_pul_wo_ccs,600.0,-0.00398993418629034,4.0025823111685,897947.1645,502434.79949999996
5,0.733,0.0,0.0,0.0,0.36036,0.09122,2.39413,3852648.0,8594.5,5217255,179087.5455473516,60.0,1,160.59363429774578,-6834133343.176306,6834312430.721853,264.9743317533887,60.0,indiana,2070,2010,4,coal_conv_pul_wo_ccs,600.0,-0.00398993418629034,4.0025823111685,926947.1645,498434.79949999996
5,0.733,0.0,0.0,0.0,0.36036,0.09122,2.39413,3852648.0,8594.5,5221881,80090.38515349358,60.0,1,160.59363429774578,-6834232340.3366995,6834312430.721853,264.9743317533887,60.0,indiana,2070,2010,4,coal_conv_pul_wo_ccs,600.0,-0.00398993418629034,4.0025823111685,859947.1645,497434.79949999996
5,0.733,0.0,0.0,0.0,0.36036,0.09122,2.39413,3852648.0,8594.5,5254732,0.0,60.0,1,160.59363429774578,-6834312430.721853,6834312430.721853,264.9743317533887,60.0,indiana,2070,2010,4,coal_conv_pul_wo_ccs,600.0,-0.00398993418629034,4.0025823111685,859947.1645,490434.79949999996
5,0.733,0.0,0.0,0.0,0.36036,0.09122,2.39413,3852648.0,8594.5,5273496,35817.509109470324,60.0,1,160.59363429774578,-6834276613.212744,6834312430.721853,264.9743317533887,60.0,indiana,2070,2010,4,coal_conv_pul_wo_ccs,600.0,-0.00398993418629034,4.0025823111685,851947.1645,486434.79949999996
5,0.733,0.0,0.0,0.0,0.36036,0.09122,2.39413,3852648.0,8594.5,5414290,182634.17787747647,60.0,1,160.59363429774578,-6834129796.543976,6834312430.721853,264.9743317533887,60.0,indiana,2070,2010,4,coal_conv_pul_wo_ccs,600.0,-0.00398993418629034,4.0025823111685,855947.1645,456434.79949999996
5,0.733,0.0,0.0,0.0,0.36036,0.09122,2.39413,3852648.0,8594.5,5456532,71635.01821894065,60.0,1,160.59363429774578,-6834240795.703634,6834312430.721853,264.9743317533887,60.0,indiana,2070,2010,4,coal_conv_pul_wo_ccs,600.0,-0.00398993418629034,4.0025823111685,860947.1645,447434.79949999996
5,0.733,0.0,0.0,0.0,0.36036,0.09122,2.39413,3852648.0,8594.5,5508151,143270.0364378813,60.0,1,160.59363429774578,-6834169160.685415,6834312430.721853,264.9743317533887,60.0,indiana,2070,2010,4,coal_conv_pul_wo_ccs,600.0,-0.00398993418629034,4.0025823111685,856947.1645,436434.79949999996
5,0.733,0.0,0.0,0.0,0.36036,0.09122,2.39413,3852648.0,8594.5,5536312,217869.40233970122,60.0,1,160.59363429774578,-6834094561.319513,6834312430.721853,264.9743317533887,60.0,indiana,2070,2010,4,coal_conv_pul_wo_ccs,600.0,-0.00398993418629034,4.0025823111685,859947.1645,430434.79949999996
5,0.733,0.0,0.0,0.0,0.36036,0.09122,2.39413,3852648.0,8594.5,5536318,226529.8177995108,60.0,1,160.59363429774578,-6834085900.904054,6834312430.721853,264.9743317533887,60.0,indiana,2070,2010,4,coal_conv_pul_wo_ccs,600.0,-0.00398993418629034,4.0025823111685,865947.1645,430434.79949999996
5,0.733,0.0,0.0,0.0,0.36036,0.09122,2.39413,3852648.0,8594.5,5564470,35817.509109470324,60.0,1,160.59363429774578,-6834276613.212744,6834312430.721853,264.9743317533887,60.0,indiana,2070,2010,4,coal_conv_pul_wo_ccs,600.0,-0.00398993418629034,4.0025823111685,859947.1645,424434.79949999996
5,0.733,0.0,0.0,0.0,0.36036,0.09122,2.39413,3852648.0,8594.5,5564478,0.0,60.0,1,160.59363429774578,-6834312430.721853,6834312430.721853,264.9743317533887,60.0,indiana,2070,2010,4,coal_conv_pul_wo_ccs,600.0,-0.00398993418629034,4.0025823111685,867947.1645,424434.79949999996
5,0.733,0.0,0.0,0.0,0.36036,0.09122,2.39413,3852648.0,8594.5,5592629,147679.37330486887,60.0,1,160.59363429774578,-6834164751.348548,6834312430.721853,264.9743317533887,60.0,indiana,2070,2010,4,coal_conv_pul_wo_ccs,600.0,-0.00398993418629034,4.0025823111685,860947.1645,418434.79949999996
5,0.733,0.0,0.0,0.0,0.36036,0.09122,2.39413,3852648.0,8594.5,5592635,217869.40233970122,60.0,1,160.59363429774578,-6834094561.319513,6834312430.721853,264.9743317533887,60.0,indiana,2070,2010,4,coal_conv_pul_wo_ccs,600.0,-0.00398993418629034,4.0025823111685,866947.1645,418434.79949999996
5,0.733,0.0,0.0,0.0,0.36036,0.09122,2.39413,3852648.0,8594.5,5644284,113264.9088997554,60.0,1,160.59363429774578,-6834199165.812954,6834312430.721853,264.9743317533887,60.0,indiana,2070,2010,4,coal_conv_pul_wo_ccs,600.0,-0.00398993418629034,4.0025823111685,892947.1645,407434.79949999996
5,0.733,0.0,0.0,0.0,0.36036,0.09122,2.39413,3852648.0,8594.5,5653682,151960.82145910442,60.0,1,160.59363429774578,-6834160469.900394,6834312430.721853,264.9743317533887,60.0,indiana,2070,2010,4,coal_conv_pul_wo_ccs,600.0,-0.00398993418629034,4.0025823111685,904947.1645,405434.79949999996
5,0.733,0.0,0.0,0.0,0.36036,0.09122,2.39413,3852648.0,8594.5,5658347,179087.5455473516,60.0,1,160.59363429774578,-6834133343.176306,6834312430.721853,264.9743317533887,60.0,indiana,2070,2010,4,coal_conv_pul_wo_ccs,600.0,-0.00398993418629034,4.0025823111685,876947.1645,404434.79949999996
5,0.733,0.0,0.0,0.0,0.36036,0.09122,2.39413,3852648.0,8594.5,5667722,225030.38779146224,60.0,1,160.59363429774578,-6834087400.334062,6834312430.721853,264.9743317533887,60.0,indiana,2070,2010,4,coal_conv_pul_wo_ccs,600.0,-0.00398993418629034,4.0025823111685,865947.1645,402434.79949999996
5,0.733,0.0,0.0,0.0,0.36036,0.09122,2.39413,3852648.0,8594.5,5667780,179087.5455473516,60.0,1,160.59363429774578,-6834133343.176306,6834312430.721853,264.9743317533887,60.0,indiana,2070,2010,4,coal_conv_pul_wo_ccs,600.0,-0.00398993418629034,4.0025823111685,923947.1645,402434.79949999996
5,0.733,0.0,0.0,0.0,0.36036,0.09122,2.39413,3852648.0,8594.5,5691198,0.0,60.0,1,160.59363429774578,-6834312430.721853,6834312430.721853,264.9743317533887,60.0,indiana,2070,2010,4,coal_conv_pul_wo_ccs,600.0,-0.00398993418629034,4.0025823111685,876947.1645,397434.79949999996
5,0.733,0.0,0.0,0.0,0.36036,0.09122,2.39413,3852648.0,8594.5,5695875,214905.05465682194,60.0,1,160.59363429774578,-6834097525.667196,6834312430.721853,264.9743317533887,60.0,indiana,2070,2010,4,coal_conv_pul_wo_ccs,600.0,-0.00398993418629034,4.0025823111685,860947.1645,396434.79949999996
5,0.733,0.0,0.0,0.0,0.36036,0.09122,2.39413,3852648.0,8594.5,5695882,41787.093961048704,60.0,1,160.59363429774578,-6834270643.6278925,6834312430.721853,264.9743317533887,60.0,indiana,2070,2010,4,coal_conv_pul_wo_ccs,600.0,-0.00398993418629034,4.0025823111685,867947.1645,396434.79949999996
5,0.733,0.0,0.0,0.0,0.36036,0.09122,2.39413,3852648.0,8594.5,5709991,0.0,60.0,1,160.59363429774578,-6834312430.721853,6834312430.721853,264.9743317533887,60.0,indiana,2070,2010,4,coal_conv_pul_wo_ccs,600.0,-0.00398993418629034,4.0025823111685,897947.1645,393434.79949999996
5,0.733,0.0,0.0,0.0,0.36036,0.09122,2.39413,3852648.0,8594.5,5724025,0.0,60.0,1,160.59363429774578,-6834312430.721853,6834312430.721853,264.9743317533887,60.0,indiana,2070,2010,4,coal_conv_pul_wo_ccs,600.0,-0.00398993418629034,4.0025823111685,852947.1645,390434.79949999996
5,0.733,0.0,0.0,0.0,0.36036,0.09122,2.39413,3852648.0,8594.5,5724033,0.0,60.0,1,160.59363429774578,-6834312430.721853,6834312430.721853,264.9743317533887,60.0,indiana,2070,2010,4,coal_conv_pul_wo_ccs,600.0,-0.00398993418629034,4.0025823111685,860947.1645,390434.79949999996
5,0.733,0.0,0.0,0.0,0.36036,0.09122,2.39413,3852648.0,8594.5,5728732,0.0,60.0,1,160.59363429774578,-6834312430.721853,6834312430.721853,264.9743317533887,60.0,indiana,2070,2010,4,coal_conv_pul_wo_ccs,600.0,-0.00398993418629034,4.0025823111685,866947.1645,389434.79949999996
5,0.733,0.0,0.0,0.0,0.36036,0.09122,2.39413,3852648.0,8594.5,5733431,150665.50992919272,60.0,1,160.59363429774578,-6834161765.211924,6834312430.721853,264.9743317533887,60.0,indiana,2070,2010,4,coal_conv_pul_wo_ccs,600.0,-0.00398993418629034,4.0025823111685,872947.1645,388434.79949999996
5,0.733,0.0,0.0,0.0,0.36036,0.09122,2.39413,3852648.0,8594.5,5756888,129141.86565359375,60.0,1,160.59363429774578,-6834183288.856199,6834312430.721853,264.9743317533887,60.0,indiana,2070,2010,4,coal_conv_pul_wo_ccs,600.0,-0.00398993418629034,4.0025823111685,864947.1645,383434.79949999996
5,0.733,0.0,0.0,0.0,0.36036,0.09122,2.39413,3852648.0,8594.5,5761587,0.0,60.0,1,160.59363429774578,-6834312430.721853,6834312430.721853,264.9743317533887,60.0,indiana,2070,2010,4,coal_conv_pul_wo_ccs,600.0,-0.00398993418629034,4.0025823111685,870947.1645,382434.79949999996
5,0.733,0.0,0.0,0.0,0.36036,0.09122,2.39413,3852648.0,8594.5,5766290,0.0,60.0,1,160.59363429774578,-6834312430.721853,6834312430.721853,264.9743317533887,60.0,indiana,2070,2010,4,coal_conv_pul_wo_ccs,600.0,-0.00398993418629034,4.0025823111685,880947.1645,381434.79949999996
5,0.733,0.0,0.0,0.0,0.36036,0.09122,2.39413,3852648.0,8594.5,5766298,71635.01821894065,60.0,1,160.59363429774578,-6834240795.703634,6834312430.721853,264.9743317533887,60.0,indiana,2070,2010,4,coal_conv_pul_wo_ccs,600.0,-0.00398993418629034,4.0025823111685,888947.1645,381434.79949999996
5,0.733,0.0,0.0,0.0,0.36036,0.09122,2.39413,3852648.0,8594.5,5770957,150665.50992919272,60.0,1,160.59363429774578,-6834161765.211924,6834312430.721853,264.9743317533887,60.0,indiana,2070,2010,4,coal_conv_pul_wo_ccs,600.0,-0.00398993418629034,4.0025823111685,854947.1645,380434.79949999996
5,0.733,0.0,0.0,0.0,0.36036,0.09122,2.39413,3852648.0,8594.5,5794436,0.0,60.0,1,160.59363429774578,-6834312430.721853,6834312430.721853,264.9743317533887,60.0,indiana,2070,2010,4,coal_conv_pul_wo_ccs,600.0,-0.00398993418629034,4.0025823111685,868947.1645,375434.79949999996
5,0.733,0.0,0.0,0.0,0.36036,0.09122,2.39413,3852648.0,8594.5,5808528,167148.37584419482,60.0,1,160.59363429774578,-6834145282.346009,6834312430.721853,264.9743317533887,60.0,indiana,2070,2010,4,coal_conv_pul_wo_ccs,600.0,-0.00398993418629034,4.0025823111685,881947.1645,372434.79949999996
5,0.272,0.0,0.0,0.0,0.18744,0.02067,4.12527,953088.0000000001,5923.6,5259447,0.0,60.0,1,343.8361741094851,-454283917.03020704,454283917.03020704,39.97020950119198,60.0,indiana,2070,2010,8,gas_cc_wo_ccs,400.0,-0.00398993418629034,3.48612007746934,881947.1645,489434.79949999996
5,0.272,0.0,0.0,0.0,0.18744,0.02067,4.12527,953088.0000000001,5923.6,5550454,35817.509109470324,60.0,1,343.8361741094851,-454248099.52109754,454283917.03020704,39.97020950119198,60.0,indiana,2070,2010,8,gas_cc_wo_ccs,400.0,-0.00398993418629034,3.48612007746934,922947.1645,427434.79949999996
5,0.41,0.0,0.0,0.0,0.18744,0.02067,4.12527,1436640.0,7337.6,5179548,0.0,60.0,1,303.8308074778564,-581102624.1678654,581102624.1678654,52.01903465357184,60.0,indiana,2070,2010,9,gas_cc_w_ccs,400.0,-0.00398993418629034,7.00451904454487,763947.1645,506434.79949999996
5,0.41,0.0,0.0,0.0,0.18744,0.02067,4.12527,1436640.0,7337.6,5254780,0.0,60.0,1,303.8308074778564,-581102624.1678654,581102624.1678654,52.01903465357184,60.0,indiana,2070,2010,9,gas_cc_w_ccs,400.0,-0.00398993418629034,7.00451904454487,907947.1645,490434.79949999996
5,0.41,0.0,0.0,0.0,0.18744,0.02067,4.12527,1436640.0,7337.6,5287628,0.0,60.0,1,303.8308074778564,-581102624.1678654,581102624.1678654,52.01903465357184,60.0,indiana,2070,2010,9,gas_cc_w_ccs,400.0,-0.00398993418629034,7.00451904454487,904947.1645,483434.79949999996
5,0.41,0.0,0.0,0.0,0.18744,0.02067,4.12527,1436640.0,7337.6,5888288,0.0,60.0,1,303.8308074778564,-581102624.1678654,581102624.1678654,52.01903465357184,60.0,indiana,2070,2010,9,gas_cc_w_ccs,400.0,-0.00398993418629034,7.00451904454487,860947.1645,355434.79949999996
5,0.464,0.0,0.0,0.0,0.0,0.0,0.0,325171.2,3412.0,5142048,0.0,30.0,1,292.1833847377513,-95009621.83523618,95009621.83523618,0.0,30.0,indiana,2040,2010,18,wind_onshore,80.0,-0.00249607760279447,0.0,807947.1645,514434.79949999996
5,0.464,0.0,0.0,0.0,0.0,0.0,0.0,325171.2,3412.0,5156133,0.0,30.0,1,292.1833847377513,-95009621.83523618,95009621.83523618,0.0,30.0,indiana,2040,2010,18,wind_onshore,80.0,-0.00249607760279447,0.0,813947.1645,511434.79949999996
5,0.464,0.0,0.0,0.0,0.0,0.0,0.0,325171.2,3412.0,5170154,0.0,30.0,1,292.1833847377513,-95009621.83523618,95009621.83523618,0.0,30.0,indiana,2040,2010,18,wind_onshore,80.0,-0.00249607760279447,0.0,755947.1645,508434.79949999996
5,0.464,0.0,0.0,0.0,0.0,0.0,0.0,325171.2,3412.0,5362697,0.0,30.0,1,292.1833847377513,-95009621.83523618,95009621.83523618,0.0,30.0,indiana,2040,2010,18,wind_onshore,80.0,-0.00249607760279447,0.0,885947.1645,467434.79949999996
5,0.464,0.0,0.0,0.0,0.0,0.0,0.0,325171.2,3412.0,5400228,0.0,30.0,1,292.1833847377513,-95009621.83523618,95009621.83523618,0.0,30.0,indiana,2040,2010,18,wind_onshore,80.0,-0.00249607760279447,0.0,872947.1645,459434.79949999996
5,0.464,0.0,0.0,0.0,0.0,0.0,0.0,325171.2,3412.0,5451904,0.0,30.0,1,292.1833847377513,-95009621.83523618,95009621.83523618,0.0,30.0,indiana,2040,2010,18,wind_onshore,80.0,-0.00249607760279447,0.0,925947.1645,448434.79949999996
5,0.464,0.0,0.0,0.0,0.0,0.0,0.0,325171.2,3412.0,5480048,0.0,30.0,1,292.1833847377513,-95009621.83523618,95009621.83523618,0.0,30.0,indiana,2040,2010,18,wind_onshore,80.0,-0.00249607760279447,0.0,911947.1645,442434.79949999996
5,0.464,0.0,0.0,0.0,0.0,0.0,0.0,325171.2,3412.0,5616136,0.0,30.0,1,292.1833847377513,-95009621.83523618,95009621.83523618,0.0,30.0,indiana,2040,2010,18,wind_onshore,80.0,-0.00249607760279447,0.0,902947.1645,413434.79949999996
5,0.464,0.0,0.0,0.0,0.0,0.0,0.0,325171.2,3412.0,5822591,0.0,30.0,1,292.1833847377513,-95009621.83523618,95009621.83523618,0.0,30.0,indiana,2040,2010,18,wind_onshore,80.0,-0.00249607760279447,0.0,865947.1645,369434.79949999996
5,0.733,0.0,0.0,0.0,0.36036,0.09122,2.39413,3852648.0,8594.5,4667214,0.0,60.0,12,176.10166519112164,-7592861460.74656,7592861460.74656,264.9743317533887,60.0,iowa,2070,2010,4,coal_conv_pul_wo_ccs,600.0,-0.00398993418629034,4.0025823111685,-33052.835500000045,615434.7995
5,0.733,0.0,0.0,0.0,0.36036,0.09122,2.39413,3852648.0,8594.5,4887772,0.0,60.0,12,176.10166519112164,-7592861460.74656,7592861460.74656,264.9743317533887,60.0,iowa,2070,2010,4,coal_conv_pul_wo_ccs,600.0,-0.00398993418629034,4.0025823111685,-46052.835500000045,568434.7995
5,0.733,0.0,0.0,0.0,0.36036,0.09122,2.39413,3852648.0,8594.5,4920629,0.0,60.0,12,176.10166519112164,-7592861460.74656,7592861460.74656,264.9743317533887,60.0,iowa,2070,2010,4,coal_conv_pul_wo_ccs,600.0,-0.00398993418629034,4.0025823111685,-40052.835500000045,561434.7995
5,0.733,0.0,0.0,0.0,0.36036,0.09122,2.39413,3852648.0,8594.5,4972576,0.0,60.0,12,176.10166519112164,-7592861460.74656,7592861460.74656,264.9743317533887,60.0,iowa,2070,2010,4,coal_conv_pul_wo_ccs,600.0,-0.00398993418629034,4.0025823111685,283947.16449999996,550434.7995
5,0.733,0.0,0.0,0.0,0.36036,0.09122,2.39413,3852648.0,8594.5,5014499,0.0,60.0,12,176.10166519112164,-7592861460.74656,7592861460.74656,264.9743317533887,60.0,iowa,2070,2010,4,coal_conv_pul_wo_ccs,600.0,-0.00398993418629034,4.0025823111685,-30052.835500000045,541434.7995
5,0.733,0.0,0.0,0.0,0.36036,0.09122,2.39413,3852648.0,8594.5,5108406,0.0,60.0,12,176.10166519112164,-7592861460.74656,7592861460.74656,264.9743317533887,60.0,iowa,2070,2010,4,coal_conv_pul_wo_ccs,600.0,-0.00398993418629034,4.0025823111685,16947.164499999955,521434.79949999996
5,0.733,0.0,0.0,0.0,0.36036,0.09122,2.39413,3852648.0,8594.5,5193214,0.0,60.0,12,176.10166519112164,-7592861460.74656,7592861460.74656,264.9743317533887,60.0,iowa,2070,2010,4,coal_conv_pul_wo_ccs,600.0,-0.00398993418629034,4.0025823111685,350947.16449999996,503434.79949999996
5,0.733,0.0,0.0,0.0,0.36036,0.09122,2.39413,3852648.0,8594.5,5371589,0.0,60.0,12,176.10166519112164,-7592861460.74656,7592861460.74656,264.9743317533887,60.0,iowa,2070,2010,4,coal_conv_pul_wo_ccs,600.0,-0.00398993418629034,4.0025823111685,391947.16449999996,465434.79949999996
5,0.733,0.0,0.0,0.0,0.36036,0.09122,2.39413,3852648.0,8594.5,5413808,0.0,60.0,12,176.10166519112164,-7592861460.74656,7592861460.74656,264.9743317533887,60.0,iowa,2070,2010,4,coal_conv_pul_wo_ccs,600.0,-0.00398993418629034,4.0025823111685,373947.16449999996,456434.79949999996
5,0.733,0.0,0.0,0.0,0.36036,0.09122,2.39413,3852648.0,8594.5,5526306,0.0,60.0,12,176.10166519112164,-7592861460.74656,7592861460.74656,264.9743317533887,60.0,iowa,2070,2010,4,coal_conv_pul_wo_ccs,600.0,-0.00398993418629034,4.0025823111685,239947.16449999996,432434.79949999996
5,0.733,0.0,0.0,0.0,0.36036,0.09122,2.39413,3852648.0,8594.5,5596766,0.0,60.0,12,176.10166519112164,-7592861460.74656,7592861460.74656,264.9743317533887,60.0,iowa,2070,2010,4,coal_conv_pul_wo_ccs,600.0,-0.00398993418629034,4.0025823111685,304947.16449999996,417434.79949999996
5,0.733,0.0,0.0,0.0,0.36036,0.09122,2.39413,3852648.0,8594.5,5695289,0.0,60.0,12,176.10166519112164,-7592861460.74656,7592861460.74656,264.9743317533887,60.0,iowa,2070,2010,4,coal_conv_pul_wo_ccs,600.0,-0.00398993418629034,4.0025823111685,274947.16449999996,396434.79949999996
5,0.733,0.0,0.0,0.0,0.36036,0.09122,2.39413,3852648.0,8594.5,5756423,0.0,60.0,12,176.10166519112164,-7592861460.74656,7592861460.74656,264.9743317533887,60.0,iowa,2070,2010,4,coal_conv_pul_wo_ccs,600.0,-0.00398993418629034,4.0025823111685,399947.16449999996,383434.79949999996
5,0.41,0.0,0.0,0.0,0.18744,0.02067,4.12527,1436640.0,7337.6,5057029,0.0,60.0,12,321.25297786650793,-618709322.3470086,618709322.3470086,52.01903465357184,60.0,iowa,2070,2010,9,gas_cc_w_ccs,400.0,-0.00398993418629034,7.00451904454487,262947.16449999996,532434.7995
5,0.464,0.0,0.0,0.0,0.0,0.0,0.0,325171.2,3412.0,4498510,0.0,30.0,12,309.40769059342244,-100610470.0394918,100610470.0394918,0.0,30.0,iowa,2040,2010,18,wind_onshore,80.0,-0.00249607760279447,0.0,210947.16449999996,651434.7995
5,0.464,0.0,0.0,0.0,0.0,0.0,0.0,325171.2,3412.0,4545406,0.0,30.0,12,309.40769059342244,-100610470.0394918,100610470.0394918,0.0,30.0,iowa,2040,2010,18,wind_onshore,80.0,-0.00249607760279447,0.0,176947.16449999996,641434.7995
5,0.464,0.0,0.0,0.0,0.0,0.0,0.0,325171.2,3412.0,4573614,0.0,30.0,12,309.40769059342244,-100610470.0394918,100610470.0394918,0.0,30.0,iowa,2040,2010,18,wind_onshore,80.0,-0.00249607760279447,0.0,226947.16449999996,635434.7995
5,0.464,0.0,0.0,0.0,0.0,0.0,0.0,325171.2,3412.0,4592249,0.0,30.0,12,309.40769059342244,-100610470.0394918,100610470.0394918,0.0,30.0,iowa,2040,2010,18,wind_onshore,80.0,-0.00249607760279447,0.0,89947.16449999996,631434.7995
5,0.464,0.0,0.0,0.0,0.0,0.0,0.0,325171.2,3412.0,4634407,0.0,30.0,12,309.40769059342244,-100610470.0394918,100610470.0394918,0.0,30.0,iowa,2040,2010,18,wind_onshore,80.0,-0.00249607760279447,0.0,10947.164499999955,622434.7995
5,0.464,0.0,0.0,0.0,0.0,0.0,0.0,325171.2,3412.0,4681305,0.0,30.0,12,309.40769059342244,-100610470.0394918,100610470.0394918,0.0,30.0,iowa,2040,2010,18,wind_onshore,80.0,-0.00249607760279447,0.0,-21052.835500000045,612434.7995
5,0.464,0.0,0.0,0.0,0.0,0.0,0.0,325171.2,3412.0,4718881,0.0,30.0,12,309.40769059342244,-100610470.0394918,100610470.0394918,0.0,30.0,iowa,2040,2010,18,wind_onshore,80.0,-0.00249607760279447,0.0,10947.164499999955,604434.7995
5,0.464,0.0,0.0,0.0,0.0,0.0,0.0,325171.2,3412.0,4887920,0.0,30.0,12,309.40769059342244,-100610470.0394918,100610470.0394918,0.0,30.0,iowa,2040,2010,18,wind_onshore,80.0,-0.00249607760279447,0.0,101947.16449999996,568434.7995
5,0.464,0.0,0.0,0.0,0.0,0.0,0.0,325171.2,3412.0,4897502,0.0,30.0,12,309.40769059342244,-100610470.0394918,100610470.0394918,0.0,30.0,iowa,2040,2010,18,wind_onshore,80.0,-0.00249607760279447,0.0,297947.16449999996,566434.7995
5,0.464,0.0,0.0,0.0,0.0,0.0,0.0,325171.2,3412.0,5089824,0.0,30.0,12,309.40769059342244,-100610470.0394918,100610470.0394918,0.0,30.0,iowa,2040,2010,18,wind_onshore,80.0,-0.00249607760279447,0.0,206947.16449999996,525434.7995
5,0.464,0.0,0.0,0.0,0.0,0.0,0.0,325171.2,3412.0,5099053,0.0,30.0,12,309.40769059342244,-100610470.0394918,100610470.0394918,0.0,30.0,iowa,2040,2010,18,wind_onshore,80.0,-0.00249607760279447,0.0,49947.164499999955,523434.79949999996
5,0.464,0.0,0.0,0.0,0.0,0.0,0.0,325171.2,3412.0,5127316,0.0,30.0,12,309.40769059342244,-100610470.0394918,100610470.0394918,0.0,30.0,iowa,2040,2010,18,wind_onshore,80.0,-0.00249607760279447,0.0,154947.16449999996,517434.79949999996
5,0.464,0.0,0.0,0.0,0.0,0.0,0.0,325171.2,3412.0,5155667,0.0,30.0,12,309.40769059342244,-100610470.0394918,100610470.0394918,0.0,30.0,iowa,2040,2010,18,wind_onshore,80.0,-0.00249607760279447,0.0,347947.16449999996,511434.79949999996
5,0.464,0.0,0.0,0.0,0.0,0.0,0.0,325171.2,3412.0,5206991,0.0,30.0,12,309.40769059342244,-100610470.0394918,100610470.0394918,0.0,30.0,iowa,2040,2010,18,wind_onshore,80.0,-0.00249607760279447,0.0,48947.164499999955,500434.79949999996
5,0.464,0.0,0.0,0.0,0.0,0.0,0.0,325171.2,3412.0,5221376,0.0,30.0,12,309.40769059342244,-100610470.0394918,100610470.0394918,0.0,30.0,iowa,2040,2010,18,wind_onshore,80.0,-0.00249607760279447,0.0,354947.16449999996,497434.79949999996
5,0.464,0.0,0.0,0.0,0.0,0.0,0.0,325171.2,3412.0,5315253,0.0,30.0,12,309.40769059342244,-100610470.0394918,100610470.0394918,0.0,30.0,iowa,2040,2010,18,wind_onshore,80.0,-0.00249607760279447,0.0,371947.16449999996,477434.79949999996
5,0.464,0.0,0.0,0.0,0.0,0.0,0.0,325171.2,3412.0,5385475,0.0,30.0,12,309.40769059342244,-100610470.0394918,100610470.0394918,0.0,30.0,iowa,2040,2010,18,wind_onshore,80.0,-0.00249607760279447,0.0,198947.16449999996,462434.79949999996
5,0.464,0.0,0.0,0.0,0.0,0.0,0.0,325171.2,3412.0,5385602,0.0,30.0,12,309.40769059342244,-100610470.0394918,100610470.0394918,0.0,30.0,iowa,2040,2010,18,wind_onshore,80.0,-0.00249607760279447,0.0,325947.16449999996,462434.79949999996
5,0.464,0.0,0.0,0.0,0.0,0.0,0.0,325171.2,3412.0,5394935,0.0,30.0,12,309.40769059342244,-100610470.0394918,100610470.0394918,0.0,30.0,iowa,2040,2010,18,wind_onshore,80.0,-0.00249607760279447,0.0,272947.16449999996,460434.79949999996
5,0.464,0.0,0.0,0.0,0.0,0.0,0.0,325171.2,3412.0,5446696,0.0,30.0,12,309.40769059342244,-100610470.0394918,100610470.0394918,0.0,30.0,iowa,2040,2010,18,wind_onshore,80.0,-0.00249607760279447,0.0,410947.16449999996,449434.79949999996
5,0.464,0.0,0.0,0.0,0.0,0.0,0.0,325171.2,3412.0,5545006,0.0,30.0,12,309.40769059342244,-100610470.0394918,100610470.0394918,0.0,30.0,iowa,2040,2010,18,wind_onshore,80.0,-0.00249607760279447,0.0,167947.16449999996,428434.79949999996
5,0.464,0.0,0.0,0.0,0.0,0.0,0.0,325171.2,3412.0,5591840,0.0,30.0,12,309.40769059342244,-100610470.0394918,100610470.0394918,0.0,30.0,iowa,2040,2010,18,wind_onshore,80.0,-0.00249607760279447,0.0,71947.16449999996,418434.79949999996
5,0.464,0.0,0.0,0.0,0.0,0.0,0.0,325171.2,3412.0,5610557,0.0,30.0,12,309.40769059342244,-100610470.0394918,100610470.0394918,0.0,30.0,iowa,2040,2010,18,wind_onshore,80.0,-0.00249607760279447,0.0,16947.164499999955,414434.79949999996
5,0.464,0.0,0.0,0.0,0.0,0.0,0.0,325171.2,3412.0,5709157,0.0,30.0,12,309.40769059342244,-100610470.0394918,100610470.0394918,0.0,30.0,iowa,2040,2010,18,wind_onshore,80.0,-0.00249607760279447,0.0,63947.164499999955,393434.79949999996
5,0.464,0.0,0.0,0.0,0.0,0.0,0.0,325171.2,3412.0,5746749,0.0,30.0,12,309.40769059342244,-100610470.0394918,100610470.0394918,0.0,30.0,iowa,2040,2010,18,wind_onshore,80.0,-0.00249607760279447,0.0,111947.16449999996,385434.79949999996
5,0.464,0.0,0.0,0.0,0.0,0.0,0.0,325171.2,3412.0,5822025,0.0,30.0,12,309.40769059342244,-100610470.0394918,100610470.0394918,0.0,30.0,iowa,2040,2010,18,wind_onshore,80.0,-0.00249607760279447,0.0,299947.16449999996,369434.79949999996
5,0.464,0.0,0.0,0.0,0.0,0.0,0.0,325171.2,3412.0,5882807,0.0,30.0,12,309.40769059342244,-100610470.0394918,100610470.0394918,0.0,30.0,iowa,2040,2010,18,wind_onshore,80.0,-0.00249607760279447,0.0,72947.16449999996,356434.79949999996
5,0.733,0.0,0.0,0.0,0.36036,0.09122,2.39413,3852648.0,8594.5,6483508,0.0,60.0,34,95.36378396773972,-3643704929.5710835,3643704929.5710835,264.9743317533887,60.0,kansas,2070,2010,4,coal_conv_pul_wo_ccs,600.0,-0.00398993418629034,4.0025823111685,69947.16449999996,228434.79949999996
5,0.733,0.0,0.0,0.0,0.36036,0.09122,2.39413,3852648.0,8594.5,6760254,0.0,60.0,34,95.36378396773972,-3643704929.5710835,3643704929.5710835,264.9743317533887,60.0,kansas,2070,2010,4,coal_conv_pul_wo_ccs,600.0,-0.00398993418629034,4.0025823111685,-71052.83550000004,169434.79949999996
5,0.733,0.0,0.0,0.0,0.36036,0.09122,2.39413,3852648.0,8594.5,7093304,0.0,60.0,34,95.36378396773972,-3643704929.5710835,3643704929.5710835,264.9743317533887,60.0,kansas,2070,2010,4,coal_conv_pul_wo_ccs,600.0,-0.00398993418629034,4.0025823111685,-224052.83550000004,98434.79949999996
5,0.733,0.0,0.0,0.0,0.36036,0.09122,2.39413,3852648.0,8594.5,7098032,0.0,60.0,34,95.36378396773972,-3643704929.5710835,3643704929.5710835,264.9743317533887,60.0,kansas,2070,2010,4,coal_conv_pul_wo_ccs,600.0,-0.00398993418629034,4.0025823111685,-189052.83550000004,97434.79949999996
5,0.733,0.0,0.0,0.0,0.36036,0.09122,2.39413,3852648.0,8594.5,7238574,0.0,60.0,34,95.36378396773972,-3643704929.5710835,3643704929.5710835,264.9743317533887,60.0,kansas,2070,2010,4,coal_conv_pul_wo_ccs,600.0,-0.00398993418629034,4.0025823111685,-437052.83550000004,67434.79949999996
5,0.733,0.0,0.0,0.0,0.36036,0.09122,2.39413,3852648.0,8594.5,7337616,0.0,60.0,34,95.36378396773972,-3643704929.5710835,3643704929.5710835,264.9743317533887,60.0,kansas,2070,2010,4,coal_conv_pul_wo_ccs,600.0,-0.00398993418629034,4.0025823111685,51947.164499999955,46434.799499999965
5,0.733,0.0,0.0,0.0,0.36036,0.09122,2.39413,3852648.0,8594.5,7346557,0.0,60.0,34,95.36378396773972,-3643704929.5710835,3643704929.5710835,264.9743317533887,60.0,kansas,2070,2010,4,coal_conv_pul_wo_ccs,600.0,-0.00398993418629034,4.0025823111685,-393052.83550000004,44434.799499999965
5,0.733,0.0,0.0,0.0,0.36036,0.09122,2.39413,3852648.0,8594.5,7402916,0.0,60.0,34,95.36378396773972,-3643704929.5710835,3643704929.5710835,264.9743317533887,60.0,kansas,2070,2010,4,coal_conv_pul_wo_ccs,600.0,-0.00398993418629034,4.0025823111685,-350052.83550000004,32434.799499999965
5,0.733,0.0,0.0,0.0,0.36036,0.09122,2.39413,3852648.0,8594.5,7736517,0.0,60.0,34,95.36378396773972,-3643704929.5710835,3643704929.5710835,264.9743317533887,60.0,kansas,2070,2010,4,coal_conv_pul_wo_ccs,600.0,-0.00398993418629034,4.0025823111685,47947.164499999955,-38565.200500000035
5,0.41,0.0,0.0,0.0,0.18744,0.02067,4.12527,1436640.0,7337.6,6797971,0.0,60.0,34,240.46256557225374,-444318842.6799272,444318842.6799272,52.01903465357184,60.0,kansas,2070,2010,9,gas_cc_w_ccs,400.0,-0.00398993418629034,7.00451904454487,101947.16449999996,161434.79949999996
5,0.41,0.0,0.0,0.0,0.18744,0.02067,4.12527,1436640.0,7337.6,7656766,0.0,60.0,34,240.46256557225374,-444318842.6799272,444318842.6799272,52.01903465357184,60.0,kansas,2070,2010,9,gas_cc_w_ccs,400.0,-0.00398993418629034,7.00451904454487,77947.16449999996,-21565.200500000035
5,0.464,0.0,0.0,0.0,0.0,0.0,0.0,325171.2,3412.0,6553888,0.0,30.0,34,228.74718556194568,-74381996.8258005,74381996.8258005,0.0,30.0,kansas,2040,2010,18,wind_onshore,80.0,-0.00249607760279447,0.0,54947.164499999955,213434.79949999996
5,0.464,0.0,0.0,0.0,0.0,0.0,0.0,325171.2,3412.0,6750969,0.0,30.0,34,228.74718556194568,-74381996.8258005,74381996.8258005,0.0,30.0,kansas,2040,2010,18,wind_onshore,80.0,-0.00249607760279447,0.0,29947.164499999955,171434.79949999996
5,0.464,0.0,0.0,0.0,0.0,0.0,0.0,325171.2,3412.0,6990344,0.0,30.0,34,228.74718556194568,-74381996.8258005,74381996.8258005,0.0,30.0,kansas,2040,2010,18,wind_onshore,80.0,-0.00249607760279447,0.0,61947.164499999955,120434.79949999996
5,0.464,0.0,0.0,0.0,0.0,0.0,0.0,325171.2,3412.0,7229460,0.0,30.0,34,228.74718556194568,-74381996.8258005,74381996.8258005,0.0,30.0,kansas,2040,2010,18,wind_onshore,80.0,-0.00249607760279447,0.0,-165052.83550000004,69434.79949999996
5,0.464,0.0,0.0,0.0,0.0,0.0,0.0,325171.2,3412.0,7407833,0.0,30.0,34,228.74718556194568,-74381996.8258005,74381996.8258005,0.0,30.0,kansas,2040,2010,18,wind_onshore,80.0,-0.00249607760279447,0.0,-126052.83550000004,31434.799499999965
5,0.464,0.0,0.0,0.0,0.0,0.0,0.0,325171.2,3412.0,7468522,0.0,30.0,34,228.74718556194568,-74381996.8258005,74381996.8258005,0.0,30.0,kansas,2040,2010,18,wind_onshore,80.0,-0.00249607760279447,0.0,-446052.83550000004,18434.799499999965
5,0.464,0.0,0.0,0.0,0.0,0.0,0.0,325171.2,3412.0,7496900,0.0,30.0,34,228.74718556194568,-74381996.8258005,74381996.8258005,0.0,30.0,kansas,2040,2010,18,wind_onshore,80.0,-0.00249607760279447,0.0,-226052.83550000004,12434.799499999965
5,0.464,0.0,0.0,0.0,0.0,0.0,0.0,325171.2,3412.0,7548631,0.0,30.0,34,228.74718556194568,-74381996.8258005,74381996.8258005,0.0,30.0,kansas,2040,2010,18,wind_onshore,80.0,-0.00249607760279447,0.0,-118052.83550000004,1434.7994999999646
5,0.464,0.0,0.0,0.0,0.0,0.0,0.0,325171.2,3412.0,7684540,0.0,30.0,34,228.74718556194568,-74381996.8258005,74381996.8258005,0.0,30.0,kansas,2040,2010,18,wind_onshore,80.0,-0.00249607760279447,0.0,-306052.83550000004,-27565.200500000035
5,0.464,0.0,0.0,0.0,0.0,0.0,0.0,325171.2,3412.0,7694255,0.0,30.0,34,228.74718556194568,-74381996.8258005,74381996.8258005,0.0,30.0,kansas,2040,2010,18,wind_onshore,80.0,-0.00249607760279447,0.0,22947.164499999955,-29565.200500000035
5,0.733,0.0,0.0,0.0,0.36036,0.09122,2.39413,3852648.0,8594.5,6634751,0.0,60.0,1,160.59363429774578,-6834312430.721853,6834312430.721853,264.9743317533887,60.0,kentucky,2070,2010,4,coal_conv_pul_wo_ccs,600.0,-0.00398993418629034,4.0025823111685,1136947.1645,196434.79949999996
5,0.733,0.0,0.0,0.0,0.36036,0.09122,2.39413,3852648.0,8594.5,6653530,0.0,60.0,1,160.59363429774578,-6834312430.721853,6834312430.721853,264.9743317533887,60.0,kentucky,2070,2010,4,coal_conv_pul_wo_ccs,600.0,-0.00398993418629034,4.0025823111685,1143947.1645,192434.79949999996
5,0.733,0.0,0.0,0.0,0.36036,0.09122,2.39413,3852648.0,8594.5,6813048,0.0,60.0,1,160.59363429774578,-6834312430.721853,6834312430.721853,264.9743317533887,60.0,kentucky,2070,2010,4,coal_conv_pul_wo_ccs,600.0,-0.00398993418629034,4.0025823111685,1099947.1645,158434.79949999996
5,0.733,0.0,0.0,0.0,0.36036,0.09122,2.39413,3852648.0,8594.5,6869421,0.0,60.0,1,160.59363429774578,-6834312430.721853,6834312430.721853,264.9743317533887,60.0,kentucky,2070,2010,4,coal_conv_pul_wo_ccs,600.0,-0.00398993418629034,4.0025823111685,1156947.1645,146434.79949999996
5,0.733,0.0,0.0,0.0,0.36036,0.09122,2.39413,3852648.0,8594.5,7000773,0.0,60.0,1,160.59363429774578,-6834312430.721853,6834312430.721853,264.9743317533887,60.0,kentucky,2070,2010,4,coal_conv_pul_wo_ccs,600.0,-0.00398993418629034,4.0025823111685,1104947.1645,118434.79949999996
5,0.733,0.0,0.0,0.0,0.36036,0.09122,2.39413,3852648.0,8594.5,7010204,0.0,60.0,1,160.59363429774578,-6834312430.721853,6834312430.721853,264.9743317533887,60.0,kentucky,2070,2010,4,coal_conv_pul_wo_ccs,600.0,-0.00398993418629034,4.0025823111685,1149947.1645,116434.79949999996
5,0.733,0.0,0.0,0.0,0.36036,0.09122,2.39413,3852648.0,8594.5,7024309,0.0,60.0,1,160.59363429774578,-6834312430.721853,6834312430.721853,264.9743317533887,60.0,kentucky,2070,2010,4,coal_conv_pul_wo_ccs,600.0,-0.00398993418629034,4.0025823111685,1175947.1645,113434.79949999996
5,0.733,0.0,0.0,0.0,0.36036,0.09122,2.39413,3852648.0,8594.5,7052419,0.0,60.0,1,160.59363429774578,-6834312430.721853,6834312430.721853,264.9743317533887,60.0,kentucky,2070,2010,4,coal_conv_pul_wo_ccs,600.0,-0.00398993418629034,4.0025823111685,1127947.1645,107434.79949999996
5,0.733,0.0,0.0,0.0,0.36036,0.09122,2.39413,3852648.0,8594.5,7052444,0.0,60.0,1,160.59363429774578,-6834312430.721853,6834312430.721853,264.9743317533887,60.0,kentucky,2070,2010,4,coal_conv_pul_wo_ccs,600.0,-0.00398993418629034,4.0025823111685,1152947.1645,107434.79949999996
5,0.733,0.0,0.0,0.0,0.36036,0.09122,2.39413,3852648.0,8594.5,7075959,0.0,60.0,1,160.59363429774578,-6834312430.721853,6834312430.721853,264.9743317533887,60.0,kentucky,2070,2010,4,coal_conv_pul_wo_ccs,600.0,-0.00398993418629034,4.0025823111685,1202947.1645,102434.79949999996
5,0.733,0.0,0.0,0.0,0.36036,0.09122,2.39413,3852648.0,8594.5,7089989,0.0,60.0,1,160.59363429774578,-6834312430.721853,6834312430.721853,264.9743317533887,60.0,kentucky,2070,2010,4,coal_conv_pul_wo_ccs,600.0,-0.00398993418629034,4.0025823111685,1153947.1645,99434.79949999996
5,0.733,0.0,0.0,0.0,0.36036,0.09122,2.39413,3852648.0,8594.5,7090023,0.0,60.0,1,160.59363429774578,-6834312430.721853,6834312430.721853,264.9743317533887,60.0,kentucky,2070,2010,4,coal_conv_pul_wo_ccs,600.0,-0.00398993418629034,4.0025823111685,1187947.1645,99434.79949999996
5,0.733,0.0,0.0,0.0,0.36036,0.09122,2.39413,3852648.0,8594.5,7132216,0.0,60.0,1,160.59363429774578,-6834312430.721853,6834312430.721853,264.9743317533887,60.0,kentucky,2070,2010,4,coal_conv_pul_wo_ccs,600.0,-0.00398993418629034,4.0025823111685,1143947.1645,90434.79949999996
5,0.733,0.0,0.0,0.0,0.36036,0.09122,2.39413,3852648.0,8594.5,7132259,0.0,60.0,1,160.59363429774578,-6834312430.721853,6834312430.721853,264.9743317533887,60.0,kentucky,2070,2010,4,coal_conv_pul_wo_ccs,600.0,-0.00398993418629034,4.0025823111685,1186947.1645,90434.79949999996
5,0.733,0.0,0.0,0.0,0.36036,0.09122,2.39413,3852648.0,8594.5,7165132,0.0,60.0,1,160.59363429774578,-6834312430.721853,6834312430.721853,264.9743317533887,60.0,kentucky,2070,2010,4,coal_conv_pul_wo_ccs,600.0,-0.00398993418629034,4.0025823111685,1208947.1645,83434.79949999996
5,0.733,0.0,0.0,0.0,0.36036,0.09122,2.39413,3852648.0,8594.5,7179175,0.0,60.0,1,160.59363429774578,-6834312430.721853,6834312430.721853,264.9743317533887,60.0,kentucky,2070,2010,4,coal_conv_pul_wo_ccs,600.0,-0.00398993418629034,4.0025823111685,1172947.1645,80434.79949999996
5,0.733,0.0,0.0,0.0,0.36036,0.09122,2.39413,3852648.0,8594.5,7179199,0.0,60.0,1,160.59363429774578,-6834312430.721853,6834312430.721853,264.9743317533887,60.0,kentucky,2070,2010,4,coal_conv_pul_wo_ccs,600.0,-0.00398993418629034,4.0025823111685,1196947.1645,80434.79949999996
5,0.733,0.0,0.0,0.0,0.36036,0.09122,2.39413,3852648.0,8594.5,7188544,0.0,60.0,1,160.59363429774578,-6834312430.721853,6834312430.721853,264.9743317533887,60.0,kentucky,2070,2010,4,coal_conv_pul_wo_ccs,600.0,-0.00398993418629034,4.0025823111685,1155947.1645,78434.79949999996
5,0.733,0.0,0.0,0.0,0.36036,0.09122,2.39413,3852648.0,8594.5,7235459,0.0,60.0,1,160.59363429774578,-6834312430.721853,6834312430.721853,264.9743317533887,60.0,kentucky,2070,2010,4,coal_conv_pul_wo_ccs,600.0,-0.00398993418629034,4.0025823111685,1140947.1645,68434.79949999996
5,0.733,0.0,0.0,0.0,0.36036,0.09122,2.39413,3852648.0,8594.5,7254244,0.0,60.0,1,160.59363429774578,-6834312430.721853,6834312430.721853,264.9743317533887,60.0,kentucky,2070,2010,4,coal_conv_pul_wo_ccs,600.0,-0.00398993418629034,4.0025823111685,1153947.1645,64434.799499999965
5,0.733,0.0,0.0,0.0,0.36036,0.09122,2.39413,3852648.0,8594.5,7287085,0.0,60.0,1,160.59363429774578,-6834312430.721853,6834312430.721853,264.9743317533887,60.0,kentucky,2070,2010,4,coal_conv_pul_wo_ccs,600.0,-0.00398993418629034,4.0025823111685,1143947.1645,57434.799499999965
5,0.733,0.0,0.0,0.0,0.36036,0.09122,2.39413,3852648.0,8594.5,7301184,0.0,60.0,1,160.59363429774578,-6834312430.721853,6834312430.721853,264.9743317533887,60.0,kentucky,2070,2010,4,coal_conv_pul_wo_ccs,600.0,-0.00398993418629034,4.0025823111685,1163947.1645,54434.799499999965
5,0.733,0.0,0.0,0.0,0.36036,0.09122,2.39413,3852648.0,8594.5,7301196,0.0,60.0,1,160.59363429774578,-6834312430.721853,6834312430.721853,264.9743317533887,60.0,kentucky,2070,2010,4,coal_conv_pul_wo_ccs,600.0,-0.00398993418629034,4.0025823111685,1175947.1645,54434.799499999965
5,0.733,0.0,0.0,0.0,0.36036,0.09122,2.39413,3852648.0,8594.5,7319912,0.0,60.0,1,160.59363429774578,-6834312430.721853,6834312430.721853,264.9743317533887,60.0,kentucky,2070,2010,4,coal_conv_pul_wo_ccs,600.0,-0.00398993418629034,4.0025823111685,1119947.1645,50434.799499999965
5,0.733,0.0,0.0,0.0,0.36036,0.09122,2.39413,3852648.0,8594.5,7334006,0.0,60.0,1,160.59363429774578,-6834312430.721853,6834312430.721853,264.9743317533887,60.0,kentucky,2070,2010,4,coal_conv_pul_wo_ccs,600.0,-0.00398993418629034,4.0025823111685,1134947.1645,47434.799499999965
5,0.733,0.0,0.0,0.0,0.36036,0.09122,2.39413,3852648.0,8594.5,7348120,0.0,60.0,1,160.59363429774578,-6834312430.721853,6834312430.721853,264.9743317533887,60.0,kentucky,2070,2010,4,coal_conv_pul_wo_ccs,600.0,-0.00398993418629034,4.0025823111685,1169947.1645,44434.799499999965
5,0.733,0.0,0.0,0.0,0.36036,0.09122,2.39413,3852648.0,8594.5,7394992,0.0,60.0,1,160.59363429774578,-6834312430.721853,6834312430.721853,264.9743317533887,60.0,kentucky,2070,2010,4,coal_conv_pul_wo_ccs,600.0,-0.00398993418629034,4.0025823111685,1111947.1645,34434.799499999965
5,0.733,0.0,0.0,0.0,0.36036,0.09122,2.39413,3852648.0,8594.5,7395013,0.0,60.0,1,160.59363429774578,-6834312430.721853,6834312430.721853,264.9743317533887,60.0,kentucky,2070,2010,4,coal_conv_pul_wo_ccs,600.0,-0.00398993418629034,4.0025823111685,1132947.1645,34434.799499999965
5,0.41,0.0,0.0,0.0,0.18744,0.02067,4.12527,1436640.0,7337.6,6733316,0.0,60.0,1,303.8308074778564,-581102624.1678654,581102624.1678654,52.01903465357184,60.0,kentucky,2070,2010,9,gas_cc_w_ccs,400.0,-0.00398993418629034,7.00451904454487,1148947.1645,175434.79949999996
5,0.115,0.0,0.0,0.0,0.25872,0.62952,14.83141,402960.0,9399.4,7085338,0.0,60.0,1,451.21673340006663,-5.287291109861393e+18,5.287291109861393e+18,5866286794497.894,60.0,kentucky,2070,2010,15,oil_ct_wo_ccs,400.0,-0.00398993418629034,10.0064557779212,1195947.1645,100434.79949999996
5,0.115,0.0,0.0,0.0,0.25872,0.62952,14.83141,402960.0,9399.4,7118191,0.0,60.0,1,451.21673340006663,-5.287291109861393e+18,5.287291109861393e+18,5866286794497.894,60.0,kentucky,2070,2010,15,oil_ct_wo_ccs,400.0,-0.00398993418629034,10.0064557779212,1197947.1645,93434.79949999996
5,0.115,0.0,0.0,0.0,0.25872,0.62952,14.83141,402960.0,9399.4,7197898,0.0,60.0,1,451.21673340006663,-5.287291109861393e+18,5.287291109861393e+18,5866286794497.894,60.0,kentucky,2070,2010,15,oil_ct_wo_ccs,400.0,-0.00398993418629034,10.0064557779212,1123947.1645,76434.79949999996
5,0.115,0.0,0.0,0.0,0.25872,0.62952,14.83141,402960.0,9399.4,7235515,0.0,60.0,1,451.21673340006663,-5.287291109861393e+18,5.287291109861393e+18,5866286794497.894,60.0,kentucky,2070,2010,15,oil_ct_wo_ccs,400.0,-0.00398993418629034,10.0064557779212,1196947.1645,68434.79949999996
5,0.115,0.0,0.0,0.0,0.25872,0.62952,14.83141,402960.0,9399.4,7244882,0.0,60.0,1,451.21673340006663,-5.287291109861393e+18,5.287291109861393e+18,5866286794497.894,60.0,kentucky,2070,2010,15,oil_ct_wo_ccs,400.0,-0.00398993418629034,10.0064557779212,1177947.1645,66434.79949999996
5,0.733,0.0,0.0,0.0,0.36036,0.09122,2.39413,3852648.0,8594.5,10449257,0.0,60.0,33,129.1860672383955,-5298064554.243711,5298064554.243711,264.9743317533887,60.0,louisiana,2070,2010,4,coal_conv_pul_wo_ccs,600.0,-0.00398993418629034,4.0025823111685,233947.16449999996,-616565.2005
5,0.733,0.0,0.0,0.0,0.36036,0.09122,2.39413,3852648.0,8594.5,10683917,0.0,60.0,33,129.1860672383955,-5298064554.243711,5298064554.243711,264.9743317533887,60.0,louisiana,2070,2010,4,coal_conv_pul_wo_ccs,600.0,-0.00398993418629034,4.0025823111685,243947.16449999996,-666565.2005
5,0.733,0.0,0.0,0.0,0.36036,0.09122,2.39413,3852648.0,8594.5,10740329,0.0,60.0,33,129.1860672383955,-5298064554.243711,5298064554.243711,264.9743317533887,60.0,louisiana,2070,2010,4,coal_conv_pul_wo_ccs,600.0,-0.00398993418629034,4.0025823111685,339947.16449999996,-678565.2005
5,0.733,0.0,0.0,0.0,0.36036,0.09122,2.39413,3852648.0,8594.5,10773174,0.0,60.0,33,129.1860672383955,-5298064554.243711,5298064554.243711,264.9743317533887,60.0,louisiana,2070,2010,4,coal_conv_pul_wo_ccs,600.0,-0.00398993418629034,4.0025823111685,333947.16449999996,-685565.2005
5,0.733,0.0,0.0,0.0,0.36036,0.09122,2.39413,3852648.0,8594.5,10876459,0.0,60.0,33,129.1860672383955,-5298064554.243711,5298064554.243711,264.9743317533887,60.0,louisiana,2070,2010,4,coal_conv_pul_wo_ccs,600.0,-0.00398993418629034,4.0025823111685,372947.16449999996,-707565.2005
5,0.733,0.0,0.0,0.0,0.36036,0.09122,2.39413,3852648.0,8594.5,11003058,0.0,60.0,33,129.1860672383955,-5298064554.243711,5298064554.243711,264.9743317533887,60.0,louisiana,2070,2010,4,coal_conv_pul_wo_ccs,600.0,-0.00398993418629034,4.0025823111685,260947.16449999996,-734565.2005
5,0.272,0.0,0.0,0.0,0.18744,0.02067,4.12527,953088.0000000001,5923.6,10594756,80090.38515349358,60.0,33,312.8173179474061,-409784315.5666248,409864405.9517783,39.97020950119198,60.0,louisiana,2070,2010,8,gas_cc_wo_ccs,400.0,-0.00398993418629034,3.48612007746934,249947.16449999996,-647565.2005
5,0.272,0.0,0.0,0.0,0.18744,0.02067,4.12527,953088.0000000001,5923.6,10702794,110569.39021551827,60.0,33,312.8173179474061,-409753836.5615628,409864405.9517783,39.97020950119198,60.0,louisiana,2070,2010,8,gas_cc_wo_ccs,400.0,-0.00398993418629034,3.48612007746934,348947.16449999996,-670565.2005
5,0.272,0.0,0.0,0.0,0.18744,0.02067,4.12527,953088.0000000001,5923.6,10730917,107452.52732841097,60.0,33,312.8173179474061,-409756953.42444986,409864405.9517783,39.97020950119198,60.0,louisiana,2070,2010,8,gas_cc_wo_ccs,400.0,-0.00398993418629034,3.48612007746934,313947.16449999996,-676565.2005
5,0.272,0.0,0.0,0.0,0.18744,0.02067,4.12527,953088.0000000001,5923.6,10740297,129141.86565359375,60.0,33,312.8173179474061,-409735264.0861247,409864405.9517783,39.97020950119198,60.0,louisiana,2070,2010,8,gas_cc_wo_ccs,400.0,-0.00398993418629034,3.48612007746934,307947.16449999996,-678565.2005
5,0.272,0.0,0.0,0.0,0.18744,0.02067,4.12527,953088.0000000001,5923.6,10754391,119536.53605435943,60.0,33,312.8173179474061,-409744869.4157239,409864405.9517783,39.97020950119198,60.0,louisiana,2070,2010,8,gas_cc_wo_ccs,400.0,-0.00398993418629034,3.48612007746934,322947.16449999996,-681565.2005
5,0.272,0.0,0.0,0.0,0.18744,0.02067,4.12527,953088.0000000001,5923.6,10782550,135151.9020735329,60.0,33,312.8173179474061,-409729254.04970473,409864405.9517783,39.97020950119198,60.0,louisiana,2070,2010,8,gas_cc_wo_ccs,400.0,-0.00398993418629034,3.48612007746934,323947.16449999996,-687565.2005
5,0.272,0.0,0.0,0.0,0.18744,0.02067,4.12527,953088.0000000001,5923.6,10899888,84525.09524358777,60.0,33,312.8173179474061,-409779880.8565347,409864405.9517783,39.97020950119198,60.0,louisiana,2070,2010,8,gas_cc_wo_ccs,400.0,-0.00398993418629034,3.48612007746934,336947.16449999996,-712565.2005
5,0.272,0.0,0.0,0.0,0.18744,0.02067,4.12527,953088.0000000001,5923.6,10946740,113264.9088997554,60.0,33,312.8173179474061,-409751141.0428785,409864405.9517783,39.97020950119198,60.0,louisiana,2070,2010,8,gas_cc_wo_ccs,400.0,-0.00398993418629034,3.48612007746934,258947.16449999996,-722565.2005
5,0.272,0.0,0.0,0.0,0.18744,0.02067,4.12527,953088.0000000001,5923.6,11035971,93438.78267907587,60.0,33,312.8173179474061,-409770967.1690992,409864405.9517783,39.97020950119198,60.0,louisiana,2070,2010,8,gas_cc_wo_ccs,400.0,-0.00398993418629034,3.48612007746934,322947.16449999996,-741565.2005
5,0.272,0.0,0.0,0.0,0.18744,0.02067,4.12527,953088.0000000001,5923.6,11186140,143270.0364378813,60.0,33,312.8173179474061,-409721135.9153404,409864405.9517783,39.97020950119198,60.0,louisiana,2070,2010,8,gas_cc_wo_ccs,400.0,-0.00398993418629034,3.48612007746934,315947.16449999996,-773565.2005
5,0.272,0.0,0.0,0.0,0.18744,0.02067,4.12527,953088.0000000001,5923.6,11232999,113686.25310262556,60.0,33,312.8173179474061,-409750719.6986757,409864405.9517783,39.97020950119198,60.0,louisiana,2070,2010,8,gas_cc_wo_ccs,400.0,-0.00398993418629034,3.48612007746934,244947.16449999996,-783565.2005
5,0.272,0.0,0.0,0.0,0.18744,0.02067,4.12527,953088.0000000001,5923.6,11341045,126696.53513897996,60.0,33,312.8173179474061,-409737709.4166393,409864405.9517783,39.97020950119198,60.0,louisiana,2070,2010,8,gas_cc_wo_ccs,400.0,-0.00398993418629034,3.48612007746934,351947.16449999996,-806565.2005
5,0.272,0.0,0.0,0.0,0.18744,0.02067,4.12527,953088.0000000001,5923.6,11463100,132142.3937163813,60.0,33,312.8173179474061,-409732263.5580619,409864405.9517783,39.97020950119198,60.0,louisiana,2070,2010,8,gas_cc_wo_ccs,400.0,-0.00398993418629034,3.48612007746934,388947.16449999996,-832565.2005
5,0.272,0.0,0.0,0.0,0.18744,0.02067,4.12527,953088.0000000001,5923.6,11571092,122508.55991867502,60.0,33,312.8173179474061,-409741897.3918596,409864405.9517783,39.97020950119198,60.0,louisiana,2070,2010,8,gas_cc_wo_ccs,400.0,-0.00398993418629034,3.48612007746934,441947.16449999996,-855565.2005
5,0.272,0.0,0.0,0.0,0.18744,0.02067,4.12527,953088.0000000001,5923.6,11599263,83574.18792209741,60.0,33,312.8173179474061,-409780831.7638562,409864405.9517783,39.97020950119198,60.0,louisiana,2070,2010,8,gas_cc_wo_ccs,400.0,-0.00398993418629034,3.48612007746934,454947.16449999996,-861565.2005
5,0.272,0.0,0.0,0.0,0.18744,0.02067,4.12527,953088.0000000001,5923.6,11613349,136772.16974103046,60.0,33,312.8173179474061,-409727633.78203726,409864405.9517783,39.97020950119198,60.0,louisiana,2070,2010,8,gas_cc_wo_ccs,400.0,-0.00398993418629034,3.48612007746934,461947.16449999996,-864565.2005
5,0.41,0.0,0.0,0.0,0.18744,0.02067,4.12527,1436640.0,7337.6,10331895,35817.509109470324,60.0,33,272.6261425679577,-513709847.74551606,513745665.25462556,52.01903465357184,60.0,louisiana,2070,2010,9,gas_cc_w_ccs,400.0,-0.00398993418629034,7.00451904454487,196947.16449999996,-591565.2005
5,0.41,0.0,0.0,0.0,0.18744,0.02067,4.12527,1436640.0,7337.6,10421083,35817.509109470324,60.0,33,272.6261425679577,-513709847.74551606,513745665.25462556,52.01903465357184,60.0,louisiana,2070,2010,9,gas_cc_w_ccs,400.0,-0.00398993418629034,7.00451904454487,217947.16449999996,-610565.2005
5,0.41,0.0,0.0,0.0,0.18744,0.02067,4.12527,1436640.0,7337.6,10449221,38934.37199657762,60.0,33,272.6261425679577,-513706730.882629,513745665.25462556,52.01903465357184,60.0,louisiana,2070,2010,9,gas_cc_w_ccs,400.0,-0.00398993418629034,7.00451904454487,197947.16449999996,-616565.2005
5,0.41,0.0,0.0,0.0,0.18744,0.02067,4.12527,1436640.0,7337.6,10538464,35817.509109470324,60.0,33,272.6261425679577,-513709847.74551606,513745665.25462556,52.01903465357184,60.0,louisiana,2070,2010,9,gas_cc_w_ccs,400.0,-0.00398993418629034,7.00451904454487,273947.16449999996,-635565.2005
5,0.41,0.0,0.0,0.0,0.18744,0.02067,4.12527,1436640.0,7337.6,10655754,74751.88110604795,60.0,33,272.6261425679577,-513670913.37351954,513745665.25462556,52.01903465357184,60.0,louisiana,2070,2010,9,gas_cc_w_ccs,400.0,-0.00398993418629034,7.00451904454487,238947.16449999996,-660565.2005
5,0.41,0.0,0.0,0.0,0.18744,0.02067,4.12527,1436640.0,7337.6,10707369,35817.509109470324,60.0,33,272.6261425679577,-513709847.74551606,513745665.25462556,52.01903465357184,60.0,louisiana,2070,2010,9,gas_cc_w_ccs,400.0,-0.00398993418629034,7.00451904454487,230947.16449999996,-671565.2005
5,0.41,0.0,0.0,0.0,0.18744,0.02067,4.12527,1436640.0,7337.6,10716857,38934.37199657762,60.0,33,272.6261425679577,-513706730.882629,513745665.25462556,52.01903465357184,60.0,louisiana,2070,2010,9,gas_cc_w_ccs,400.0,-0.00398993418629034,7.00451904454487,332947.16449999996,-673565.2005
5,0.41,0.0,0.0,0.0,0.18744,0.02067,4.12527,1436640.0,7337.6,10801329,41787.093961048704,60.0,33,272.6261425679577,-513703878.1606645,513745665.25462556,52.01903465357184,60.0,louisiana,2070,2010,9,gas_cc_w_ccs,400.0,-0.00398993418629034,7.00451904454487,330947.16449999996,-691565.2005
5,0.41,0.0,0.0,0.0,0.18744,0.02067,4.12527,1436640.0,7337.6,11003119,38934.37199657762,60.0,33,272.6261425679577,-513706730.882629,513745665.25462556,52.01903465357184,60.0,louisiana,2070,2010,9,gas_cc_w_ccs,400.0,-0.00398993418629034,7.00451904454487,321947.16449999996,-734565.2005
5,0.41,0.0,0.0,0.0,0.18744,0.02067,4.12527,1436640.0,7337.6,11012564,35817.509109470324,60.0,33,272.6261425679577,-513709847.74551606,513745665.25462556,52.01903465357184,60.0,louisiana,2070,2010,9,gas_cc_w_ccs,400.0,-0.00398993418629034,7.00451904454487,380947.16449999996,-736565.2005
5,0.41,0.0,0.0,0.0,0.18744,0.02067,4.12527,1436640.0,7337.6,11026501,50653.607153034805,60.0,33,272.6261425679577,-513695011.6474725,513745665.25462556,52.01903465357184,60.0,louisiana,2070,2010,9,gas_cc_w_ccs,400.0,-0.00398993418629034,7.00451904454487,238947.16449999996,-739565.2005
5,0.41,0.0,0.0,0.0,0.18744,0.02067,4.12527,1436640.0,7337.6,11040629,35817.509109470324,60.0,33,272.6261425679577,-513709847.74551606,513745665.25462556,52.01903465357184,60.0,louisiana,2070,2010,9,gas_cc_w_ccs,400.0,-0.00398993418629034,7.00451904454487,287947.16449999996,-742565.2005
5,0.41,0.0,0.0,0.0,0.18744,0.02067,4.12527,1436640.0,7337.6,11040658,41787.093961048704,60.0,33,272.6261425679577,-513703878.1606645,513745665.25462556,52.01903465357184,60.0,louisiana,2070,2010,9,gas_cc_w_ccs,400.0,-0.00398993418629034,7.00451904454487,316947.16449999996,-742565.2005
5,0.41,0.0,0.0,0.0,0.18744,0.02067,4.12527,1436640.0,7337.6,11054759,77868.74399315524,60.0,33,272.6261425679577,-513667796.5106324,513745665.25462556,52.01903465357184,60.0,louisiana,2070,2010,9,gas_cc_w_ccs,400.0,-0.00398993418629034,7.00451904454487,338947.16449999996,-745565.2005
5,0.41,0.0,0.0,0.0,0.18744,0.02067,4.12527,1436640.0,7337.6,11087627,38934.37199657762,60.0,33,272.6261425679577,-513706730.882629,513745665.25462556,52.01903465357184,60.0,louisiana,2070,2010,9,gas_cc_w_ccs,400.0,-0.00398993418629034,7.00451904454487,355947.16449999996,-752565.2005
5,0.41,0.0,0.0,0.0,0.18744,0.02067,4.12527,1436640.0,7337.6,11115774,38934.37199657762,60.0,33,272.6261425679577,-513706730.882629,513745665.25462556,52.01903465357184,60.0,louisiana,2070,2010,9,gas_cc_w_ccs,400.0,-0.00398993418629034,7.00451904454487,344947.16449999996,-758565.2005
5,0.41,0.0,0.0,0.0,0.18744,0.02067,4.12527,1436640.0,7337.6,11181506,38934.37199657762,60.0,33,272.6261425679577,-513706730.882629,513745665.25462556,52.01903465357184,60.0,louisiana,2070,2010,9,gas_cc_w_ccs,400.0,-0.00398993418629034,7.00451904454487,374947.16449999996,-772565.2005
5,0.41,0.0,0.0,0.0,0.18744,0.02067,4.12527,1436640.0,7337.6,11195473,71635.01821894065,60.0,33,272.6261425679577,-513674030.2364066,513745665.25462556,52.01903465357184,60.0,louisiana,2070,2010,9,gas_cc_w_ccs,400.0,-0.00398993418629034,7.00451904454487,262947.16449999996,-775565.2005
5,0.41,0.0,0.0,0.0,0.18744,0.02067,4.12527,1436640.0,7337.6,11200144,71635.01821894065,60.0,33,272.6261425679577,-513674030.2364066,513745665.25462556,52.01903465357184,60.0,louisiana,2070,2010,9,gas_cc_w_ccs,400.0,-0.00398993418629034,7.00451904454487,240947.16449999996,-776565.2005
5,0.41,0.0,0.0,0.0,0.18744,0.02067,4.12527,1436640.0,7337.6,11200249,0.0,60.0,33,272.6261425679577,-513745665.25462556,513745665.25462556,52.01903465357184,60.0,louisiana,2070,2010,9,gas_cc_w_ccs,400.0,-0.00398993418629034,7.00451904454487,345947.16449999996,-776565.2005
5,0.41,0.0,0.0,0.0,0.18744,0.02067,4.12527,1436640.0,7337.6,11219014,77868.74399315524,60.0,33,272.6261425679577,-513667796.5106324,513745665.25462556,52.01903465357184,60.0,louisiana,2070,2010,9,gas_cc_w_ccs,400.0,-0.00398993418629034,7.00451904454487,338947.16449999996,-780565.2005
5,0.41,0.0,0.0,0.0,0.18744,0.02067,4.12527,1436640.0,7337.6,11308186,50653.607153034805,60.0,33,272.6261425679577,-513695011.6474725,513745665.25462556,52.01903465357184,60.0,louisiana,2070,2010,9,gas_cc_w_ccs,400.0,-0.00398993418629034,7.00451904454487,343947.16449999996,-799565.2005
5,0.41,0.0,0.0,0.0,0.18744,0.02067,4.12527,1436640.0,7337.6,11312885,38934.37199657762,60.0,33,272.6261425679577,-513706730.882629,513745665.25462556,52.01903465357184,60.0,louisiana,2070,2010,9,gas_cc_w_ccs,400.0,-0.00398993418629034,7.00451904454487,349947.16449999996,-800565.2005
5,0.41,0.0,0.0,0.0,0.18744,0.02067,4.12527,1436640.0,7337.6,11341039,35817.509109470324,60.0,33,272.6261425679577,-513709847.74551606,513745665.25462556,52.01903465357184,60.0,louisiana,2070,2010,9,gas_cc_w_ccs,400.0,-0.00398993418629034,7.00451904454487,345947.16449999996,-806565.2005
5,0.41,0.0,0.0,0.0,0.18744,0.02067,4.12527,1436640.0,7337.6,11430267,0.0,60.0,33,272.6261425679577,-513745665.25462556,513745665.25462556,52.01903465357184,60.0,louisiana,2070,2010,9,gas_cc_w_ccs,400.0,-0.00398993418629034,7.00451904454487,406947.16449999996,-825565.2005
5,0.41,0.0,0.0,0.0,0.18744,0.02067,4.12527,1436640.0,7337.6,11449028,35817.509109470324,60.0,33,272.6261425679577,-513709847.74551606,513745665.25462556,52.01903465357184,60.0,louisiana,2070,2010,9,gas_cc_w_ccs,400.0,-0.00398993418629034,7.00451904454487,395947.16449999996,-829565.2005
5,0.41,0.0,0.0,0.0,0.18744,0.02067,4.12527,1436640.0,7337.6,11477188,50653.607153034805,60.0,33,272.6261425679577,-513695011.6474725,513745665.25462556,52.01903465357184,60.0,louisiana,2070,2010,9,gas_cc_w_ccs,400.0,-0.00398993418629034,7.00451904454487,397947.16449999996,-835565.2005
5,0.41,0.0,0.0,0.0,0.18744,0.02067,4.12527,1436640.0,7337.6,11519447,38934.37199657762,60.0,33,272.6261425679577,-513706730.882629,513745665.25462556,52.01903465357184,60.0,louisiana,2070,2010,9,gas_cc_w_ccs,400.0,-0.00398993418629034,7.00451904454487,419947.16449999996,-844565.2005
5,0.41,0.0,0.0,0.0,0.18744,0.02067,4.12527,1436640.0,7337.6,11636784,0.0,60.0,33,272.6261425679577,-513745665.25462556,513745665.25462556,52.01903465357184,60.0,louisiana,2070,2010,9,gas_cc_w_ccs,400.0,-0.00398993418629034,7.00451904454487,431947.16449999996,-869565.2005
5,0.9,0.0,0.0,0.0,0.0,0.04639,0.71281,10643400.0,10246.2,11054678,0.0,60.0,33,149.9805711343002,-4318203101.50895,4318203101.50895,23.034078534539436,60.0,louisiana,2070,2010,13,nuclear_gen_ii,1350.0,-0.00104311614063357,2.19496449322143,257947.16449999996,-745565.2005
5,0.115,0.0,0.0,0.0,0.25872,0.62952,14.83141,402960.0,9399.4,10491502,0.0,60.0,33,422.00931487042595,-4.792028170883743e+18,4.792028170883743e+18,5866286794497.894,60.0,louisiana,2070,2010,15,oil_ct_wo_ccs,400.0,-0.00398993418629034,10.0064557779212,241947.16449999996,-625565.2005
5,0.115,0.0,0.0,0.0,0.25872,0.62952,14.83141,402960.0,9399.4,10871654,0.0,60.0,33,422.00931487042595,-4.792028170883743e+18,4.792028170883743e+18,5866286794497.894,60.0,louisiana,2070,2010,15,oil_ct_wo_ccs,400.0,-0.00398993418629034,10.0064557779212,260947.16449999996,-706565.2005
5,0.115,0.0,0.0,0.0,0.25872,0.62952,14.83141,402960.0,9399.4,10918584,0.0,60.0,33,422.00931487042595,-4.792028170883743e+18,4.792028170883743e+18,5866286794497.894,60.0,louisiana,2070,2010,15,oil_ct_wo_ccs,400.0,-0.00398993418629034,10.0064557779212,260947.16449999996,-716565.2005
5,0.115,0.0,0.0,0.0,0.25872,0.62952,14.83141,402960.0,9399.4,11097025,0.0,60.0,33,422.00931487042595,-4.792028170883743e+18,4.792028170883743e+18,5866286794497.894,60.0,louisiana,2070,2010,15,oil_ct_wo_ccs,400.0,-0.00398993418629034,10.0064557779212,367947.16449999996,-754565.2005
5,0.115,0.0,0.0,0.0,0.25872,0.62952,14.83141,402960.0,9399.4,11125183,0.0,60.0,33,422.00931487042595,-4.792028170883743e+18,4.792028170883743e+18,5866286794497.894,60.0,louisiana,2070,2010,15,oil_ct_wo_ccs,400.0,-0.00398993418629034,10.0064557779212,367947.16449999996,-760565.2005
5,0.115,0.0,0.0,0.0,0.25872,0.62952,14.83141,402960.0,9399.4,11134577,0.0,60.0,33,422.00931487042595,-4.792028170883743e+18,4.792028170883743e+18,5866286794497.894,60.0,louisiana,2070,2010,15,oil_ct_wo_ccs,400.0,-0.00398993418629034,10.0064557779212,375947.16449999996,-762565.2005
5,0.115,0.0,0.0,0.0,0.25872,0.62952,14.83141,402960.0,9399.4,11524151,0.0,60.0,33,422.00931487042595,-4.792028170883743e+18,4.792028170883743e+18,5866286794497.894,60.0,louisiana,2070,2010,15,oil_ct_wo_ccs,400.0,-0.00398993418629034,10.0064557779212,430947.16449999996,-845565.2005
5,0.609,0.0,0.0,0.0,0.3036,0.0,0.0,426787.2,12827.1,1013468,147679.37330486887,60.0,14,136.15125958354307,-53973172.80645515,54120852.17976002,9.341336090617133,60.0,maine,2070,2010,0,biomass_conv_wo_ccs,80.0,-0.00398993418629034,10.0064557779212,2067947.1645,1394434.7995
5,0.609,0.0,0.0,0.0,0.3036,0.0,0.0,426787.2,12827.1,1036978,747891.5469771319,60.0,14,136.15125958354307,-53372960.632782884,54120852.17976002,9.341336090617133,60.0,maine,2070,2010,0,biomass_conv_wo_ccs,80.0,-0.00398993418629034,10.0064557779212,2112947.1645,1389434.7995
5,0.609,0.0,0.0,0.0,0.3036,0.0,0.0,426787.2,12827.1,1051000,107452.52732841097,60.0,14,136.15125958354307,-54013399.65243161,54120852.17976002,9.341336090617133,60.0,maine,2070,2010,0,biomass_conv_wo_ccs,80.0,-0.00398993418629034,10.0064557779212,2055947.1645,1386434.7995
5,0.609,0.0,0.0,0.0,0.3036,0.0,0.0,426787.2,12827.1,1388983,147679.37330486887,60.0,14,136.15125958354307,-53973172.80645515,54120852.17976002,9.341336090617133,60.0,maine,2070,2010,0,biomass_conv_wo_ccs,80.0,-0.00398993418629034,10.0064557779212,2142947.1645,1314434.7995
5,0.609,0.0,0.0,0.0,0.3036,0.0,0.0,426787.2,12827.1,2411950,0.0,60.0,20,92.20394815512925,-35364702.18769931,35364702.18769931,9.341336090617133,60.0,maine,2070,2010,0,biomass_conv_wo_ccs,80.0,-0.00398993418629034,10.0064557779212,2035947.1645,1096434.7995
5,0.272,0.0,0.0,0.0,0.18744,0.02067,4.12527,953088.0000000001,5923.6,1407749,5388835.229200269,60.0,14,332.5980118179447,-432801848.9686327,438190684.19783294,39.97020950119198,60.0,maine,2070,2010,8,gas_cc_wo_ccs,400.0,-0.00398993418629034,3.48612007746934,2136947.1645,1310434.7995
5,0.41,0.0,0.0,0.0,0.18744,0.02067,4.12527,1436640.0,7337.6,1440607,4901039.85270418,60.0,14,293.5058155036997,-553914530.0496886,558815569.9023927,52.01903465357184,60.0,maine,2070,2010,9,gas_cc_w_ccs,400.0,-0.00398993418629034,7.00451904454487,2143947.1645,1303434.7995
5,0.41,0.0,0.0,0.0,0.18744,0.02067,4.12527,1436640.0,7337.6,1468767,4760126.336956854,60.0,14,293.5058155036997,-554055443.5654359,558815569.9023927,52.01903465357184,60.0,maine,2070,2010,9,gas_cc_w_ccs,400.0,-0.00398993418629034,7.00451904454487,2145947.1645,1297434.7995
5,0.41,0.0,0.0,0.0,0.18744,0.02067,4.12527,1436640.0,7337.6,1496927,4524471.33211777,60.0,14,293.5058155036997,-554291098.570275,558815569.9023927,52.01903465357184,60.0,maine,2070,2010,9,gas_cc_w_ccs,400.0,-0.00398993418629034,7.00451904454487,2147947.1645,1291434.7995
5,0.464,0.0,0.0,0.0,0.0,0.0,0.0,325171.2,3412.0,966545,0.0,30.0,14,281.95482333502014,-91683588.24963643,91683588.24963643,0.0,30.0,maine,2040,2010,18,wind_onshore,80.0,-0.00249607760279447,0.0,2074947.1645,1404434.7995
5,0.609,0.0,0.0,0.0,0.3036,0.0,0.0,426787.2,12827.1,5856028,0.0,60.0,2,100.67811823822322,-38981369.50978675,38981369.50978675,9.341336090617133,60.0,maryland,2070,2010,0,biomass_conv_wo_ccs,80.0,-0.00398993418629034,10.0064557779212,1451947.1645,362434.79949999996
5,0.733,0.0,0.0,0.0,0.36036,0.09122,2.39413,3852648.0,8594.5,5762177,0.0,60.0,2,114.4066050788368,-4575152228.204383,4575152228.204383,264.9743317533887,60.0,maryland,2070,2010,4,coal_conv_pul_wo_ccs,600.0,-0.00398993418629034,4.0025823111685,1460947.1645,382434.79949999996
5,0.733,0.0,0.0,0.0,0.36036,0.09122,2.39413,3852648.0,8594.5,5809104,0.0,60.0,2,114.4066050788368,-4575152228.204383,4575152228.204383,264.9743317533887,60.0,maryland,2070,2010,4,coal_conv_pul_wo_ccs,600.0,-0.00398993418629034,4.0025823111685,1457947.1645,372434.79949999996
5,0.733,0.0,0.0,0.0,0.36036,0.09122,2.39413,3852648.0,8594.5,5870096,0.0,60.0,2,114.4066050788368,-4575152228.204383,4575152228.204383,264.9743317533887,60.0,maryland,2070,2010,4,coal_conv_pul_wo_ccs,600.0,-0.00398993418629034,4.0025823111685,1440947.1645,359434.79949999996
5,0.733,0.0,0.0,0.0,0.36036,0.09122,2.39413,3852648.0,8594.5,5940477,0.0,60.0,2,114.4066050788368,-4575152228.204383,4575152228.204383,264.9743317533887,60.0,maryland,2070,2010,4,coal_conv_pul_wo_ccs,600.0,-0.00398993418629034,4.0025823111685,1426947.1645,344434.79949999996
5,0.733,0.0,0.0,0.0,0.36036,0.09122,2.39413,3852648.0,8594.5,6236386,113264.9088997554,60.0,30,187.50507428468808,-8150526611.832083,8150639876.740982,264.9743317533887,60.0,maryland,2070,2010,4,coal_conv_pul_wo_ccs,600.0,-0.00398993418629034,4.0025823111685,1676947.1645,281434.79949999996
5,0.733,0.0,0.0,0.0,0.36036,0.09122,2.39413,3852648.0,8594.5,6269223,147679.37330486887,60.0,30,187.50507428468808,-8150492197.367677,8150639876.740982,264.9743317533887,60.0,maryland,2070,2010,4,coal_conv_pul_wo_ccs,600.0,-0.00398993418629034,4.0025823111685,1662947.1645,274434.79949999996
5,0.272,0.0,0.0,0.0,0.18744,0.02067,4.12527,953088.0000000001,5923.6,6180179,35817.509109470324,60.0,30,374.9476726831741,-498800276.05331796,498836093.56242746,39.97020950119198,60.0,maryland,2070,2010,8,gas_cc_wo_ccs,400.0,-0.00398993418629034,3.48612007746934,1785947.1645,293434.79949999996
5,0.272,0.0,0.0,0.0,0.18744,0.02067,4.12527,953088.0000000001,5923.6,6203613,35817.509109470324,60.0,30,374.9476726831741,-498800276.05331796,498836093.56242746,39.97020950119198,60.0,maryland,2070,2010,8,gas_cc_wo_ccs,400.0,-0.00398993418629034,3.48612007746934,1754947.1645,288434.79949999996
5,0.41,0.0,0.0,0.0,0.18744,0.02067,4.12527,1436640.0,7337.6,5598114,0.0,60.0,30,333.78550287481244,-645761456.202666,645761456.202666,52.01903465357184,60.0,maryland,2070,2010,9,gas_cc_w_ccs,400.0,-0.00398993418629034,7.00451904454487,1652947.1645,417434.79949999996
5,0.41,0.0,0.0,0.0,0.18744,0.02067,4.12527,1436640.0,7337.6,6067490,0.0,60.0,30,333.78550287481244,-645761456.202666,645761456.202666,52.01903465357184,60.0,maryland,2070,2010,9,gas_cc_w_ccs,400.0,-0.00398993418629034,7.00451904454487,1728947.1645,317434.79949999996
5,0.41,0.0,0.0,0.0,0.18744,0.02067,4.12527,1436640.0,7337.6,6203497,0.0,60.0,30,333.78550287481244,-645761456.202666,645761456.202666,52.01903465357184,60.0,maryland,2070,2010,9,gas_cc_w_ccs,400.0,-0.00398993418629034,7.00451904454487,1638947.1645,288434.79949999996
5,0.9,0.0,0.0,0.0,0.0,0.04639,0.71281,10643400.0,10246.2,6334898,0.0,60.0,30,208.871143162442,-6110029303.161367,6110029303.161367,23.034078534539436,60.0,maryland,2070,2010,13,nuclear_gen_ii,1350.0,-0.00104311614063357,2.19496449322143,1635947.1645,260434.79949999996
5,0.115,0.0,0.0,0.0,0.25872,0.62952,14.83141,402960.0,9399.4,6161327,0.0,60.0,30,485.5171880213546,-5.868915396402462e+18,5.868915396402462e+18,5866286794497.894,60.0,maryland,2070,2010,15,oil_ct_wo_ccs,400.0,-0.00398993418629034,10.0064557779212,1705947.1645,297434.79949999996
5,0.609,0.0,0.0,0.0,0.3036,0.0,0.0,426787.2,12827.1,4040450,129141.86565359375,60.0,17,79.64905501677156,-29877292.633226823,30006434.498880416,9.341336090617133,60.0,massachusetts,2070,2010,0,biomass_conv_wo_ccs,80.0,-0.00398993418629034,10.0064557779212,2064947.1645,749434.7995
5,0.733,0.0,0.0,0.0,0.36036,0.09122,2.39413,3852648.0,8594.5,4087374,129141.86565359375,60.0,17,93.65073827916063,-3559785063.119325,3559914204.9849787,264.9743317533887,60.0,massachusetts,2070,2010,4,coal_conv_pul_wo_ccs,600.0,-0.00398993418629034,4.0025823111685,2058947.1645,739434.7995
5,0.272,0.0,0.0,0.0,0.18744,0.02067,4.12527,953088.0000000001,5923.6,3861902,267912.96980549186,60.0,21,310.1238901931726,-405739460.2357304,406007373.2055359,39.97020950119198,60.0,massachusetts,2070,2010,8,gas_cc_wo_ccs,400.0,-0.00398993418629034,3.48612007746934,1850947.1645,787434.7995
5,0.272,0.0,0.0,0.0,0.18744,0.02067,4.12527,953088.0000000001,5923.6,4007440,313898.9423045459,60.0,21,310.1238901931726,-405693474.26323134,406007373.2055359,39.97020950119198,60.0,massachusetts,2070,2010,8,gas_cc_wo_ccs,400.0,-0.00398993418629034,3.48612007746934,1905947.1645,756434.7995
5,0.272,0.0,0.0,0.0,0.18744,0.02067,4.12527,953088.0000000001,5923.6,4063739,291525.14228629763,60.0,21,310.1238901931726,-405715848.0632496,406007373.2055359,39.97020950119198,60.0,massachusetts,2070,2010,8,gas_cc_wo_ccs,400.0,-0.00398993418629034,3.48612007746934,1888947.1645,744434.7995
5,0.272,0.0,0.0,0.0,0.18744,0.02067,4.12527,953088.0000000001,5923.6,4063745,239628.64501557135,60.0,21,310.1238901931726,-405767744.5605203,406007373.2055359,39.97020950119198,60.0,massachusetts,2070,2010,8,gas_cc_wo_ccs,400.0,-0.00398993418629034,3.48612007746934,1894947.1645,744434.7995
5,0.272,0.0,0.0,0.0,0.18744,0.02067,4.12527,953088.0000000001,5923.6,4077805,279743.6889140242,60.0,21,310.1238901931726,-405727629.5166219,406007373.2055359,39.97020950119198,60.0,massachusetts,2070,2010,8,gas_cc_wo_ccs,400.0,-0.00398993418629034,3.48612007746934,1875947.1645,741434.7995
5,0.41,0.0,0.0,0.0,0.18744,0.02067,4.12527,1436640.0,7337.6,3890063,116803.11598973286,60.0,21,269.5048624348179,-506891409.9566732,507008213.07266295,52.01903465357184,60.0,massachusetts,2070,2010,9,gas_cc_w_ccs,400.0,-0.00398993418629034,7.00451904454487,1853947.1645,781434.7995
5,0.41,0.0,0.0,0.0,0.18744,0.02067,4.12527,1436640.0,7337.6,3894804,212425.61804596003,60.0,21,269.5048624348179,-506795787.45461696,507008213.07266295,52.01903465357184,60.0,massachusetts,2070,2010,9,gas_cc_w_ccs,400.0,-0.00398993418629034,7.00451904454487,1901947.1645,780434.7995
5,0.41,0.0,0.0,0.0,0.18744,0.02067,4.12527,1436640.0,7337.6,3908828,160776.64099311343,60.0,21,269.5048624348179,-506847436.43166983,507008213.07266295,52.01903465357184,60.0,massachusetts,2070,2010,9,gas_cc_w_ccs,400.0,-0.00398993418629034,7.00451904454487,1846947.1645,777434.7995
5,0.41,0.0,0.0,0.0,0.18744,0.02067,4.12527,1436640.0,7337.6,3922950,38934.37199657762,60.0,21,269.5048624348179,-506969278.70066637,507008213.07266295,52.01903465357184,60.0,massachusetts,2070,2010,9,gas_cc_w_ccs,400.0,-0.00398993418629034,7.00451904454487,1889947.1645,774434.7995
5,0.41,0.0,0.0,0.0,0.18744,0.02067,4.12527,1436640.0,7337.6,3936983,0.0,60.0,21,269.5048624348179,-507008213.07266295,507008213.07266295,52.01903465357184,60.0,massachusetts,2070,2010,9,gas_cc_w_ccs,400.0,-0.00398993418629034,7.00451904454487,1843947.1645,771434.7995
5,0.41,0.0,0.0,0.0,0.18744,0.02067,4.12527,1436640.0,7337.6,3946421,113686.25310262556,60.0,21,269.5048624348179,-506894526.81956035,507008213.07266295,52.01903465357184,60.0,massachusetts,2070,2010,9,gas_cc_w_ccs,400.0,-0.00398993418629034,7.00451904454487,1895947.1645,769434.7995
5,0.41,0.0,0.0,0.0,0.18744,0.02067,4.12527,1436640.0,7337.6,3974529,0.0,60.0,21,269.5048624348179,-507008213.07266295,507008213.07266295,52.01903465357184,60.0,massachusetts,2070,2010,9,gas_cc_w_ccs,400.0,-0.00398993418629034,7.00451904454487,1845947.1645,763434.7995
5,0.41,0.0,0.0,0.0,0.18744,0.02067,4.12527,1436640.0,7337.6,3974575,110123.03384007861,60.0,21,269.5048624348179,-506898090.0388229,507008213.07266295,52.01903465357184,60.0,massachusetts,2070,2010,9,gas_cc_w_ccs,400.0,-0.00398993418629034,7.00451904454487,1891947.1645,763434.7995
5,0.41,0.0,0.0,0.0,0.18744,0.02067,4.12527,1436640.0,7337.6,4002691,126295.38514486002,60.0,21,269.5048624348179,-506881917.68751806,507008213.07266295,52.01903465357184,60.0,massachusetts,2070,2010,9,gas_cc_w_ccs,400.0,-0.00398993418629034,7.00451904454487,1849947.1645,757434.7995
5,0.41,0.0,0.0,0.0,0.18744,0.02067,4.12527,1436640.0,7337.6,4016819,38934.37199657762,60.0,21,269.5048624348179,-506969278.70066637,507008213.07266295,52.01903465357184,60.0,massachusetts,2070,2010,9,gas_cc_w_ccs,400.0,-0.00398993418629034,7.00451904454487,1898947.1645,754434.7995
5,0.41,0.0,0.0,0.0,0.18744,0.02067,4.12527,1436640.0,7337.6,4059058,0.0,60.0,21,269.5048624348179,-507008213.07266295,507008213.07266295,52.01903465357184,60.0,massachusetts,2070,2010,9,gas_cc_w_ccs,400.0,-0.00398993418629034,7.00451904454487,1900947.1645,745434.7995
5,0.41,0.0,0.0,0.0,0.18744,0.02067,4.12527,1436640.0,7337.6,4063759,101307.21430606961,60.0,21,269.5048624348179,-506906905.8583569,507008213.07266295,52.01903465357184,60.0,massachusetts,2070,2010,9,gas_cc_w_ccs,400.0,-0.00398993418629034,7.00451904454487,1908947.1645,744434.7995
5,0.41,0.0,0.0,0.0,0.18744,0.02067,4.12527,1436640.0,7337.6,4068425,186613.7453014465,60.0,21,269.5048624348179,-506821599.3273615,507008213.07266295,52.01903465357184,60.0,massachusetts,2070,2010,9,gas_cc_w_ccs,400.0,-0.00398993418629034,7.00451904454487,1881947.1645,743434.7995
5,0.41,0.0,0.0,0.0,0.18744,0.02067,4.12527,1436640.0,7337.6,4091897,230600.81817690836,60.0,21,269.5048624348179,-506777612.254486,507008213.07266295,52.01903465357184,60.0,massachusetts,2070,2010,9,gas_cc_w_ccs,400.0,-0.00398993418629034,7.00451904454487,1888947.1645,738434.7995
5,0.609,0.0,0.0,0.0,0.3036,0.0,0.0,426787.2,12827.1,2978640,0.0,60.0,15,155.21592428574056,-62257407.04694973,62257407.04694973,9.341336090617133,60.0,michigan,2070,2010,0,biomass_conv_wo_ccs,80.0,-0.00398993418629034,10.0064557779212,872947.1645,975434.7995
5,0.609,0.0,0.0,0.0,0.3036,0.0,0.0,426787.2,12827.1,4785523,0.0,60.0,15,155.21592428574056,-62257407.04694973,62257407.04694973,9.341336090617133,60.0,michigan,2070,2010,0,biomass_conv_wo_ccs,80.0,-0.00398993418629034,10.0064557779212,950947.1645,590434.7995
5,0.609,0.0,0.0,0.0,0.3036,0.0,0.0,426787.2,12827.1,4977889,0.0,60.0,15,155.21592428574056,-62257407.04694973,62257407.04694973,9.341336090617133,60.0,michigan,2070,2010,0,biomass_conv_wo_ccs,80.0,-0.00398993418629034,10.0064557779212,903947.1645,549434.7995
5,0.733,0.0,0.0,0.0,0.36036,0.09122,2.39413,3852648.0,8594.5,3199205,0.0,60.0,15,169.23172114646962,-7256829799.00795,7256829799.00795,264.9743317533887,60.0,michigan,2070,2010,4,coal_conv_pul_wo_ccs,600.0,-0.00398993418629034,4.0025823111685,866947.1645,928434.7995
5,0.733,0.0,0.0,0.0,0.36036,0.09122,2.39413,3852648.0,8594.5,3213403,0.0,60.0,15,169.23172114646962,-7256829799.00795,7256829799.00795,264.9743317533887,60.0,michigan,2070,2010,4,coal_conv_pul_wo_ccs,600.0,-0.00398993418629034,4.0025823111685,985947.1645,925434.7995
5,0.733,0.0,0.0,0.0,0.36036,0.09122,2.39413,3852648.0,8594.5,3274411,0.0,60.0,15,169.23172114646962,-7256829799.00795,7256829799.00795,264.9743317533887,60.0,michigan,2070,2010,4,coal_conv_pul_wo_ccs,600.0,-0.00398993418629034,4.0025823111685,984947.1645,912434.7995
5,0.733,0.0,0.0,0.0,0.36036,0.09122,2.39413,3852648.0,8594.5,3316516,0.0,60.0,15,169.23172114646962,-7256829799.00795,7256829799.00795,264.9743317533887,60.0,michigan,2070,2010,4,coal_conv_pul_wo_ccs,600.0,-0.00398993418629034,4.0025823111685,852947.1645,903434.7995
5,0.733,0.0,0.0,0.0,0.36036,0.09122,2.39413,3852648.0,8594.5,3570086,0.0,60.0,15,169.23172114646962,-7256829799.00795,7256829799.00795,264.9743317533887,60.0,michigan,2070,2010,4,coal_conv_pul_wo_ccs,600.0,-0.00398993418629034,4.0025823111685,1000947.1645,849434.7995
5,0.733,0.0,0.0,0.0,0.36036,0.09122,2.39413,3852648.0,8594.5,3588670,0.0,60.0,15,169.23172114646962,-7256829799.00795,7256829799.00795,264.9743317533887,60.0,michigan,2070,2010,4,coal_conv_pul_wo_ccs,600.0,-0.00398993418629034,4.0025823111685,812947.1645,845434.7995
5,0.733,0.0,0.0,0.0,0.36036,0.09122,2.39413,3852648.0,8594.5,3612167,0.0,60.0,15,169.23172114646962,-7256829799.00795,7256829799.00795,264.9743317533887,60.0,michigan,2070,2010,4,coal_conv_pul_wo_ccs,600.0,-0.00398993418629034,4.0025823111685,844947.1645,840434.7995
5,0.733,0.0,0.0,0.0,0.36036,0.09122,2.39413,3852648.0,8594.5,3799880,0.0,60.0,15,169.23172114646962,-7256829799.00795,7256829799.00795,264.9743317533887,60.0,michigan,2070,2010,4,coal_conv_pul_wo_ccs,600.0,-0.00398993418629034,4.0025823111685,837947.1645,800434.7995
5,0.733,0.0,0.0,0.0,0.36036,0.09122,2.39413,3852648.0,8594.5,3842051,0.0,60.0,15,169.23172114646962,-7256829799.00795,7256829799.00795,264.9743317533887,60.0,michigan,2070,2010,4,coal_conv_pul_wo_ccs,600.0,-0.00398993418629034,4.0025823111685,771947.1645,791434.7995
5,0.733,0.0,0.0,0.0,0.36036,0.09122,2.39413,3852648.0,8594.5,4011139,0.0,60.0,15,169.23172114646962,-7256829799.00795,7256829799.00795,264.9743317533887,60.0,michigan,2070,2010,4,coal_conv_pul_wo_ccs,600.0,-0.00398993418629034,4.0025823111685,911947.1645,755434.7995
5,0.733,0.0,0.0,0.0,0.36036,0.09122,2.39413,3852648.0,8594.5,4048743,0.0,60.0,15,169.23172114646962,-7256829799.00795,7256829799.00795,264.9743317533887,60.0,michigan,2070,2010,4,coal_conv_pul_wo_ccs,600.0,-0.00398993418629034,4.0025823111685,971947.1645,747434.7995
5,0.733,0.0,0.0,0.0,0.36036,0.09122,2.39413,3852648.0,8594.5,4053410,0.0,60.0,15,169.23172114646962,-7256829799.00795,7256829799.00795,264.9743317533887,60.0,michigan,2070,2010,4,coal_conv_pul_wo_ccs,600.0,-0.00398993418629034,4.0025823111685,945947.1645,746434.7995
5,0.733,0.0,0.0,0.0,0.36036,0.09122,2.39413,3852648.0,8594.5,4076898,0.0,60.0,15,169.23172114646962,-7256829799.00795,7256829799.00795,264.9743317533887,60.0,michigan,2070,2010,4,coal_conv_pul_wo_ccs,600.0,-0.00398993418629034,4.0025823111685,968947.1645,741434.7995
5,0.733,0.0,0.0,0.0,0.36036,0.09122,2.39413,3852648.0,8594.5,4123810,0.0,60.0,15,169.23172114646962,-7256829799.00795,7256829799.00795,264.9743317533887,60.0,michigan,2070,2010,4,coal_conv_pul_wo_ccs,600.0,-0.00398993418629034,4.0025823111685,950947.1645,731434.7995
5,0.733,0.0,0.0,0.0,0.36036,0.09122,2.39413,3852648.0,8594.5,4123825,0.0,60.0,15,169.23172114646962,-7256829799.00795,7256829799.00795,264.9743317533887,60.0,michigan,2070,2010,4,coal_conv_pul_wo_ccs,600.0,-0.00398993418629034,4.0025823111685,965947.1645,731434.7995
5,0.733,0.0,0.0,0.0,0.36036,0.09122,2.39413,3852648.0,8594.5,4156661,0.0,60.0,15,169.23172114646962,-7256829799.00795,7256829799.00795,264.9743317533887,60.0,michigan,2070,2010,4,coal_conv_pul_wo_ccs,600.0,-0.00398993418629034,4.0025823111685,950947.1645,724434.7995
5,0.733,0.0,0.0,0.0,0.36036,0.09122,2.39413,3852648.0,8594.5,4165920,0.0,60.0,15,169.23172114646962,-7256829799.00795,7256829799.00795,264.9743317533887,60.0,michigan,2070,2010,4,coal_conv_pul_wo_ccs,600.0,-0.00398993418629034,4.0025823111685,823947.1645,722434.7995
5,0.733,0.0,0.0,0.0,0.36036,0.09122,2.39413,3852648.0,8594.5,5015417,0.0,60.0,15,169.23172114646962,-7256829799.00795,7256829799.00795,264.9743317533887,60.0,michigan,2070,2010,4,coal_conv_pul_wo_ccs,600.0,-0.00398993418629034,4.0025823111685,887947.1645,541434.7995
5,0.733,0.0,0.0,0.0,0.36036,0.09122,2.39413,3852648.0,8594.5,5038873,0.0,60.0,15,169.23172114646962,-7256829799.00795,7256829799.00795,264.9743317533887,60.0,michigan,2070,2010,4,coal_conv_pul_wo_ccs,600.0,-0.00398993418629034,4.0025823111685,878947.1645,536434.7995
5,0.733,0.0,0.0,0.0,0.36036,0.09122,2.39413,3852648.0,8594.5,5067023,0.0,60.0,15,169.23172114646962,-7256829799.00795,7256829799.00795,264.9743317533887,60.0,michigan,2070,2010,4,coal_conv_pul_wo_ccs,600.0,-0.00398993418629034,4.0025823111685,870947.1645,530434.7995
5,0.272,0.0,0.0,0.0,0.18744,0.02067,4.12527,953088.0000000001,5923.6,3344698,0.0,60.0,15,356.43778180194465,-472329626.0523704,472329626.0523704,39.97020950119198,60.0,michigan,2070,2010,8,gas_cc_wo_ccs,400.0,-0.00398993418629034,3.48612007746934,876947.1645,897434.7995
5,0.272,0.0,0.0,0.0,0.18744,0.02067,4.12527,953088.0000000001,5923.6,3555859,0.0,60.0,15,356.43778180194465,-472329626.0523704,472329626.0523704,39.97020950119198,60.0,michigan,2070,2010,8,gas_cc_wo_ccs,400.0,-0.00398993418629034,3.48612007746934,852947.1645,852434.7995
5,0.272,0.0,0.0,0.0,0.18744,0.02067,4.12527,953088.0000000001,5923.6,3720203,0.0,60.0,15,356.43778180194465,-472329626.0523704,472329626.0523704,39.97020950119198,60.0,michigan,2070,2010,8,gas_cc_wo_ccs,400.0,-0.00398993418629034,3.48612007746934,941947.1645,817434.7995
5,0.272,0.0,0.0,0.0,0.18744,0.02067,4.12527,953088.0000000001,5923.6,4396012,0.0,60.0,15,356.43778180194465,-472329626.0523704,472329626.0523704,39.97020950119198,60.0,michigan,2070,2010,8,gas_cc_wo_ccs,400.0,-0.00398993418629034,3.48612007746934,958947.1645,673434.7995
5,0.272,0.0,0.0,0.0,0.18744,0.02067,4.12527,953088.0000000001,5923.6,4593152,0.0,60.0,15,356.43778180194465,-472329626.0523704,472329626.0523704,39.97020950119198,60.0,michigan,2070,2010,8,gas_cc_wo_ccs,400.0,-0.00398993418629034,3.48612007746934,992947.1645,631434.7995
5,0.41,0.0,0.0,0.0,0.18744,0.02067,4.12527,1436640.0,7337.6,3490136,0.0,60.0,15,315.639340955655,-606591983.1014197,606591983.1014197,52.01903465357184,60.0,michigan,2070,2010,9,gas_cc_w_ccs,400.0,-0.00398993418629034,7.00451904454487,831947.1645,866434.7995
5,0.41,0.0,0.0,0.0,0.18744,0.02067,4.12527,1436640.0,7337.6,3523015,0.0,60.0,15,315.639340955655,-606591983.1014197,606591983.1014197,52.01903465357184,60.0,michigan,2070,2010,9,gas_cc_w_ccs,400.0,-0.00398993418629034,7.00451904454487,859947.1645,859434.7995
5,0.41,0.0,0.0,0.0,0.18744,0.02067,4.12527,1436640.0,7337.6,3635689,0.0,60.0,15,315.639340955655,-606591983.1014197,606591983.1014197,52.01903465357184,60.0,michigan,2070,2010,9,gas_cc_w_ccs,400.0,-0.00398993418629034,7.00451904454487,901947.1645,835434.7995
5,0.41,0.0,0.0,0.0,0.18744,0.02067,4.12527,1436640.0,7337.6,4316268,0.0,60.0,15,315.639340955655,-606591983.1014197,606591983.1014197,52.01903465357184,60.0,michigan,2070,2010,9,gas_cc_w_ccs,400.0,-0.00398993418629034,7.00451904454487,995947.1645,690434.7995
5,0.41,0.0,0.0,0.0,0.18744,0.02067,4.12527,1436640.0,7337.6,4330154,0.0,60.0,15,315.639340955655,-606591983.1014197,606591983.1014197,52.01903465357184,60.0,michigan,2070,2010,9,gas_cc_w_ccs,400.0,-0.00398993418629034,7.00451904454487,802947.1645,687434.7995
5,0.41,0.0,0.0,0.0,0.18744,0.02067,4.12527,1436640.0,7337.6,4438365,0.0,60.0,15,315.639340955655,-606591983.1014197,606591983.1014197,52.01903465357184,60.0,michigan,2070,2010,9,gas_cc_w_ccs,400.0,-0.00398993418629034,7.00451904454487,1074947.1645,664434.7995
5,0.41,0.0,0.0,0.0,0.18744,0.02067,4.12527,1436640.0,7337.6,4475659,0.0,60.0,15,315.639340955655,-606591983.1014197,606591983.1014197,52.01903465357184,60.0,michigan,2070,2010,9,gas_cc_w_ccs,400.0,-0.00398993418629034,7.00451904454487,824947.1645,656434.7995
5,0.41,0.0,0.0,0.0,0.18744,0.02067,4.12527,1436640.0,7337.6,4808932,0.0,60.0,15,315.639340955655,-606591983.1014197,606591983.1014197,52.01903465357184,60.0,michigan,2070,2010,9,gas_cc_w_ccs,400.0,-0.00398993418629034,7.00451904454487,894947.1645,585434.7995
5,0.9,0.0,0.0,0.0,0.0,0.04639,0.71281,10643400.0,10246.2,4241168,0.0,60.0,15,190.6732986665001,-5556334994.234584,5556334994.234584,23.034078534539436,60.0,michigan,2070,2010,13,nuclear_gen_ii,1350.0,-0.00104311614063357,2.19496449322143,983947.1645,706434.7995
5,0.9,0.0,0.0,0.0,0.0,0.04639,0.71281,10643400.0,10246.2,4874565,0.0,60.0,15,190.6732986665001,-5556334994.234584,5556334994.234584,23.034078534539436,60.0,michigan,2070,2010,13,nuclear_gen_ii,1350.0,-0.00104311614063357,2.19496449322143,825947.1645,571434.7995
5,0.115,0.0,0.0,0.0,0.25872,0.62952,14.83141,402960.0,9399.4,4588522,0.0,60.0,15,466.4797186074964,-5.546101757701864e+18,5.546101757701864e+18,5866286794497.894,60.0,michigan,2070,2010,15,oil_ct_wo_ccs,400.0,-0.00398993418629034,10.0064557779212,1055947.1645,632434.7995
5,0.464,0.0,0.0,0.0,0.0,0.0,0.0,325171.2,3412.0,3969050,0.0,30.0,15,303.69040775092435,-98751374.31685728,98751374.31685728,0.0,30.0,michigan,2040,2010,18,wind_onshore,80.0,-0.00249607760279447,0.0,1059947.1645,764434.7995
5,0.609,0.0,0.0,0.0,0.3036,0.0,0.0,426787.2,12827.1,1945472,0.0,60.0,16,90.38254572532789,-34587350.94461119,34587350.94461119,9.341336090617133,60.0,minnesota,2070,2010,0,biomass_conv_wo_ccs,80.0,-0.00398993418629034,10.0064557779212,164947.16449999996,1195434.7995
5,0.609,0.0,0.0,0.0,0.3036,0.0,0.0,426787.2,12827.1,2123924,0.0,60.0,16,90.38254572532789,-34587350.94461119,34587350.94461119,9.341336090617133,60.0,minnesota,2070,2010,0,biomass_conv_wo_ccs,80.0,-0.00398993418629034,10.0064557779212,282947.16449999996,1157434.7995
5,0.609,0.0,0.0,0.0,0.3036,0.0,0.0,426787.2,12827.1,2396006,0.0,60.0,16,90.38254572532789,-34587350.94461119,34587350.94461119,9.341336090617133,60.0,minnesota,2070,2010,0,biomass_conv_wo_ccs,80.0,-0.00398993418629034,10.0064557779212,170947.16449999996,1099434.7995
5,0.733,0.0,0.0,0.0,0.36036,0.09122,2.39413,3852648.0,8594.5,3930504,0.0,60.0,12,176.10166519112164,-7592861460.74656,7592861460.74656,264.9743317533887,60.0,minnesota,2070,2010,4,coal_conv_pul_wo_ccs,600.0,-0.00398993418629034,4.0025823111685,57947.164499999955,772434.7995
5,0.733,0.0,0.0,0.0,0.36036,0.09122,2.39413,3852648.0,8594.5,4000928,0.0,60.0,12,176.10166519112164,-7592861460.74656,7592861460.74656,264.9743317533887,60.0,minnesota,2070,2010,4,coal_conv_pul_wo_ccs,600.0,-0.00398993418629034,4.0025823111685,86947.16449999996,757434.7995
5,0.733,0.0,0.0,0.0,0.36036,0.09122,2.39413,3852648.0,8594.5,4010308,50653.607153034805,60.0,12,176.10166519112164,-7592810807.139407,7592861460.74656,264.9743317533887,60.0,minnesota,2070,2010,4,coal_conv_pul_wo_ccs,600.0,-0.00398993418629034,4.0025823111685,80947.16449999996,755434.7995
5,0.733,0.0,0.0,0.0,0.36036,0.09122,2.39413,3852648.0,8594.5,4057277,71635.01821894065,60.0,12,176.10166519112164,-7592789825.728341,7592861460.74656,264.9743317533887,60.0,minnesota,2070,2010,4,coal_conv_pul_wo_ccs,600.0,-0.00398993418629034,4.0025823111685,119947.16449999996,745434.7995
5,0.733,0.0,0.0,0.0,0.36036,0.09122,2.39413,3852648.0,8594.5,4085436,0.0,60.0,12,176.10166519112164,-7592861460.74656,7592861460.74656,264.9743317533887,60.0,minnesota,2070,2010,4,coal_conv_pul_wo_ccs,600.0,-0.00398993418629034,4.0025823111685,120947.16449999996,739434.7995
5,0.733,0.0,0.0,0.0,0.36036,0.09122,2.39413,3852648.0,8594.5,4099491,35817.509109470324,60.0,12,176.10166519112164,-7592825643.237451,7592861460.74656,264.9743317533887,60.0,minnesota,2070,2010,4,coal_conv_pul_wo_ccs,600.0,-0.00398993418629034,4.0025823111685,96947.16449999996,736434.7995
5,0.733,0.0,0.0,0.0,0.36036,0.09122,2.39413,3852648.0,8594.5,4108907,35817.509109470324,60.0,12,176.10166519112164,-7592825643.237451,7592861460.74656,264.9743317533887,60.0,minnesota,2070,2010,4,coal_conv_pul_wo_ccs,600.0,-0.00398993418629034,4.0025823111685,126947.16449999996,734434.7995
5,0.733,0.0,0.0,0.0,0.36036,0.09122,2.39413,3852648.0,8594.5,4113594,0.0,60.0,12,176.10166519112164,-7592861460.74656,7592861460.74656,264.9743317533887,60.0,minnesota,2070,2010,4,coal_conv_pul_wo_ccs,600.0,-0.00398993418629034,4.0025823111685,120947.16449999996,733434.7995
5,0.733,0.0,0.0,0.0,0.36036,0.09122,2.39413,3852648.0,8594.5,4141742,0.0,60.0,12,176.10166519112164,-7592861460.74656,7592861460.74656,264.9743317533887,60.0,minnesota,2070,2010,4,coal_conv_pul_wo_ccs,600.0,-0.00398993418629034,4.0025823111685,110947.16449999996,727434.7995
5,0.272,0.0,0.0,0.0,0.18744,0.02067,4.12527,953088.0000000001,5923.6,4155857,0.0,60.0,12,361.79137895763995,-479996065.0378792,479996065.0378792,39.97020950119198,60.0,minnesota,2070,2010,8,gas_cc_wo_ccs,400.0,-0.00398993418629034,3.48612007746934,146947.16449999996,724434.7995
5,0.272,0.0,0.0,0.0,0.18744,0.02067,4.12527,953088.0000000001,5923.6,4198086,35817.509109470324,60.0,12,361.79137895763995,-479960247.52876973,479996065.0378792,39.97020950119198,60.0,minnesota,2070,2010,8,gas_cc_wo_ccs,400.0,-0.00398993418629034,3.48612007746934,138947.16449999996,715434.7995
5,0.41,0.0,0.0,0.0,0.18744,0.02067,4.12527,1436640.0,7337.6,4216803,0.0,60.0,12,321.25297786650793,-618709322.3470086,618709322.3470086,52.01903465357184,60.0,minnesota,2070,2010,9,gas_cc_w_ccs,400.0,-0.00398993418629034,7.00451904454487,83947.16449999996,711434.7995
5,0.41,0.0,0.0,0.0,0.18744,0.02067,4.12527,1436640.0,7337.6,4244970,0.0,60.0,12,321.25297786650793,-618709322.3470086,618709322.3470086,52.01903465357184,60.0,minnesota,2070,2010,9,gas_cc_w_ccs,400.0,-0.00398993418629034,7.00451904454487,92947.16449999996,705434.7995
5,0.41,0.0,0.0,0.0,0.18744,0.02067,4.12527,1436640.0,7337.6,4263749,0.0,60.0,12,321.25297786650793,-618709322.3470086,618709322.3470086,52.01903465357184,60.0,minnesota,2070,2010,9,gas_cc_w_ccs,400.0,-0.00398993418629034,7.00451904454487,99947.16449999996,701434.7995
5,0.9,0.0,0.0,0.0,0.0,0.04639,0.71281,10643400.0,10246.2,4099535,71635.01821894065,60.0,12,197.20360131821317,-5754956749.229085,5755028384.247304,23.034078534539436,60.0,minnesota,2070,2010,13,nuclear_gen_ii,1350.0,-0.00104311614063357,2.19496449322143,140947.16449999996,736434.7995
5,0.464,0.0,0.0,0.0,0.0,0.0,0.0,325171.2,3412.0,4024364,0.0,30.0,12,309.40769059342244,-100610470.0394918,100610470.0394918,0.0,30.0,minnesota,2040,2010,18,wind_onshore,80.0,-0.00249607760279447,0.0,57947.164499999955,752434.7995
5,0.464,0.0,0.0,0.0,0.0,0.0,0.0,325171.2,3412.0,4043172,0.0,30.0,12,309.40769059342244,-100610470.0394918,100610470.0394918,0.0,30.0,minnesota,2040,2010,18,wind_onshore,80.0,-0.00249607760279447,0.0,93947.16449999996,748434.7995
5,0.464,0.0,0.0,0.0,0.0,0.0,0.0,325171.2,3412.0,4160478,0.0,30.0,12,309.40769059342244,-100610470.0394918,100610470.0394918,0.0,30.0,minnesota,2040,2010,18,wind_onshore,80.0,-0.00249607760279447,0.0,74947.16449999996,723434.7995
5,0.464,0.0,0.0,0.0,0.0,0.0,0.0,325171.2,3412.0,4216812,0.0,30.0,12,309.40769059342244,-100610470.0394918,100610470.0394918,0.0,30.0,minnesota,2040,2010,18,wind_onshore,80.0,-0.00249607760279447,0.0,92947.16449999996,711434.7995
5,0.464,0.0,0.0,0.0,0.0,0.0,0.0,325171.2,3412.0,4216843,0.0,30.0,12,309.40769059342244,-100610470.0394918,100610470.0394918,0.0,30.0,minnesota,2040,2010,18,wind_onshore,80.0,-0.00249607760279447,0.0,123947.16449999996,711434.7995
5,0.464,0.0,0.0,0.0,0.0,0.0,0.0,325171.2,3412.0,4259105,0.0,30.0,12,309.40769059342244,-100610470.0394918,100610470.0394918,0.0,30.0,minnesota,2040,2010,18,wind_onshore,80.0,-0.00249607760279447,0.0,148947.16449999996,702434.7995
5,0.464,0.0,0.0,0.0,0.0,0.0,0.0,325171.2,3412.0,4287196,0.0,30.0,12,309.40769059342244,-100610470.0394918,100610470.0394918,0.0,30.0,minnesota,2040,2010,18,wind_onshore,80.0,-0.00249607760279447,0.0,81947.16449999996,696434.7995
5,0.464,0.0,0.0,0.0,0.0,0.0,0.0,325171.2,3412.0,4310683,0.0,30.0,12,309.40769059342244,-100610470.0394918,100610470.0394918,0.0,30.0,minnesota,2040,2010,18,wind_onshore,80.0,-0.00249607760279447,0.0,103947.16449999996,691434.7995
5,0.464,0.0,0.0,0.0,0.0,0.0,0.0,325171.2,3412.0,4338862,0.0,30.0,12,309.40769059342244,-100610470.0394918,100610470.0394918,0.0,30.0,minnesota,2040,2010,18,wind_onshore,80.0,-0.00249607760279447,0.0,124947.16449999996,685434.7995
5,0.464,0.0,0.0,0.0,0.0,0.0,0.0,325171.2,3412.0,4352949,0.0,30.0,12,309.40769059342244,-100610470.0394918,100610470.0394918,0.0,30.0,minnesota,2040,2010,18,wind_onshore,80.0,-0.00249607760279447,0.0,132947.16449999996,682434.7995
5,0.464,0.0,0.0,0.0,0.0,0.0,0.0,325171.2,3412.0,4357608,0.0,30.0,12,309.40769059342244,-100610470.0394918,100610470.0394918,0.0,30.0,minnesota,2040,2010,18,wind_onshore,80.0,-0.00249607760279447,0.0,98947.16449999996,681434.7995
5,0.464,0.0,0.0,0.0,0.0,0.0,0.0,325171.2,3412.0,4366913,0.0,30.0,12,309.40769059342244,-100610470.0394918,100610470.0394918,0.0,30.0,minnesota,2040,2010,18,wind_onshore,80.0,-0.00249607760279447,0.0,17947.164499999955,679434.7995
5,0.464,0.0,0.0,0.0,0.0,0.0,0.0,325171.2,3412.0,4367005,0.0,30.0,12,309.40769059342244,-100610470.0394918,100610470.0394918,0.0,30.0,minnesota,2040,2010,18,wind_onshore,80.0,-0.00249607760279447,0.0,109947.16449999996,679434.7995
5,0.464,0.0,0.0,0.0,0.0,0.0,0.0,325171.2,3412.0,4371569,0.0,30.0,12,309.40769059342244,-100610470.0394918,100610470.0394918,0.0,30.0,minnesota,2040,2010,18,wind_onshore,80.0,-0.00249607760279447,0.0,-19052.835500000045,678434.7995
5,0.733,0.0,0.0,0.0,0.36036,0.09122,2.39413,3852648.0,8594.5,10158701,0.0,60.0,36,157.4457370000432,-6680338373.137944,6680338373.137944,264.9743317533887,60.0,mississippi,2070,2010,4,coal_conv_pul_wo_ccs,600.0,-0.00398993418629034,4.0025823111685,643947.1645,-554565.2005
5,0.733,0.0,0.0,0.0,0.36036,0.09122,2.39413,3852648.0,8594.5,10665539,0.0,60.0,36,157.4457370000432,-6680338373.137944,6680338373.137944,264.9743317533887,60.0,mississippi,2070,2010,4,coal_conv_pul_wo_ccs,600.0,-0.00398993418629034,4.0025823111685,637947.1645,-662565.2005
5,0.733,0.0,0.0,0.0,0.36036,0.09122,2.39413,3852648.0,8594.5,10886121,0.0,60.0,36,157.4457370000432,-6680338373.137944,6680338373.137944,264.9743317533887,60.0,mississippi,2070,2010,4,coal_conv_pul_wo_ccs,600.0,-0.00398993418629034,4.0025823111685,648947.1645,-709565.2005
5,0.272,0.0,0.0,0.0,0.18744,0.02067,4.12527,953088.0000000001,5923.6,9548451,0.0,60.0,36,342.89499596113103,-452936134.4759716,452936134.4759716,39.97020950119198,60.0,mississippi,2070,2010,8,gas_cc_wo_ccs,400.0,-0.00398993418629034,3.48612007746934,483947.16449999996,-424565.20050000004
5,0.272,0.0,0.0,0.0,0.18744,0.02067,4.12527,953088.0000000001,5923.6,9618854,0.0,60.0,36,342.89499596113103,-452936134.4759716,452936134.4759716,39.97020950119198,60.0,mississippi,2070,2010,8,gas_cc_wo_ccs,400.0,-0.00398993418629034,3.48612007746934,491947.16449999996,-439565.20050000004
5,0.272,0.0,0.0,0.0,0.18744,0.02067,4.12527,953088.0000000001,5923.6,9750408,0.0,60.0,36,342.89499596113103,-452936134.4759716,452936134.4759716,39.97020950119198,60.0,mississippi,2070,2010,8,gas_cc_wo_ccs,400.0,-0.00398993418629034,3.48612007746934,641947.1645,-467565.20050000004
5,0.272,0.0,0.0,0.0,0.18744,0.02067,4.12527,953088.0000000001,5923.6,10337088,35817.509109470324,60.0,36,342.89499596113103,-452900316.9668621,452936134.4759716,39.97020950119198,60.0,mississippi,2070,2010,8,gas_cc_wo_ccs,400.0,-0.00398993418629034,3.48612007746934,696947.1645,-592565.2005
5,0.272,0.0,0.0,0.0,0.18744,0.02067,4.12527,953088.0000000001,5923.6,10383984,0.0,60.0,36,342.89499596113103,-452936134.4759716,452936134.4759716,39.97020950119198,60.0,mississippi,2070,2010,8,gas_cc_wo_ccs,400.0,-0.00398993418629034,3.48612007746934,662947.1645,-602565.2005
5,0.272,0.0,0.0,0.0,0.18744,0.02067,4.12527,953088.0000000001,5923.6,10459053,0.0,60.0,36,342.89499596113103,-452936134.4759716,452936134.4759716,39.97020950119198,60.0,mississippi,2070,2010,8,gas_cc_wo_ccs,400.0,-0.00398993418629034,3.48612007746934,643947.1645,-618565.2005
5,0.272,0.0,0.0,0.0,0.18744,0.02067,4.12527,953088.0000000001,5923.6,10557521,0.0,60.0,36,342.89499596113103,-452936134.4759716,452936134.4759716,39.97020950119198,60.0,mississippi,2070,2010,8,gas_cc_wo_ccs,400.0,-0.00398993418629034,3.48612007746934,558947.1645,-639565.2005
5,0.272,0.0,0.0,0.0,0.18744,0.02067,4.12527,953088.0000000001,5923.6,10576363,0.0,60.0,36,342.89499596113103,-452936134.4759716,452936134.4759716,39.97020950119198,60.0,mississippi,2070,2010,8,gas_cc_wo_ccs,400.0,-0.00398993418629034,3.48612007746934,628947.1645,-643565.2005
5,0.272,0.0,0.0,0.0,0.18744,0.02067,4.12527,953088.0000000001,5923.6,10660836,0.0,60.0,36,342.89499596113103,-452936134.4759716,452936134.4759716,39.97020950119198,60.0,mississippi,2070,2010,8,gas_cc_wo_ccs,400.0,-0.00398993418629034,3.48612007746934,627947.1645,-661565.2005
5,0.272,0.0,0.0,0.0,0.18744,0.02067,4.12527,953088.0000000001,5923.6,10670171,35817.509109470324,60.0,36,342.89499596113103,-452900316.9668621,452936134.4759716,39.97020950119198,60.0,mississippi,2070,2010,8,gas_cc_wo_ccs,400.0,-0.00398993418629034,3.48612007746934,576947.1645,-663565.2005
5,0.272,0.0,0.0,0.0,0.18744,0.02067,4.12527,953088.0000000001,5923.6,10707809,0.0,60.0,36,342.89499596113103,-452936134.4759716,452936134.4759716,39.97020950119198,60.0,mississippi,2070,2010,8,gas_cc_wo_ccs,400.0,-0.00398993418629034,3.48612007746934,670947.1645,-671565.2005
5,0.272,0.0,0.0,0.0,0.18744,0.02067,4.12527,953088.0000000001,5923.6,10904930,35817.509109470324,60.0,36,342.89499596113103,-452900316.9668621,452936134.4759716,39.97020950119198,60.0,mississippi,2070,2010,8,gas_cc_wo_ccs,400.0,-0.00398993418629034,3.48612007746934,685947.1645,-713565.2005
5,0.272,0.0,0.0,0.0,0.18744,0.02067,4.12527,953088.0000000001,5923.6,10979929,0.0,60.0,36,342.89499596113103,-452936134.4759716,452936134.4759716,39.97020950119198,60.0,mississippi,2070,2010,8,gas_cc_wo_ccs,400.0,-0.00398993418629034,3.48612007746934,596947.1645,-729565.2005
5,0.272,0.0,0.0,0.0,0.18744,0.02067,4.12527,953088.0000000001,5923.6,11125500,0.0,60.0,36,342.89499596113103,-452936134.4759716,452936134.4759716,39.97020950119198,60.0,mississippi,2070,2010,8,gas_cc_wo_ccs,400.0,-0.00398993418629034,3.48612007746934,684947.1645,-760565.2005
5,0.41,0.0,0.0,0.0,0.18744,0.02067,4.12527,1436640.0,7337.6,8882086,0.0,60.0,36,302.3305277437794,-577864189.123029,577864189.123029,52.01903465357184,60.0,mississippi,2070,2010,9,gas_cc_w_ccs,400.0,-0.00398993418629034,7.00451904454487,524947.1645,-282565.20050000004
5,0.41,0.0,0.0,0.0,0.18744,0.02067,4.12527,1436640.0,7337.6,9609483,0.0,60.0,36,302.3305277437794,-577864189.123029,577864189.123029,52.01903465357184,60.0,mississippi,2070,2010,9,gas_cc_w_ccs,400.0,-0.00398993418629034,7.00451904454487,506947.16449999996,-437565.20050000004
5,0.41,0.0,0.0,0.0,0.18744,0.02067,4.12527,1436640.0,7337.6,9623541,0.0,60.0,36,302.3305277437794,-577864189.123029,577864189.123029,52.01903465357184,60.0,mississippi,2070,2010,9,gas_cc_w_ccs,400.0,-0.00398993418629034,7.00451904454487,485947.16449999996,-440565.20050000004
5,0.41,0.0,0.0,0.0,0.18744,0.02067,4.12527,1436640.0,7337.6,9689208,0.0,60.0,36,302.3305277437794,-577864189.123029,577864189.123029,52.01903465357184,60.0,mississippi,2070,2010,9,gas_cc_w_ccs,400.0,-0.00398993418629034,7.00451904454487,450947.16449999996,-454565.20050000004
5,0.41,0.0,0.0,0.0,0.18744,0.02067,4.12527,1436640.0,7337.6,10031987,0.0,60.0,36,302.3305277437794,-577864189.123029,577864189.123029,52.01903465357184,60.0,mississippi,2070,2010,9,gas_cc_w_ccs,400.0,-0.00398993418629034,7.00451904454487,640947.1645,-527565.2005
5,0.41,0.0,0.0,0.0,0.18744,0.02067,4.12527,1436640.0,7337.6,10102229,0.0,60.0,36,302.3305277437794,-577864189.123029,577864189.123029,52.01903465357184,60.0,mississippi,2070,2010,9,gas_cc_w_ccs,400.0,-0.00398993418629034,7.00451904454487,487947.16449999996,-542565.2005
5,0.41,0.0,0.0,0.0,0.18744,0.02067,4.12527,1436640.0,7337.6,10130582,0.0,60.0,36,302.3305277437794,-577864189.123029,577864189.123029,52.01903465357184,60.0,mississippi,2070,2010,9,gas_cc_w_ccs,400.0,-0.00398993418629034,7.00451904454487,682947.1645,-548565.2005
5,0.41,0.0,0.0,0.0,0.18744,0.02067,4.12527,1436640.0,7337.6,10229007,0.0,60.0,36,302.3305277437794,-577864189.123029,577864189.123029,52.01903465357184,60.0,mississippi,2070,2010,9,gas_cc_w_ccs,400.0,-0.00398993418629034,7.00451904454487,554947.1645,-569565.2005
5,0.41,0.0,0.0,0.0,0.18744,0.02067,4.12527,1436640.0,7337.6,10275935,0.0,60.0,36,302.3305277437794,-577864189.123029,577864189.123029,52.01903465357184,60.0,mississippi,2070,2010,9,gas_cc_w_ccs,400.0,-0.00398993418629034,7.00451904454487,552947.1645,-579565.2005
5,0.41,0.0,0.0,0.0,0.18744,0.02067,4.12527,1436640.0,7337.6,10346461,0.0,60.0,36,302.3305277437794,-577864189.123029,577864189.123029,52.01903465357184,60.0,mississippi,2070,2010,9,gas_cc_w_ccs,400.0,-0.00398993418629034,7.00451904454487,683947.1645,-594565.2005
5,0.41,0.0,0.0,0.0,0.18744,0.02067,4.12527,1436640.0,7337.6,10351089,0.0,60.0,36,302.3305277437794,-577864189.123029,577864189.123029,52.01903465357184,60.0,mississippi,2070,2010,9,gas_cc_w_ccs,400.0,-0.00398993418629034,7.00451904454487,618947.1645,-595565.2005
5,0.41,0.0,0.0,0.0,0.18744,0.02067,4.12527,1436640.0,7337.6,10435566,0.0,60.0,36,302.3305277437794,-577864189.123029,577864189.123029,52.01903465357184,60.0,mississippi,2070,2010,9,gas_cc_w_ccs,400.0,-0.00398993418629034,7.00451904454487,621947.1645,-613565.2005
5,0.41,0.0,0.0,0.0,0.18744,0.02067,4.12527,1436640.0,7337.6,10463690,0.0,60.0,36,302.3305277437794,-577864189.123029,577864189.123029,52.01903465357184,60.0,mississippi,2070,2010,9,gas_cc_w_ccs,400.0,-0.00398993418629034,7.00451904454487,587947.1645,-619565.2005
5,0.41,0.0,0.0,0.0,0.18744,0.02067,4.12527,1436640.0,7337.6,10562270,0.0,60.0,36,302.3305277437794,-577864189.123029,577864189.123029,52.01903465357184,60.0,mississippi,2070,2010,9,gas_cc_w_ccs,400.0,-0.00398993418629034,7.00451904454487,614947.1645,-640565.2005
5,0.41,0.0,0.0,0.0,0.18744,0.02067,4.12527,1436640.0,7337.6,10618427,0.0,60.0,36,302.3305277437794,-577864189.123029,577864189.123029,52.01903465357184,60.0,mississippi,2070,2010,9,gas_cc_w_ccs,400.0,-0.00398993418629034,7.00451904454487,455947.16449999996,-652565.2005
5,0.41,0.0,0.0,0.0,0.18744,0.02067,4.12527,1436640.0,7337.6,10632579,0.0,60.0,36,302.3305277437794,-577864189.123029,577864189.123029,52.01903465357184,60.0,mississippi,2070,2010,9,gas_cc_w_ccs,400.0,-0.00398993418629034,7.00451904454487,528947.1645,-655565.2005
5,0.41,0.0,0.0,0.0,0.18744,0.02067,4.12527,1436640.0,7337.6,10642007,0.0,60.0,36,302.3305277437794,-577864189.123029,577864189.123029,52.01903465357184,60.0,mississippi,2070,2010,9,gas_cc_w_ccs,400.0,-0.00398993418629034,7.00451904454487,570947.1645,-657565.2005
5,0.41,0.0,0.0,0.0,0.18744,0.02067,4.12527,1436640.0,7337.6,10660866,0.0,60.0,36,302.3305277437794,-577864189.123029,577864189.123029,52.01903465357184,60.0,mississippi,2070,2010,9,gas_cc_w_ccs,400.0,-0.00398993418629034,7.00451904454487,657947.1645,-661565.2005
5,0.41,0.0,0.0,0.0,0.18744,0.02067,4.12527,1436640.0,7337.6,10665548,0.0,60.0,36,302.3305277437794,-577864189.123029,577864189.123029,52.01903465357184,60.0,mississippi,2070,2010,9,gas_cc_w_ccs,400.0,-0.00398993418629034,7.00451904454487,646947.1645,-662565.2005
5,0.41,0.0,0.0,0.0,0.18744,0.02067,4.12527,1436640.0,7337.6,10726500,0.0,60.0,36,302.3305277437794,-577864189.123029,577864189.123029,52.01903465357184,60.0,mississippi,2070,2010,9,gas_cc_w_ccs,400.0,-0.00398993418629034,7.00451904454487,589947.1645,-675565.2005
5,0.41,0.0,0.0,0.0,0.18744,0.02067,4.12527,1436640.0,7337.6,10764137,0.0,60.0,36,302.3305277437794,-577864189.123029,577864189.123029,52.01903465357184,60.0,mississippi,2070,2010,9,gas_cc_w_ccs,400.0,-0.00398993418629034,7.00451904454487,682947.1645,-683565.2005
5,0.41,0.0,0.0,0.0,0.18744,0.02067,4.12527,1436640.0,7337.6,10829868,0.0,60.0,36,302.3305277437794,-577864189.123029,577864189.123029,52.01903465357184,60.0,mississippi,2070,2010,9,gas_cc_w_ccs,400.0,-0.00398993418629034,7.00451904454487,711947.1645,-697565.2005
5,0.41,0.0,0.0,0.0,0.18744,0.02067,4.12527,1436640.0,7337.6,11130187,0.0,60.0,36,302.3305277437794,-577864189.123029,577864189.123029,52.01903465357184,60.0,mississippi,2070,2010,9,gas_cc_w_ccs,400.0,-0.00398993418629034,7.00451904454487,678947.1645,-761565.2005
5,0.41,0.0,0.0,0.0,0.18744,0.02067,4.12527,1436640.0,7337.6,11172466,0.0,60.0,36,302.3305277437794,-577864189.123029,577864189.123029,52.01903465357184,60.0,mississippi,2070,2010,9,gas_cc_w_ccs,400.0,-0.00398993418629034,7.00451904454487,720947.1645,-770565.2005
5,0.733,0.0,0.0,0.0,0.36036,0.09122,2.39413,3852648.0,8594.5,6530799,0.0,60.0,8,118.49901677101491,-4775325605.527835,4775325605.527835,264.9743317533887,60.0,missouri,2070,2010,4,coal_conv_pul_wo_ccs,600.0,-0.00398993418629034,4.0025823111685,430947.16449999996,218434.79949999996
5,0.733,0.0,0.0,0.0,0.36036,0.09122,2.39413,3852648.0,8594.5,6671443,0.0,60.0,8,118.49901677101491,-4775325605.527835,4775325605.527835,264.9743317533887,60.0,missouri,2070,2010,4,coal_conv_pul_wo_ccs,600.0,-0.00398993418629034,4.0025823111685,284947.16449999996,188434.79949999996
5,0.733,0.0,0.0,0.0,0.36036,0.09122,2.39413,3852648.0,8594.5,6723086,0.0,60.0,8,118.49901677101491,-4775325605.527835,4775325605.527835,264.9743317533887,60.0,missouri,2070,2010,4,coal_conv_pul_wo_ccs,600.0,-0.00398993418629034,4.0025823111685,304947.16449999996,177434.79949999996
5,0.733,0.0,0.0,0.0,0.36036,0.09122,2.39413,3852648.0,8594.5,6727795,0.0,60.0,8,118.49901677101491,-4775325605.527835,4775325605.527835,264.9743317533887,60.0,missouri,2070,2010,4,coal_conv_pul_wo_ccs,600.0,-0.00398993418629034,4.0025823111685,320947.16449999996,176434.79949999996
5,0.733,0.0,0.0,0.0,0.36036,0.09122,2.39413,3852648.0,8594.5,6765408,0.0,60.0,8,118.49901677101491,-4775325605.527835,4775325605.527835,264.9743317533887,60.0,missouri,2070,2010,4,coal_conv_pul_wo_ccs,600.0,-0.00398993418629034,4.0025823111685,389947.16449999996,168434.79949999996
5,0.733,0.0,0.0,0.0,0.36036,0.09122,2.39413,3852648.0,8594.5,6774718,0.0,60.0,8,118.49901677101491,-4775325605.527835,4775325605.527835,264.9743317533887,60.0,missouri,2070,2010,4,coal_conv_pul_wo_ccs,600.0,-0.00398993418629034,4.0025823111685,313947.16449999996,166434.79949999996
5,0.733,0.0,0.0,0.0,0.36036,0.09122,2.39413,3852648.0,8594.5,6802912,0.0,60.0,8,118.49901677101491,-4775325605.527835,4775325605.527835,264.9743317533887,60.0,missouri,2070,2010,4,coal_conv_pul_wo_ccs,600.0,-0.00398993418629034,4.0025823111685,349947.16449999996,160434.79949999996
5,0.733,0.0,0.0,0.0,0.36036,0.09122,2.39413,3852648.0,8594.5,6878043,0.0,60.0,8,118.49901677101491,-4775325605.527835,4775325605.527835,264.9743317533887,60.0,missouri,2070,2010,4,coal_conv_pul_wo_ccs,600.0,-0.00398993418629034,4.0025823111685,392947.16449999996,144434.79949999996
5,0.733,0.0,0.0,0.0,0.36036,0.09122,2.39413,3852648.0,8594.5,6920237,0.0,60.0,8,118.49901677101491,-4775325605.527835,4775325605.527835,264.9743317533887,60.0,missouri,2070,2010,4,coal_conv_pul_wo_ccs,600.0,-0.00398993418629034,4.0025823111685,349947.16449999996,135434.79949999996
5,0.733,0.0,0.0,0.0,0.36036,0.09122,2.39413,3852648.0,8594.5,6938988,0.0,60.0,8,118.49901677101491,-4775325605.527835,4775325605.527835,264.9743317533887,60.0,missouri,2070,2010,4,coal_conv_pul_wo_ccs,600.0,-0.00398993418629034,4.0025823111685,328947.16449999996,131434.79949999996
5,0.733,0.0,0.0,0.0,0.36036,0.09122,2.39413,3852648.0,8594.5,6967153,0.0,60.0,8,118.49901677101491,-4775325605.527835,4775325605.527835,264.9743317533887,60.0,missouri,2070,2010,4,coal_conv_pul_wo_ccs,600.0,-0.00398993418629034,4.0025823111685,335947.16449999996,125434.79949999996
5,0.733,0.0,0.0,0.0,0.36036,0.09122,2.39413,3852648.0,8594.5,7070441,0.0,60.0,8,118.49901677101491,-4775325605.527835,4775325605.527835,264.9743317533887,60.0,missouri,2070,2010,4,coal_conv_pul_wo_ccs,600.0,-0.00398993418629034,4.0025823111685,377947.16449999996,103434.79949999996
5,0.733,0.0,0.0,0.0,0.36036,0.09122,2.39413,3852648.0,8594.5,7075050,0.0,60.0,8,118.49901677101491,-4775325605.527835,4775325605.527835,264.9743317533887,60.0,missouri,2070,2010,4,coal_conv_pul_wo_ccs,600.0,-0.00398993418629034,4.0025823111685,293947.16449999996,102434.79949999996
5,0.733,0.0,0.0,0.0,0.36036,0.09122,2.39413,3852648.0,8594.5,7234835,0.0,60.0,8,118.49901677101491,-4775325605.527835,4775325605.527835,264.9743317533887,60.0,missouri,2070,2010,4,coal_conv_pul_wo_ccs,600.0,-0.00398993418629034,4.0025823111685,516947.16449999996,68434.79949999996
5,0.733,0.0,0.0,0.0,0.36036,0.09122,2.39413,3852648.0,8594.5,7380325,0.0,60.0,8,118.49901677101491,-4775325605.527835,4775325605.527835,264.9743317533887,60.0,missouri,2070,2010,4,coal_conv_pul_wo_ccs,600.0,-0.00398993418629034,4.0025823111685,523947.16449999996,37434.799499999965
5,0.733,0.0,0.0,0.0,0.36036,0.09122,2.39413,3852648.0,8594.5,7596244,0.0,60.0,8,118.49901677101491,-4775325605.527835,4775325605.527835,264.9743317533887,60.0,missouri,2070,2010,4,coal_conv_pul_wo_ccs,600.0,-0.00398993418629034,4.0025823111685,564947.1645,-8565.200500000035
5,0.733,0.0,0.0,0.0,0.36036,0.09122,2.39413,3852648.0,8594.5,7694792,0.0,60.0,8,118.49901677101491,-4775325605.527835,4775325605.527835,264.9743317533887,60.0,missouri,2070,2010,4,coal_conv_pul_wo_ccs,600.0,-0.00398993418629034,4.0025823111685,559947.1645,-29565.200500000035
5,0.733,0.0,0.0,0.0,0.36036,0.09122,2.39413,3852648.0,8594.5,7722948,0.0,60.0,8,118.49901677101491,-4775325605.527835,4775325605.527835,264.9743317533887,60.0,missouri,2070,2010,4,coal_conv_pul_wo_ccs,600.0,-0.00398993418629034,4.0025823111685,557947.1645,-35565.200500000035
5,0.733,0.0,0.0,0.0,0.36036,0.09122,2.39413,3852648.0,8594.5,7765213,0.0,60.0,8,118.49901677101491,-4775325605.527835,4775325605.527835,264.9743317533887,60.0,missouri,2070,2010,4,coal_conv_pul_wo_ccs,600.0,-0.00398993418629034,4.0025823111685,585947.1645,-44565.200500000035
5,0.733,0.0,0.0,0.0,0.36036,0.09122,2.39413,3852648.0,8594.5,7816840,0.0,60.0,8,118.49901677101491,-4775325605.527835,4775325605.527835,264.9743317533887,60.0,missouri,2070,2010,4,coal_conv_pul_wo_ccs,600.0,-0.00398993418629034,4.0025823111685,589947.1645,-55565.200500000035
5,0.733,0.0,0.0,0.0,0.36036,0.09122,2.39413,3852648.0,8594.5,7840279,0.0,60.0,8,118.49901677101491,-4775325605.527835,4775325605.527835,264.9743317533887,60.0,missouri,2070,2010,4,coal_conv_pul_wo_ccs,600.0,-0.00398993418629034,4.0025823111685,563947.1645,-60565.200500000035
5,0.733,0.0,0.0,0.0,0.36036,0.09122,2.39413,3852648.0,8594.5,7952917,0.0,60.0,8,118.49901677101491,-4775325605.527835,4775325605.527835,264.9743317533887,60.0,missouri,2070,2010,4,coal_conv_pul_wo_ccs,600.0,-0.00398993418629034,4.0025823111685,569947.1645,-84565.20050000004
5,0.733,0.0,0.0,0.0,0.36036,0.09122,2.39413,3852648.0,8594.5,7999837,0.0,60.0,8,118.49901677101491,-4775325605.527835,4775325605.527835,264.9743317533887,60.0,missouri,2070,2010,4,coal_conv_pul_wo_ccs,600.0,-0.00398993418629034,4.0025823111685,559947.1645,-94565.20050000004
5,0.733,0.0,0.0,0.0,0.36036,0.09122,2.39413,3852648.0,8594.5,8042072,0.0,60.0,8,118.49901677101491,-4775325605.527835,4775325605.527835,264.9743317533887,60.0,missouri,2070,2010,4,coal_conv_pul_wo_ccs,600.0,-0.00398993418629034,4.0025823111685,557947.1645,-103565.20050000004
5,0.733,0.0,0.0,0.0,0.36036,0.09122,2.39413,3852648.0,8594.5,8121824,0.0,60.0,8,118.49901677101491,-4775325605.527835,4775325605.527835,264.9743317533887,60.0,missouri,2070,2010,4,coal_conv_pul_wo_ccs,600.0,-0.00398993418629034,4.0025823111685,528947.1645,-120565.20050000004
5,0.272,0.0,0.0,0.0,0.18744,0.02067,4.12527,953088.0000000001,5923.6,6831182,0.0,60.0,8,304.9724938954901,-398630489.16704506,398630489.16704506,39.97020950119198,60.0,missouri,2070,2010,8,gas_cc_wo_ccs,400.0,-0.00398993418629034,3.48612007746934,461947.16449999996,154434.79949999996
5,0.272,0.0,0.0,0.0,0.18744,0.02067,4.12527,953088.0000000001,5923.6,7633791,0.0,60.0,8,304.9724938954901,-398630489.16704506,398630489.16704506,39.97020950119198,60.0,missouri,2070,2010,8,gas_cc_wo_ccs,400.0,-0.00398993418629034,3.48612007746934,567947.1645,-16565.200500000035
5,0.41,0.0,0.0,0.0,0.18744,0.02067,4.12527,1436640.0,7337.6,6563600,0.0,60.0,8,263.85359022719825,-494809636.0010848,494809636.0010848,52.01903465357184,60.0,missouri,2070,2010,9,gas_cc_w_ccs,400.0,-0.00398993418629034,7.00451904454487,380947.16449999996,211434.79949999996
5,0.41,0.0,0.0,0.0,0.18744,0.02067,4.12527,1436640.0,7337.6,6755980,0.0,60.0,8,263.85359022719825,-494809636.0010848,494809636.0010848,52.01903465357184,60.0,missouri,2070,2010,9,gas_cc_w_ccs,400.0,-0.00398993418629034,7.00451904454487,347947.16449999996,170434.79949999996
5,0.41,0.0,0.0,0.0,0.18744,0.02067,4.12527,1436640.0,7337.6,6807577,0.0,60.0,8,263.85359022719825,-494809636.0010848,494809636.0010848,52.01903465357184,60.0,missouri,2070,2010,9,gas_cc_w_ccs,400.0,-0.00398993418629034,7.00451904454487,321947.16449999996,159434.79949999996
5,0.464,0.0,0.0,0.0,0.0,0.0,0.0,325171.2,3412.0,6676243,0.0,30.0,8,252.01417961627064,-81947753.2028382,81947753.2028382,0.0,30.0,missouri,2040,2010,18,wind_onshore,80.0,-0.00249607760279447,0.0,391947.16449999996,187434.79949999996
5,0.464,0.0,0.0,0.0,0.0,0.0,0.0,325171.2,3412.0,7352177,0.0,30.0,8,252.01417961627064,-81947753.2028382,81947753.2028382,0.0,30.0,missouri,2040,2010,18,wind_onshore,80.0,-0.00249607760279447,0.0,533947.1645,43434.799499999965
5,0.733,0.0,0.0,0.0,0.36036,0.09122,2.39413,3852648.0,8594.5,1244837,0.0,60.0,48,157.17018918934505,-6666860419.297925,6666860419.297925,264.9743317533887,60.0,montana,2070,2010,4,coal_conv_pul_wo_ccs,600.0,-0.00398993418629034,4.0025823111685,-1213052.8355,1344434.7995
5,0.733,0.0,0.0,0.0,0.36036,0.09122,2.39413,3852648.0,8594.5,1845612,0.0,60.0,48,157.17018918934505,-6666860419.297925,6666860419.297925,264.9743317533887,60.0,montana,2070,2010,4,coal_conv_pul_wo_ccs,600.0,-0.00398993418629034,4.0025823111685,-1142052.8355,1216434.7995
5,0.733,0.0,0.0,0.0,0.36036,0.09122,2.39413,3852648.0,8594.5,2216117,0.0,60.0,48,157.17018918934505,-6666860419.297925,6666860419.297925,264.9743317533887,60.0,montana,2070,2010,4,coal_conv_pul_wo_ccs,600.0,-0.00398993418629034,4.0025823111685,-1384052.8355,1137434.7995
5,0.733,0.0,0.0,0.0,0.36036,0.09122,2.39413,3852648.0,8594.5,2939250,0.0,60.0,48,157.17018918934505,-6666860419.297925,6666860419.297925,264.9743317533887,60.0,montana,2070,2010,4,coal_conv_pul_wo_ccs,600.0,-0.00398993418629034,4.0025823111685,-973052.8355,983434.7995
5,0.733,0.0,0.0,0.0,0.36036,0.09122,2.39413,3852648.0,8594.5,3141012,0.0,60.0,48,157.17018918934505,-6666860419.297925,6666860419.297925,264.9743317533887,60.0,montana,2070,2010,4,coal_conv_pul_wo_ccs,600.0,-0.00398993418629034,4.0025823111685,-1010052.8355,940434.7995
5,0.115,0.0,0.0,0.0,0.25872,0.62952,14.83141,402960.0,9399.4,2976868,0.0,60.0,48,454.39387303970636,-5.341165077321868e+18,5.341165077321868e+18,5866286794497.894,60.0,montana,2070,2010,15,oil_ct_wo_ccs,400.0,-0.00398993418629034,10.0064557779212,-899052.8355,975434.7995
5,0.464,0.0,0.0,0.0,0.0,0.0,0.0,325171.2,3412.0,1990861,0.0,30.0,48,291.17953402356846,-94683198.4938845,94683198.4938845,0.0,30.0,montana,2040,2010,18,wind_onshore,80.0,-0.00249607760279447,0.0,-1376052.8355,1185434.7995
5,0.464,0.0,0.0,0.0,0.0,0.0,0.0,325171.2,3412.0,2498000,0.0,30.0,48,291.17953402356846,-94683198.4938845,94683198.4938845,0.0,30.0,montana,2040,2010,18,wind_onshore,80.0,-0.00249607760279447,0.0,-1081052.8355,1077434.7995
5,0.733,0.0,0.0,0.0,0.36036,0.09122,2.39413,3852648.0,8594.5,5060799,0.0,60.0,38,136.9188151864682,-5676298805.6303,5676298805.6303,264.9743317533887,60.0,nebraska,2070,2010,4,coal_conv_pul_wo_ccs,600.0,-0.00398993418629034,4.0025823111685,-660052.8355,531434.7995
5,0.733,0.0,0.0,0.0,0.36036,0.09122,2.39413,3852648.0,8594.5,5112426,0.0,60.0,38,136.9188151864682,-5676298805.6303,5676298805.6303,264.9743317533887,60.0,nebraska,2070,2010,4,coal_conv_pul_wo_ccs,600.0,-0.00398993418629034,4.0025823111685,-656052.8355,520434.79949999996
5,0.733,0.0,0.0,0.0,0.36036,0.09122,2.39413,3852648.0,8594.5,5145302,0.0,60.0,38,136.9188151864682,-5676298805.6303,5676298805.6303,264.9743317533887,60.0,nebraska,2070,2010,4,coal_conv_pul_wo_ccs,600.0,-0.00398993418629034,4.0025823111685,-631052.8355,513434.79949999996
5,0.733,0.0,0.0,0.0,0.36036,0.09122,2.39413,3852648.0,8594.5,5323681,0.0,60.0,38,136.9188151864682,-5676298805.6303,5676298805.6303,264.9743317533887,60.0,nebraska,2070,2010,4,coal_conv_pul_wo_ccs,600.0,-0.00398993418629034,4.0025823111685,-586052.8355,475434.79949999996
5,0.733,0.0,0.0,0.0,0.36036,0.09122,2.39413,3852648.0,8594.5,5567832,0.0,60.0,38,136.9188151864682,-5676298805.6303,5676298805.6303,264.9743317533887,60.0,nebraska,2070,2010,4,coal_conv_pul_wo_ccs,600.0,-0.00398993418629034,4.0025823111685,-471052.83550000004,423434.79949999996
5,0.733,0.0,0.0,0.0,0.36036,0.09122,2.39413,3852648.0,8594.5,5595986,0.0,60.0,38,136.9188151864682,-5676298805.6303,5676298805.6303,264.9743317533887,60.0,nebraska,2070,2010,4,coal_conv_pul_wo_ccs,600.0,-0.00398993418629034,4.0025823111685,-475052.83550000004,417434.79949999996
5,0.733,0.0,0.0,0.0,0.36036,0.09122,2.39413,3852648.0,8594.5,5727403,0.0,60.0,38,136.9188151864682,-5676298805.6303,5676298805.6303,264.9743317533887,60.0,nebraska,2070,2010,4,coal_conv_pul_wo_ccs,600.0,-0.00398993418629034,4.0025823111685,-462052.83550000004,389434.79949999996
5,0.9,0.0,0.0,0.0,0.0,0.04639,0.71281,10643400.0,10246.2,5572458,0.0,60.0,38,158.0183141538291,-4562762426.517007,4562762426.517007,23.034078534539436,60.0,nebraska,2070,2010,13,nuclear_gen_ii,1350.0,-0.00104311614063357,2.19496449322143,-538052.8355,422434.79949999996
5,0.464,0.0,0.0,0.0,0.0,0.0,0.0,325171.2,3412.0,4727730,0.0,30.0,38,269.87578648759455,-87755833.34311484,87755833.34311484,0.0,30.0,nebraska,2040,2010,18,wind_onshore,80.0,-0.00249607760279447,0.0,-526052.8355,602434.7995
5,0.733,0.0,0.0,0.0,0.36036,0.09122,2.39413,3852648.0,8594.5,4773388,0.0,60.0,49,109.93388727459745,-4356376822.396468,4356376822.396468,264.9743317533887,60.0,nevada,2070,2010,4,coal_conv_pul_wo_ccs,600.0,-0.00398993418629034,4.0025823111685,-1798052.8355,592434.7995
5,0.733,0.0,0.0,0.0,0.36036,0.09122,2.39413,3852648.0,8594.5,4984727,0.0,60.0,49,109.93388727459745,-4356376822.396468,4356376822.396468,264.9743317533887,60.0,nevada,2070,2010,4,coal_conv_pul_wo_ccs,600.0,-0.00398993418629034,4.0025823111685,-1644052.8355,547434.7995
5,0.272,0.0,0.0,0.0,0.18744,0.02067,4.12527,953088.0000000001,5923.6,4782928,201950.2001851044,60.0,49,296.55589416525214,-386375830.02728736,386577780.2274725,39.97020950119198,60.0,nevada,2070,2010,8,gas_cc_wo_ccs,400.0,-0.00398993418629034,3.48612007746934,-1644052.8355,590434.7995
5,0.272,0.0,0.0,0.0,0.18744,0.02067,4.12527,953088.0000000001,5923.6,4853134,194671.8599828881,60.0,49,296.55589416525214,-386383108.3674896,386577780.2274725,39.97020950119198,60.0,nevada,2070,2010,8,gas_cc_wo_ccs,400.0,-0.00398993418629034,3.48612007746934,-1833052.8355,575434.7995
5,0.272,0.0,0.0,0.0,0.18744,0.02067,4.12527,953088.0000000001,5923.6,4989389,160530.52820897993,60.0,49,296.55589416525214,-386417249.6992635,386577780.2274725,39.97020950119198,60.0,nevada,2070,2010,8,gas_cc_wo_ccs,400.0,-0.00398993418629034,3.48612007746934,-1675052.8355,546434.7995
5,0.272,0.0,0.0,0.0,0.18744,0.02067,4.12527,953088.0000000001,5923.6,5430176,184203.38257363305,60.0,49,296.55589416525214,-386393576.8448989,386577780.2274725,39.97020950119198,60.0,nevada,2070,2010,8,gas_cc_wo_ccs,400.0,-0.00398993418629034,3.48612007746934,-2030052.8355,452434.79949999996
5,0.272,0.0,0.0,0.0,0.18744,0.02067,4.12527,953088.0000000001,5923.6,5477141,140379.87461164987,60.0,49,296.55589416525214,-386437400.3528608,386577780.2274725,39.97020950119198,60.0,nevada,2070,2010,8,gas_cc_wo_ccs,400.0,-0.00398993418629034,3.48612007746934,-1995052.8355,442434.79949999996
5,0.272,0.0,0.0,0.0,0.18744,0.02067,4.12527,953088.0000000001,5923.6,5500594,203230.02587630134,60.0,49,296.55589416525214,-386374550.2015962,386577780.2274725,39.97020950119198,60.0,nevada,2070,2010,8,gas_cc_wo_ccs,400.0,-0.00398993418629034,3.48612007746934,-2007052.8355,437434.79949999996
5,0.272,0.0,0.0,0.0,0.18744,0.02067,4.12527,953088.0000000001,5923.6,5571034,140379.87461164987,60.0,49,296.55589416525214,-386437400.3528608,386577780.2274725,39.97020950119198,60.0,nevada,2070,2010,8,gas_cc_wo_ccs,400.0,-0.00398993418629034,3.48612007746934,-1962052.8355,422434.79949999996
5,0.272,0.0,0.0,0.0,0.18744,0.02067,4.12527,953088.0000000001,5923.6,7256144,199232.04255497875,60.0,49,296.55589416525214,-386378548.1849175,386577780.2274725,39.97020950119198,60.0,nevada,2070,2010,8,gas_cc_wo_ccs,400.0,-0.00398993418629034,3.48612007746934,-1639052.8355,63434.799499999965
5,0.272,0.0,0.0,0.0,0.18744,0.02067,4.12527,953088.0000000001,5923.6,7312438,140379.87461164987,60.0,49,296.55589416525214,-386437400.3528608,386577780.2274725,39.97020950119198,60.0,nevada,2070,2010,8,gas_cc_wo_ccs,400.0,-0.00398993418629034,3.48612007746934,-1661052.8355,51434.799499999965
5,0.272,0.0,0.0,0.0,0.18744,0.02067,4.12527,953088.0000000001,5923.6,7561145,174598.05297439874,60.0,49,296.55589416525214,-386403182.1744981,386577780.2274725,39.97020950119198,60.0,nevada,2070,2010,8,gas_cc_wo_ccs,400.0,-0.00398993418629034,3.48612007746934,-1683052.8355,-1565.2005000000354
5,0.272,0.0,0.0,0.0,0.18744,0.02067,4.12527,953088.0000000001,5923.6,7669080,203314.06234916084,60.0,49,296.55589416525214,-386374466.16512334,386577780.2274725,39.97020950119198,60.0,nevada,2070,2010,8,gas_cc_wo_ccs,400.0,-0.00398993418629034,3.48612007746934,-1687052.8355,-24565.200500000035
5,0.41,0.0,0.0,0.0,0.18744,0.02067,4.12527,1436640.0,7337.6,4519952,0.0,60.0,49,255.64568449295624,-477092427.0228301,477092427.0228301,52.01903465357184,60.0,nevada,2070,2010,9,gas_cc_w_ccs,400.0,-0.00398993418629034,7.00451904454487,-1812052.8355,646434.7995
5,0.41,0.0,0.0,0.0,0.18744,0.02067,4.12527,1436640.0,7337.6,4932895,140379.87461164987,60.0,49,255.64568449295624,-476952047.14821845,477092427.0228301,52.01903465357184,60.0,nevada,2070,2010,9,gas_cc_w_ccs,400.0,-0.00398993418629034,7.00451904454487,-1853052.8355,558434.7995
5,0.41,0.0,0.0,0.0,0.18744,0.02067,4.12527,1436640.0,7337.6,5022243,123121.29477746275,60.0,49,255.64568449295624,-476969305.7280527,477092427.0228301,52.01903465357184,60.0,nevada,2070,2010,9,gas_cc_w_ccs,400.0,-0.00398993418629034,7.00451904454487,-1672052.8355,539434.7995
5,0.41,0.0,0.0,0.0,0.18744,0.02067,4.12527,1436640.0,7337.6,5233105,77868.74399315524,60.0,49,255.64568449295624,-477014558.27883697,477092427.0228301,52.01903465357184,60.0,nevada,2070,2010,9,gas_cc_w_ccs,400.0,-0.00398993418629034,7.00451904454487,-1995052.8355,494434.79949999996
5,0.41,0.0,0.0,0.0,0.18744,0.02067,4.12527,1436640.0,7337.6,5284723,38934.37199657762,60.0,49,255.64568449295624,-477053492.65083355,477092427.0228301,52.01903465357184,60.0,nevada,2070,2010,9,gas_cc_w_ccs,400.0,-0.00398993418629034,7.00451904454487,-2000052.8355,483434.79949999996
5,0.41,0.0,0.0,0.0,0.18744,0.02067,4.12527,1436640.0,7337.6,5303513,83574.18792209741,60.0,49,255.64568449295624,-477008852.834908,477092427.0228301,52.01903465357184,60.0,nevada,2070,2010,9,gas_cc_w_ccs,400.0,-0.00398993418629034,7.00451904454487,-1982052.8355,479434.79949999996
5,0.41,0.0,0.0,0.0,0.18744,0.02067,4.12527,1436640.0,7337.6,5509974,116803.11598973286,60.0,49,255.64568449295624,-476975623.9068404,477092427.0228301,52.01903465357184,60.0,nevada,2070,2010,9,gas_cc_w_ccs,400.0,-0.00398993418629034,7.00451904454487,-2013052.8355,435434.79949999996
5,0.41,0.0,0.0,0.0,0.18744,0.02067,4.12527,1436640.0,7337.6,5538135,38934.37199657762,60.0,49,255.64568449295624,-477053492.65083355,477092427.0228301,52.01903465357184,60.0,nevada,2070,2010,9,gas_cc_w_ccs,400.0,-0.00398993418629034,7.00451904454487,-2010052.8355,429434.79949999996
5,0.41,0.0,0.0,0.0,0.18744,0.02067,4.12527,1436640.0,7337.6,5538234,77868.74399315524,60.0,49,255.64568449295624,-477014558.27883697,477092427.0228301,52.01903465357184,60.0,nevada,2070,2010,9,gas_cc_w_ccs,400.0,-0.00398993418629034,7.00451904454487,-1911052.8355,429434.79949999996
5,0.41,0.0,0.0,0.0,0.18744,0.02067,4.12527,1436640.0,7337.6,5542822,140379.87461164987,60.0,49,255.64568449295624,-476952047.14821845,477092427.0228301,52.01903465357184,60.0,nevada,2070,2010,9,gas_cc_w_ccs,400.0,-0.00398993418629034,7.00451904454487,-2016052.8355,428434.79949999996
5,0.41,0.0,0.0,0.0,0.18744,0.02067,4.12527,1436640.0,7337.6,7303059,135151.9020735329,60.0,49,255.64568449295624,-476957275.12075657,477092427.0228301,52.01903465357184,60.0,nevada,2070,2010,9,gas_cc_w_ccs,400.0,-0.00398993418629034,7.00451904454487,-1654052.8355,53434.799499999965
5,0.41,0.0,0.0,0.0,0.18744,0.02067,4.12527,1436640.0,7337.6,7335896,38934.37199657762,60.0,49,255.64568449295624,-477053492.65083355,477092427.0228301,52.01903465357184,60.0,nevada,2070,2010,9,gas_cc_w_ccs,400.0,-0.00398993418629034,7.00451904454487,-1668052.8355,46434.799499999965
5,0.41,0.0,0.0,0.0,0.18744,0.02067,4.12527,1436640.0,7337.6,7340583,123121.29477746275,60.0,49,255.64568449295624,-476969305.7280527,477092427.0228301,52.01903465357184,60.0,nevada,2070,2010,9,gas_cc_w_ccs,400.0,-0.00398993418629034,7.00451904454487,-1674052.8355,45434.799499999965
5,0.41,0.0,0.0,0.0,0.18744,0.02067,4.12527,1436640.0,7337.6,7439139,0.0,60.0,49,255.64568449295624,-477092427.0228301,477092427.0228301,52.01903465357184,60.0,nevada,2070,2010,9,gas_cc_w_ccs,400.0,-0.00398993418629034,7.00451904454487,-1671052.8355,24434.799499999965
5,0.41,0.0,0.0,0.0,0.18744,0.02067,4.12527,1436640.0,7337.6,7457898,126696.53513897996,60.0,49,255.64568449295624,-476965730.48769116,477092427.0228301,52.01903465357184,60.0,nevada,2070,2010,9,gas_cc_w_ccs,400.0,-0.00398993418629034,7.00451904454487,-1684052.8355,20434.799499999965
5,0.41,0.0,0.0,0.0,0.18744,0.02067,4.12527,1436640.0,7337.6,7528290,80721.46595762632,60.0,49,255.64568449295624,-477011705.5568725,477092427.0228301,52.01903465357184,60.0,nevada,2070,2010,9,gas_cc_w_ccs,400.0,-0.00398993418629034,7.00451904454487,-1687052.8355,5434.799499999965
5,0.41,0.0,0.0,0.0,0.18744,0.02067,4.12527,1436640.0,7337.6,7532990,35817.509109470324,60.0,49,255.64568449295624,-477056609.51372063,477092427.0228301,52.01903465357184,60.0,nevada,2070,2010,9,gas_cc_w_ccs,400.0,-0.00398993418629034,7.00451904454487,-1680052.8355,4434.799499999965
5,0.41,0.0,0.0,0.0,0.18744,0.02067,4.12527,1436640.0,7337.6,7612768,71635.01821894065,60.0,49,255.64568449295624,-477020792.0046112,477092427.0228301,52.01903465357184,60.0,nevada,2070,2010,9,gas_cc_w_ccs,400.0,-0.00398993418629034,7.00451904454487,-1683052.8355,-12565.200500000035
5,0.41,0.0,0.0,0.0,0.18744,0.02067,4.12527,1436640.0,7337.6,7640922,128522.35114619005,60.0,49,255.64568449295624,-476963904.67168397,477092427.0228301,52.01903465357184,60.0,nevada,2070,2010,9,gas_cc_w_ccs,400.0,-0.00398993418629034,7.00451904454487,-1687052.8355,-18565.200500000035
5,0.219,0.0,0.0,0.0,0.0,0.0,0.0,153475.19999999998,3412.0,7363956,0.0,30.0,49,320.7990837632839,-49234703.5403867,49234703.5403867,0.0,30.0,nevada,2040,2010,17,solar_pv_non_dist,80.0,1.0,0.0,-1766052.8355,40434.799499999965
5,0.219,0.0,0.0,0.0,0.0,0.0,0.0,153475.19999999998,3412.0,7500130,0.0,30.0,49,320.7990837632839,-49234703.5403867,49234703.5403867,0.0,30.0,nevada,2040,2010,17,solar_pv_non_dist,80.0,1.0,0.0,-1689052.8355,11434.799499999965
5,0.609,0.0,0.0,0.0,0.3036,0.0,0.0,426787.2,12827.1,3200223,0.0,60.0,19,127.99942417107772,-50641753.169213094,50641753.169213094,9.341336090617133,60.0,new_hampshire,2070,2010,0,biomass_conv_wo_ccs,80.0,-0.00398993418629034,10.0064557779212,1884947.1645,928434.7995
5,0.609,0.0,0.0,0.0,0.3036,0.0,0.0,426787.2,12827.1,3641366,0.0,60.0,19,127.99942417107772,-50641753.169213094,50641753.169213094,9.341336090617133,60.0,new_hampshire,2070,2010,0,biomass_conv_wo_ccs,80.0,-0.00398993418629034,10.0064557779212,1885947.1645,834434.7995
5,0.272,0.0,0.0,0.0,0.18744,0.02067,4.12527,953088.0000000001,5923.6,3397407,38934.37199657762,60.0,19,328.2014432392947,-431855791.46857226,431894725.84056884,39.97020950119198,60.0,new_hampshire,2070,2010,8,gas_cc_wo_ccs,400.0,-0.00398993418629034,3.48612007746934,1962947.1645,886434.7995
5,0.41,0.0,0.0,0.0,0.18744,0.02067,4.12527,1436640.0,7337.6,3406843,0.0,60.0,19,287.38301491915075,-545599173.2963648,545599173.2963648,52.01903465357184,60.0,new_hampshire,2070,2010,9,gas_cc_w_ccs,400.0,-0.00398993418629034,7.00451904454487,2012947.1645,884434.7995
5,0.41,0.0,0.0,0.0,0.18744,0.02067,4.12527,1436640.0,7337.6,3505363,0.0,60.0,19,287.38301491915075,-545599173.2963648,545599173.2963648,52.01903465357184,60.0,new_hampshire,2070,2010,9,gas_cc_w_ccs,400.0,-0.00398993418629034,7.00451904454487,1979947.1645,863434.7995
5,0.9,0.0,0.0,0.0,0.0,0.04639,0.71281,10643400.0,10246.2,3444260,0.0,60.0,19,163.02945825074184,-4715233339.667812,4715233339.667812,23.034078534539436,60.0,new_hampshire,2070,2010,13,nuclear_gen_ii,1350.0,-0.00104311614063357,2.19496449322143,1885947.1645,876434.7995
5,0.272,0.0,0.0,0.0,0.18744,0.02067,4.12527,953088.0000000001,5923.6,4762899,71635.01821894065,60.0,30,374.9476726831741,-498764458.5442085,498836093.56242746,39.97020950119198,60.0,new_jersey,2070,2010,8,gas_cc_wo_ccs,400.0,-0.00398993418629034,3.48612007746934,1791947.1645,595434.7995
5,0.272,0.0,0.0,0.0,0.18744,0.02067,4.12527,953088.0000000001,5923.6,4828631,77868.74399315524,60.0,30,374.9476726831741,-498758224.8184343,498836093.56242746,39.97020950119198,60.0,new_jersey,2070,2010,8,gas_cc_wo_ccs,400.0,-0.00398993418629034,3.48612007746934,1821947.1645,581434.7995
5,0.272,0.0,0.0,0.0,0.18744,0.02067,4.12527,953088.0000000001,5923.6,4833293,71635.01821894065,60.0,30,374.9476726831741,-498764458.5442085,498836093.56242746,39.97020950119198,60.0,new_jersey,2070,2010,8,gas_cc_wo_ccs,400.0,-0.00398993418629034,3.48612007746934,1790947.1645,580434.7995
5,0.272,0.0,0.0,0.0,0.18744,0.02067,4.12527,953088.0000000001,5923.6,4969378,50653.607153034805,60.0,30,374.9476726831741,-498785439.9552744,498836093.56242746,39.97020950119198,60.0,new_jersey,2070,2010,8,gas_cc_wo_ccs,400.0,-0.00398993418629034,3.48612007746934,1778947.1645,551434.7995
5,0.272,0.0,0.0,0.0,0.18744,0.02067,4.12527,953088.0000000001,5923.6,4992858,77868.74399315524,60.0,30,374.9476726831741,-498758224.8184343,498836093.56242746,39.97020950119198,60.0,new_jersey,2070,2010,8,gas_cc_wo_ccs,400.0,-0.00398993418629034,3.48612007746934,1793947.1645,546434.7995
5,0.272,0.0,0.0,0.0,0.18744,0.02067,4.12527,953088.0000000001,5923.6,5020978,55061.51692003931,60.0,30,374.9476726831741,-498781032.04550743,498836093.56242746,39.97020950119198,60.0,new_jersey,2070,2010,8,gas_cc_wo_ccs,400.0,-0.00398993418629034,3.48612007746934,1755947.1645,540434.7995
5,0.272,0.0,0.0,0.0,0.18744,0.02067,4.12527,953088.0000000001,5923.6,5020992,38934.37199657762,60.0,30,374.9476726831741,-498797159.1904309,498836093.56242746,39.97020950119198,60.0,new_jersey,2070,2010,8,gas_cc_wo_ccs,400.0,-0.00398993418629034,3.48612007746934,1769947.1645,540434.7995
5,0.272,0.0,0.0,0.0,0.18744,0.02067,4.12527,953088.0000000001,5923.6,5053869,41787.093961048704,60.0,30,374.9476726831741,-498794306.4684664,498836093.56242746,39.97020950119198,60.0,new_jersey,2070,2010,8,gas_cc_wo_ccs,400.0,-0.00398993418629034,3.48612007746934,1795947.1645,533434.7995
5,0.272,0.0,0.0,0.0,0.18744,0.02067,4.12527,953088.0000000001,5923.6,5114843,50653.607153034805,60.0,30,374.9476726831741,-498785439.9552744,498836093.56242746,39.97020950119198,60.0,new_jersey,2070,2010,8,gas_cc_wo_ccs,400.0,-0.00398993418629034,3.48612007746934,1760947.1645,520434.79949999996
5,0.272,0.0,0.0,0.0,0.18744,0.02067,4.12527,953088.0000000001,5923.6,5133629,50653.607153034805,60.0,30,374.9476726831741,-498785439.9552744,498836093.56242746,39.97020950119198,60.0,new_jersey,2070,2010,8,gas_cc_wo_ccs,400.0,-0.00398993418629034,3.48612007746934,1774947.1645,516434.79949999996
5,0.272,0.0,0.0,0.0,0.18744,0.02067,4.12527,953088.0000000001,5923.6,5166485,71635.01821894065,60.0,30,374.9476726831741,-498764458.5442085,498836093.56242746,39.97020950119198,60.0,new_jersey,2070,2010,8,gas_cc_wo_ccs,400.0,-0.00398993418629034,3.48612007746934,1779947.1645,509434.79949999996
5,0.272,0.0,0.0,0.0,0.18744,0.02067,4.12527,953088.0000000001,5923.6,5344798,45590.72324701016,60.0,30,374.9476726831741,-498790502.83918047,498836093.56242746,39.97020950119198,60.0,new_jersey,2070,2010,8,gas_cc_wo_ccs,400.0,-0.00398993418629034,3.48612007746934,1758947.1645,471434.79949999996
5,0.272,0.0,0.0,0.0,0.18744,0.02067,4.12527,953088.0000000001,5923.6,5438636,74751.88110604795,60.0,30,374.9476726831741,-498761341.68132144,498836093.56242746,39.97020950119198,60.0,new_jersey,2070,2010,8,gas_cc_wo_ccs,400.0,-0.00398993418629034,3.48612007746934,1736947.1645,451434.79949999996
5,0.41,0.0,0.0,0.0,0.18744,0.02067,4.12527,1436640.0,7337.6,4692516,35817.509109470324,60.0,30,333.78550287481244,-645725638.6935565,645761456.202666,52.01903465357184,60.0,new_jersey,2070,2010,9,gas_cc_w_ccs,400.0,-0.00398993418629034,7.00451904454487,1803947.1645,610434.7995
5,0.41,0.0,0.0,0.0,0.18744,0.02067,4.12527,1436640.0,7337.6,4730058,0.0,60.0,30,333.78550287481244,-645761456.202666,645761456.202666,52.01903465357184,60.0,new_jersey,2070,2010,9,gas_cc_w_ccs,400.0,-0.00398993418629034,7.00451904454487,1801947.1645,602434.7995
5,0.41,0.0,0.0,0.0,0.18744,0.02067,4.12527,1436640.0,7337.6,4730080,35817.509109470324,60.0,30,333.78550287481244,-645725638.6935565,645761456.202666,52.01903465357184,60.0,new_jersey,2070,2010,9,gas_cc_w_ccs,400.0,-0.00398993418629034,7.00451904454487,1823947.1645,602434.7995
5,0.41,0.0,0.0,0.0,0.18744,0.02067,4.12527,1436640.0,7337.6,4734743,35817.509109470324,60.0,30,333.78550287481244,-645725638.6935565,645761456.202666,52.01903465357184,60.0,new_jersey,2070,2010,9,gas_cc_w_ccs,400.0,-0.00398993418629034,7.00451904454487,1793947.1645,601434.7995
5,0.41,0.0,0.0,0.0,0.18744,0.02067,4.12527,1436640.0,7337.6,4833274,35817.509109470324,60.0,30,333.78550287481244,-645725638.6935565,645761456.202666,52.01903465357184,60.0,new_jersey,2070,2010,9,gas_cc_w_ccs,400.0,-0.00398993418629034,7.00451904454487,1771947.1645,580434.7995
5,0.41,0.0,0.0,0.0,0.18744,0.02067,4.12527,1436640.0,7337.6,4842652,0.0,60.0,30,333.78550287481244,-645761456.202666,645761456.202666,52.01903465357184,60.0,new_jersey,2070,2010,9,gas_cc_w_ccs,400.0,-0.00398993418629034,7.00451904454487,1763947.1645,578434.7995
5,0.41,0.0,0.0,0.0,0.18744,0.02067,4.12527,1436640.0,7337.6,4842685,0.0,60.0,30,333.78550287481244,-645761456.202666,645761456.202666,52.01903465357184,60.0,new_jersey,2070,2010,9,gas_cc_w_ccs,400.0,-0.00398993418629034,7.00451904454487,1796947.1645,578434.7995
5,0.41,0.0,0.0,0.0,0.18744,0.02067,4.12527,1436640.0,7337.6,4847366,38934.37199657762,60.0,30,333.78550287481244,-645722521.8306695,645761456.202666,52.01903465357184,60.0,new_jersey,2070,2010,9,gas_cc_w_ccs,400.0,-0.00398993418629034,7.00451904454487,1784947.1645,577434.7995
5,0.41,0.0,0.0,0.0,0.18744,0.02067,4.12527,1436640.0,7337.6,4861478,0.0,60.0,30,333.78550287481244,-645761456.202666,645761456.202666,52.01903465357184,60.0,new_jersey,2070,2010,9,gas_cc_w_ccs,400.0,-0.00398993418629034,7.00451904454487,1817947.1645,574434.7995
5,0.41,0.0,0.0,0.0,0.18744,0.02067,4.12527,1436640.0,7337.6,4870842,35817.509109470324,60.0,30,333.78550287481244,-645725638.6935565,645761456.202666,52.01903465357184,60.0,new_jersey,2070,2010,9,gas_cc_w_ccs,400.0,-0.00398993418629034,7.00451904454487,1795947.1645,572434.7995
5,0.41,0.0,0.0,0.0,0.18744,0.02067,4.12527,1436640.0,7337.6,4913065,0.0,60.0,30,333.78550287481244,-645761456.202666,645761456.202666,52.01903465357184,60.0,new_jersey,2070,2010,9,gas_cc_w_ccs,400.0,-0.00398993418629034,7.00451904454487,1781947.1645,563434.7995
5,0.41,0.0,0.0,0.0,0.18744,0.02067,4.12527,1436640.0,7337.6,4931845,38934.37199657762,60.0,30,333.78550287481244,-645722521.8306695,645761456.202666,52.01903465357184,60.0,new_jersey,2070,2010,9,gas_cc_w_ccs,400.0,-0.00398993418629034,7.00451904454487,1789947.1645,559434.7995
5,0.41,0.0,0.0,0.0,0.18744,0.02067,4.12527,1436640.0,7337.6,5006928,35817.509109470324,60.0,30,333.78550287481244,-645725638.6935565,645761456.202666,52.01903465357184,60.0,new_jersey,2070,2010,9,gas_cc_w_ccs,400.0,-0.00398993418629034,7.00451904454487,1784947.1645,543434.7995
5,0.41,0.0,0.0,0.0,0.18744,0.02067,4.12527,1436640.0,7337.6,5030411,0.0,60.0,30,333.78550287481244,-645761456.202666,645761456.202666,52.01903465357184,60.0,new_jersey,2070,2010,9,gas_cc_w_ccs,400.0,-0.00398993418629034,7.00451904454487,1802947.1645,538434.7995
5,0.41,0.0,0.0,0.0,0.18744,0.02067,4.12527,1436640.0,7337.6,5077328,38934.37199657762,60.0,30,333.78550287481244,-645722521.8306695,645761456.202666,52.01903465357184,60.0,new_jersey,2070,2010,9,gas_cc_w_ccs,400.0,-0.00398993418629034,7.00451904454487,1789947.1645,528434.7995
5,0.41,0.0,0.0,0.0,0.18744,0.02067,4.12527,1436640.0,7337.6,5208729,0.0,60.0,30,333.78550287481244,-645761456.202666,645761456.202666,52.01903465357184,60.0,new_jersey,2070,2010,9,gas_cc_w_ccs,400.0,-0.00398993418629034,7.00451904454487,1786947.1645,500434.79949999996
5,0.41,0.0,0.0,0.0,0.18744,0.02067,4.12527,1436640.0,7337.6,5265037,38934.37199657762,60.0,30,333.78550287481244,-645722521.8306695,645761456.202666,52.01903465357184,60.0,new_jersey,2070,2010,9,gas_cc_w_ccs,400.0,-0.00398993418629034,7.00451904454487,1778947.1645,488434.79949999996
5,0.41,0.0,0.0,0.0,0.18744,0.02067,4.12527,1436640.0,7337.6,5330730,0.0,60.0,30,333.78550287481244,-645761456.202666,645761456.202666,52.01903465357184,60.0,new_jersey,2070,2010,9,gas_cc_w_ccs,400.0,-0.00398993418629034,7.00451904454487,1769947.1645,474434.79949999996
5,0.41,0.0,0.0,0.0,0.18744,0.02067,4.12527,1436640.0,7337.6,5387030,35817.509109470324,60.0,30,333.78550287481244,-645725638.6935565,645761456.202666,52.01903465357184,60.0,new_jersey,2070,2010,9,gas_cc_w_ccs,400.0,-0.00398993418629034,7.00451904454487,1753947.1645,462434.79949999996
5,0.41,0.0,0.0,0.0,0.18744,0.02067,4.12527,1436640.0,7337.6,5438646,35817.509109470324,60.0,30,333.78550287481244,-645725638.6935565,645761456.202666,52.01903465357184,60.0,new_jersey,2070,2010,9,gas_cc_w_ccs,400.0,-0.00398993418629034,7.00451904454487,1746947.1645,451434.79949999996
5,0.41,0.0,0.0,0.0,0.18744,0.02067,4.12527,1436640.0,7337.6,5480876,35817.509109470324,60.0,30,333.78550287481244,-645725638.6935565,645761456.202666,52.01903465357184,60.0,new_jersey,2070,2010,9,gas_cc_w_ccs,400.0,-0.00398993418629034,7.00451904454487,1739947.1645,442434.79949999996
5,0.41,0.0,0.0,0.0,0.18744,0.02067,4.12527,1436640.0,7337.6,5485575,0.0,60.0,30,333.78550287481244,-645761456.202666,645761456.202666,52.01903465357184,60.0,new_jersey,2070,2010,9,gas_cc_w_ccs,400.0,-0.00398993418629034,7.00451904454487,1745947.1645,441434.79949999996
5,0.9,0.0,0.0,0.0,0.0,0.04639,0.71281,10643400.0,10246.2,4866087,0.0,60.0,30,208.871143162442,-6110029303.161367,6110029303.161367,23.034078534539436,60.0,new_jersey,2070,2010,13,nuclear_gen_ii,1350.0,-0.00104311614063357,2.19496449322143,1733947.1645,573434.7995
5,0.9,0.0,0.0,0.0,0.0,0.04639,0.71281,10643400.0,10246.2,4898939,35817.509109470324,60.0,30,208.871143162442,-6109993485.652258,6110029303.161367,23.034078534539436,60.0,new_jersey,2070,2010,13,nuclear_gen_ii,1350.0,-0.00104311614063357,2.19496449322143,1734947.1645,566434.7995
5,0.9,0.0,0.0,0.0,0.0,0.04639,0.71281,10643400.0,10246.2,5480869,0.0,60.0,30,208.871143162442,-6110029303.161367,6110029303.161367,23.034078534539436,60.0,new_jersey,2070,2010,13,nuclear_gen_ii,1350.0,-0.00104311614063357,2.19496449322143,1732947.1645,442434.79949999996
5,0.733,0.0,0.0,0.0,0.36036,0.09122,2.39413,3852648.0,8594.5,7519481,0.0,60.0,50,137.00844817719135,-5680683051.356834,5680683051.356834,264.9743317533887,60.0,new_mexico,2070,2010,4,coal_conv_pul_wo_ccs,600.0,-0.00398993418629034,4.0025823111685,-1110052.8355,7434.799499999965
5,0.733,0.0,0.0,0.0,0.36036,0.09122,2.39413,3852648.0,8594.5,7566471,0.0,60.0,50,137.00844817719135,-5680683051.356834,5680683051.356834,264.9743317533887,60.0,new_mexico,2070,2010,4,coal_conv_pul_wo_ccs,600.0,-0.00398993418629034,4.0025823111685,-1050052.8355,-2565.2005000000354
5,0.733,0.0,0.0,0.0,0.36036,0.09122,2.39413,3852648.0,8594.5,7575782,0.0,60.0,50,137.00844817719135,-5680683051.356834,5680683051.356834,264.9743317533887,60.0,new_mexico,2070,2010,4,coal_conv_pul_wo_ccs,600.0,-0.00398993418629034,4.0025823111685,-1125052.8355,-4565.200500000035
5,0.733,0.0,0.0,0.0,0.36036,0.09122,2.39413,3852648.0,8594.5,7608691,0.0,60.0,50,137.00844817719135,-5680683051.356834,5680683051.356834,264.9743317533887,60.0,new_mexico,2070,2010,4,coal_conv_pul_wo_ccs,600.0,-0.00398993418629034,4.0025823111685,-1067052.8355,-11565.200500000035
5,0.733,0.0,0.0,0.0,0.36036,0.09122,2.39413,3852648.0,8594.5,8805491,0.0,60.0,50,137.00844817719135,-5680683051.356834,5680683051.356834,264.9743317533887,60.0,new_mexico,2070,2010,4,coal_conv_pul_wo_ccs,600.0,-0.00398993418629034,4.0025823111685,-982052.8355,-266565.20050000004
5,0.733,0.0,0.0,0.0,0.36036,0.09122,2.39413,3852648.0,8594.5,9096440,0.0,60.0,50,137.00844817719135,-5680683051.356834,5680683051.356834,264.9743317533887,60.0,new_mexico,2070,2010,4,coal_conv_pul_wo_ccs,600.0,-0.00398993418629034,4.0025823111685,-999052.8355,-328565.20050000004
5,0.733,0.0,0.0,0.0,0.36036,0.09122,2.39413,3852648.0,8594.5,10011567,0.0,60.0,50,137.00844817719135,-5680683051.356834,5680683051.356834,264.9743317533887,60.0,new_mexico,2070,2010,4,coal_conv_pul_wo_ccs,600.0,-0.00398993418629034,4.0025823111685,-1007052.8355,-523565.20050000004
5,0.272,0.0,0.0,0.0,0.18744,0.02067,4.12527,953088.0000000001,5923.6,9762700,0.0,60.0,50,322.7837474486656,-424136496.5579041,424136496.5579041,39.97020950119198,60.0,new_mexico,2070,2010,8,gas_cc_wo_ccs,400.0,-0.00398993418629034,3.48612007746934,-1145052.8355,-470565.20050000004
5,0.41,0.0,0.0,0.0,0.18744,0.02067,4.12527,1436640.0,7337.6,7646247,0.0,60.0,50,281.89450224166256,-533751921.4838611,533751921.4838611,52.01903465357184,60.0,new_mexico,2070,2010,9,gas_cc_w_ccs,400.0,-0.00398993418629034,7.00451904454487,-1055052.8355,-19565.200500000035
5,0.41,0.0,0.0,0.0,0.18744,0.02067,4.12527,1436640.0,7337.6,7650927,0.0,60.0,50,281.89450224166256,-533751921.4838611,533751921.4838611,52.01903465357184,60.0,new_mexico,2070,2010,9,gas_cc_w_ccs,400.0,-0.00398993418629034,7.00451904454487,-1068052.8355,-20565.200500000035
5,0.41,0.0,0.0,0.0,0.18744,0.02067,4.12527,1436640.0,7337.6,8322195,0.0,60.0,50,281.89450224166256,-533751921.4838611,533751921.4838611,52.01903465357184,60.0,new_mexico,2070,2010,9,gas_cc_w_ccs,400.0,-0.00398993418629034,7.00451904454487,-899052.8355,-163565.20050000004
5,0.41,0.0,0.0,0.0,0.18744,0.02067,4.12527,1436640.0,7337.6,8458235,0.0,60.0,50,281.89450224166256,-533751921.4838611,533751921.4838611,52.01903465357184,60.0,new_mexico,2070,2010,9,gas_cc_w_ccs,400.0,-0.00398993418629034,7.00451904454487,-956052.8355,-192565.20050000004
5,0.41,0.0,0.0,0.0,0.18744,0.02067,4.12527,1436640.0,7337.6,8509854,0.0,60.0,50,281.89450224166256,-533751921.4838611,533751921.4838611,52.01903465357184,60.0,new_mexico,2070,2010,9,gas_cc_w_ccs,400.0,-0.00398993418629034,7.00451904454487,-960052.8355,-203565.20050000004
5,0.464,0.0,0.0,0.0,0.0,0.0,0.0,325171.2,3412.0,7942137,0.0,30.0,50,270.0983333887393,-87828199.18601637,87828199.18601637,0.0,30.0,new_mexico,2040,2010,18,wind_onshore,80.0,-0.00249607760279447,0.0,-824052.8355,-82565.20050000004
5,0.464,0.0,0.0,0.0,0.0,0.0,0.0,325171.2,3412.0,8594337,0.0,30.0,50,270.0983333887393,-87828199.18601637,87828199.18601637,0.0,30.0,new_mexico,2040,2010,18,wind_onshore,80.0,-0.00249607760279447,0.0,-951052.8355,-221565.20050000004
5,0.464,0.0,0.0,0.0,0.0,0.0,0.0,325171.2,3412.0,9701707,0.0,30.0,50,270.0983333887393,-87828199.18601637,87828199.18601637,0.0,30.0,new_mexico,2040,2010,18,wind_onshore,80.0,-0.00249607760279447,0.0,-1129052.8355,-457565.20050000004
5,0.464,0.0,0.0,0.0,0.0,0.0,0.0,325171.2,3412.0,9856634,0.0,30.0,50,270.0983333887393,-87828199.18601637,87828199.18601637,0.0,30.0,new_mexico,2040,2010,18,wind_onshore,80.0,-0.00249607760279447,0.0,-1071052.8355,-490565.20050000004
5,0.464,0.0,0.0,0.0,0.0,0.0,0.0,325171.2,3412.0,9865970,0.0,30.0,50,270.0983333887393,-87828199.18601637,87828199.18601637,0.0,30.0,new_mexico,2040,2010,18,wind_onshore,80.0,-0.00249607760279447,0.0,-1121052.8355,-492565.20050000004
5,0.609,0.0,0.0,0.0,0.3036,0.0,0.0,426787.2,12827.1,3805257,113264.9088997554,60.0,25,150.25334153050687,-60026175.33917549,60139440.24807525,9.341336090617133,60.0,new_york,2070,2010,0,biomass_conv_wo_ccs,80.0,-0.00398993418629034,10.0064557779212,1521947.1645,799434.7995
5,0.609,0.0,0.0,0.0,0.3036,0.0,0.0,426787.2,12827.1,3964948,0.0,60.0,23,106.38541822662556,-41417172.09139702,41417172.09139702,9.341336090617133,60.0,new_york,2070,2010,0,biomass_conv_wo_ccs,80.0,-0.00398993418629034,10.0064557779212,1650947.1645,765434.7995
5,0.609,0.0,0.0,0.0,0.3036,0.0,0.0,426787.2,12827.1,4100997,0.0,60.0,23,106.38541822662556,-41417172.09139702,41417172.09139702,9.341336090617133,60.0,new_york,2070,2010,0,biomass_conv_wo_ccs,80.0,-0.00398993418629034,10.0064557779212,1602947.1645,736434.7995
5,0.609,0.0,0.0,0.0,0.3036,0.0,0.0,426787.2,12827.1,4326078,199690.53751297612,60.0,25,150.25334153050687,-59939749.710562274,60139440.24807525,9.341336090617133,60.0,new_york,2070,2010,0,biomass_conv_wo_ccs,80.0,-0.00398993418629034,10.0064557779212,1419947.1645,688434.7995
5,0.609,0.0,0.0,0.0,0.3036,0.0,0.0,426787.2,12827.1,4349536,107452.52732841097,60.0,25,150.25334153050687,-60031987.72074684,60139440.24807525,9.341336090617133,60.0,new_york,2070,2010,0,biomass_conv_wo_ccs,80.0,-0.00398993418629034,10.0064557779212,1412947.1645,683434.7995
5,0.733,0.0,0.0,0.0,0.36036,0.09122,2.39413,3852648.0,8594.5,4429300,0.0,60.0,25,163.95560497423133,-6998757524.567323,6998757524.567323,264.9743317533887,60.0,new_york,2070,2010,4,coal_conv_pul_wo_ccs,600.0,-0.00398993418629034,4.0025823111685,1395947.1645,666434.7995
5,0.733,0.0,0.0,0.0,0.36036,0.09122,2.39413,3852648.0,8594.5,4443439,0.0,60.0,25,163.95560497423133,-6998757524.567323,6998757524.567323,264.9743317533887,60.0,new_york,2070,2010,4,coal_conv_pul_wo_ccs,600.0,-0.00398993418629034,4.0025823111685,1455947.1645,663434.7995
5,0.733,0.0,0.0,0.0,0.36036,0.09122,2.39413,3852648.0,8594.5,4518506,0.0,60.0,25,163.95560497423133,-6998757524.567323,6998757524.567323,264.9743317533887,60.0,new_york,2070,2010,4,coal_conv_pul_wo_ccs,600.0,-0.00398993418629034,4.0025823111685,1434947.1645,647434.7995
5,0.272,0.0,0.0,0.0,0.18744,0.02067,4.12527,953088.0000000001,5923.6,3838144,71635.01821894065,60.0,25,348.9082270688649,-461475545.08791596,461547180.1061349,39.97020950119198,60.0,new_york,2070,2010,8,gas_cc_wo_ccs,400.0,-0.00398993418629034,3.48612007746934,1557947.1645,792434.7995
5,0.272,0.0,0.0,0.0,0.18744,0.02067,4.12527,953088.0000000001,5923.6,3856903,71635.01821894065,60.0,25,348.9082270688649,-461475545.08791596,461547180.1061349,39.97020950119198,60.0,new_york,2070,2010,8,gas_cc_wo_ccs,400.0,-0.00398993418629034,3.48612007746934,1544947.1645,788434.7995
5,0.272,0.0,0.0,0.0,0.18744,0.02067,4.12527,953088.0000000001,5923.6,3964778,71635.01821894065,60.0,25,348.9082270688649,-461475545.08791596,461547180.1061349,39.97020950119198,60.0,new_york,2070,2010,8,gas_cc_wo_ccs,400.0,-0.00398993418629034,3.48612007746934,1480947.1645,765434.7995
5,0.272,0.0,0.0,0.0,0.18744,0.02067,4.12527,953088.0000000001,5923.6,3992957,50653.607153034805,60.0,25,348.9082270688649,-461496526.49898183,461547180.1061349,39.97020950119198,60.0,new_york,2070,2010,8,gas_cc_wo_ccs,400.0,-0.00398993418629034,3.48612007746934,1501947.1645,759434.7995
5,0.272,0.0,0.0,0.0,0.18744,0.02067,4.12527,953088.0000000001,5923.6,4039859,71635.01821894065,60.0,25,348.9082270688649,-461475545.08791596,461547180.1061349,39.97020950119198,60.0,new_york,2070,2010,8,gas_cc_wo_ccs,400.0,-0.00398993418629034,3.48612007746934,1473947.1645,749434.7995
5,0.272,0.0,0.0,0.0,0.18744,0.02067,4.12527,953088.0000000001,5923.6,4077407,50653.607153034805,60.0,25,348.9082270688649,-461496526.49898183,461547180.1061349,39.97020950119198,60.0,new_york,2070,2010,8,gas_cc_wo_ccs,400.0,-0.00398993418629034,3.48612007746934,1477947.1645,741434.7995
5,0.272,0.0,0.0,0.0,0.18744,0.02067,4.12527,953088.0000000001,5923.6,4082065,71635.01821894065,60.0,25,348.9082270688649,-461475545.08791596,461547180.1061349,39.97020950119198,60.0,new_york,2070,2010,8,gas_cc_wo_ccs,400.0,-0.00398993418629034,3.48612007746934,1442947.1645,740434.7995
5,0.272,0.0,0.0,0.0,0.18744,0.02067,4.12527,953088.0000000001,5923.6,4387068,71635.01821894065,60.0,25,348.9082270688649,-461475545.08791596,461547180.1061349,39.97020950119198,60.0,new_york,2070,2010,8,gas_cc_wo_ccs,400.0,-0.00398993418629034,3.48612007746934,1400947.1645,675434.7995
5,0.272,0.0,0.0,0.0,0.18744,0.02067,4.12527,953088.0000000001,5923.6,4504400,71635.01821894065,60.0,25,348.9082270688649,-461475545.08791596,461547180.1061349,39.97020950119198,60.0,new_york,2070,2010,8,gas_cc_wo_ccs,400.0,-0.00398993418629034,3.48612007746934,1407947.1645,650434.7995
5,0.272,0.0,0.0,0.0,0.18744,0.02067,4.12527,953088.0000000001,5923.6,4523154,55061.51692003931,60.0,25,348.9082270688649,-461492118.58921486,461547180.1061349,39.97020950119198,60.0,new_york,2070,2010,8,gas_cc_wo_ccs,400.0,-0.00398993418629034,3.48612007746934,1389947.1645,646434.7995
5,0.272,0.0,0.0,0.0,0.18744,0.02067,4.12527,953088.0000000001,5923.6,4565375,39938.10750259522,60.0,25,348.9082270688649,-461507241.9986323,461547180.1061349,39.97020950119198,60.0,new_york,2070,2010,8,gas_cc_wo_ccs,400.0,-0.00398993418629034,3.48612007746934,1373947.1645,637434.7995
5,0.272,0.0,0.0,0.0,0.18744,0.02067,4.12527,953088.0000000001,5923.6,4584137,56481.01328568482,60.0,25,348.9082270688649,-461490699.0928492,461547180.1061349,39.97020950119198,60.0,new_york,2070,2010,8,gas_cc_wo_ccs,400.0,-0.00398993418629034,3.48612007746934,1363947.1645,633434.7995
5,0.41,0.0,0.0,0.0,0.18744,0.02067,4.12527,1436640.0,7337.6,3927255,0.0,60.0,25,308.3897271993597,-590943299.2482328,590943299.2482328,52.01903465357184,60.0,new_york,2070,2010,9,gas_cc_w_ccs,400.0,-0.00398993418629034,7.00451904454487,1501947.1645,773434.7995
5,0.41,0.0,0.0,0.0,0.18744,0.02067,4.12527,1436640.0,7337.6,3969465,0.0,60.0,25,308.3897271993597,-590943299.2482328,590943299.2482328,52.01903465357184,60.0,new_york,2070,2010,9,gas_cc_w_ccs,400.0,-0.00398993418629034,7.00451904454487,1474947.1645,764434.7995
5,0.41,0.0,0.0,0.0,0.18744,0.02067,4.12527,1436640.0,7337.6,3969485,0.0,60.0,25,308.3897271993597,-590943299.2482328,590943299.2482328,52.01903465357184,60.0,new_york,2070,2010,9,gas_cc_w_ccs,400.0,-0.00398993418629034,7.00451904454487,1494947.1645,764434.7995
5,0.41,0.0,0.0,0.0,0.18744,0.02067,4.12527,1436640.0,7337.6,3969511,35817.509109470324,60.0,25,308.3897271993597,-590907481.7391233,590943299.2482328,52.01903465357184,60.0,new_york,2070,2010,9,gas_cc_w_ccs,400.0,-0.00398993418629034,7.00451904454487,1520947.1645,764434.7995
5,0.41,0.0,0.0,0.0,0.18744,0.02067,4.12527,1436640.0,7337.6,3983437,0.0,60.0,25,308.3897271993597,-590943299.2482328,590943299.2482328,52.01903465357184,60.0,new_york,2070,2010,9,gas_cc_w_ccs,400.0,-0.00398993418629034,7.00451904454487,1367947.1645,761434.7995
5,0.41,0.0,0.0,0.0,0.18744,0.02067,4.12527,1436640.0,7337.6,3983525,35817.509109470324,60.0,25,308.3897271993597,-590907481.7391233,590943299.2482328,52.01903465357184,60.0,new_york,2070,2010,9,gas_cc_w_ccs,400.0,-0.00398993418629034,7.00451904454487,1455947.1645,761434.7995
5,0.41,0.0,0.0,0.0,0.18744,0.02067,4.12527,1436640.0,7337.6,3983581,0.0,60.0,25,308.3897271993597,-590943299.2482328,590943299.2482328,52.01903465357184,60.0,new_york,2070,2010,9,gas_cc_w_ccs,400.0,-0.00398993418629034,7.00451904454487,1511947.1645,761434.7995
5,0.41,0.0,0.0,0.0,0.18744,0.02067,4.12527,1436640.0,7337.6,3997539,0.0,60.0,25,308.3897271993597,-590943299.2482328,590943299.2482328,52.01903465357184,60.0,new_york,2070,2010,9,gas_cc_w_ccs,400.0,-0.00398993418629034,7.00451904454487,1390947.1645,758434.7995
5,0.41,0.0,0.0,0.0,0.18744,0.02067,4.12527,1436640.0,7337.6,4030366,0.0,60.0,25,308.3897271993597,-590943299.2482328,590943299.2482328,52.01903465357184,60.0,new_york,2070,2010,9,gas_cc_w_ccs,400.0,-0.00398993418629034,7.00451904454487,1366947.1645,751434.7995
5,0.41,0.0,0.0,0.0,0.18744,0.02067,4.12527,1436640.0,7337.6,4030388,38934.37199657762,60.0,25,308.3897271993597,-590904364.8762363,590943299.2482328,52.01903465357184,60.0,new_york,2070,2010,9,gas_cc_w_ccs,400.0,-0.00398993418629034,7.00451904454487,1388947.1645,751434.7995
5,0.41,0.0,0.0,0.0,0.18744,0.02067,4.12527,1436640.0,7337.6,4086737,0.0,60.0,25,308.3897271993597,-590943299.2482328,590943299.2482328,52.01903465357184,60.0,new_york,2070,2010,9,gas_cc_w_ccs,400.0,-0.00398993418629034,7.00451904454487,1421947.1645,739434.7995
5,0.41,0.0,0.0,0.0,0.18744,0.02067,4.12527,1436640.0,7337.6,4110191,0.0,60.0,25,308.3897271993597,-590943299.2482328,590943299.2482328,52.01903465357184,60.0,new_york,2070,2010,9,gas_cc_w_ccs,400.0,-0.00398993418629034,7.00451904454487,1410947.1645,734434.7995
5,0.41,0.0,0.0,0.0,0.18744,0.02067,4.12527,1436640.0,7337.6,4110212,38934.37199657762,60.0,25,308.3897271993597,-590904364.8762363,590943299.2482328,52.01903465357184,60.0,new_york,2070,2010,9,gas_cc_w_ccs,400.0,-0.00398993418629034,7.00451904454487,1431947.1645,734434.7995
5,0.41,0.0,0.0,0.0,0.18744,0.02067,4.12527,1436640.0,7337.6,4114941,35817.509109470324,60.0,25,308.3897271993597,-590907481.7391233,590943299.2482328,52.01903465357184,60.0,new_york,2070,2010,9,gas_cc_w_ccs,400.0,-0.00398993418629034,7.00451904454487,1467947.1645,733434.7995
5,0.41,0.0,0.0,0.0,0.18744,0.02067,4.12527,1436640.0,7337.6,4124252,35817.509109470324,60.0,25,308.3897271993597,-590907481.7391233,590943299.2482328,52.01903465357184,60.0,new_york,2070,2010,9,gas_cc_w_ccs,400.0,-0.00398993418629034,7.00451904454487,1392947.1645,731434.7995
5,0.41,0.0,0.0,0.0,0.18744,0.02067,4.12527,1436640.0,7337.6,4161807,0.0,60.0,25,308.3897271993597,-590943299.2482328,590943299.2482328,52.01903465357184,60.0,new_york,2070,2010,9,gas_cc_w_ccs,400.0,-0.00398993418629034,7.00451904454487,1403947.1645,723434.7995
5,0.41,0.0,0.0,0.0,0.18744,0.02067,4.12527,1436640.0,7337.6,4171226,0.0,60.0,25,308.3897271993597,-590943299.2482328,590943299.2482328,52.01903465357184,60.0,new_york,2070,2010,9,gas_cc_w_ccs,400.0,-0.00398993418629034,7.00451904454487,1436947.1645,721434.7995
5,0.41,0.0,0.0,0.0,0.18744,0.02067,4.12527,1436640.0,7337.6,4199340,0.0,60.0,25,308.3897271993597,-590943299.2482328,590943299.2482328,52.01903465357184,60.0,new_york,2070,2010,9,gas_cc_w_ccs,400.0,-0.00398993418629034,7.00451904454487,1392947.1645,715434.7995
5,0.41,0.0,0.0,0.0,0.18744,0.02067,4.12527,1436640.0,7337.6,4208773,35817.509109470324,60.0,25,308.3897271993597,-590907481.7391233,590943299.2482328,52.01903465357184,60.0,new_york,2070,2010,9,gas_cc_w_ccs,400.0,-0.00398993418629034,7.00451904454487,1439947.1645,713434.7995
5,0.41,0.0,0.0,0.0,0.18744,0.02067,4.12527,1436640.0,7337.6,4260358,35817.509109470324,60.0,25,308.3897271993597,-590907481.7391233,590943299.2482328,52.01903465357184,60.0,new_york,2070,2010,9,gas_cc_w_ccs,400.0,-0.00398993418629034,7.00451904454487,1401947.1645,702434.7995
5,0.41,0.0,0.0,0.0,0.18744,0.02067,4.12527,1436640.0,7337.6,4265069,35817.509109470324,60.0,25,308.3897271993597,-590907481.7391233,590943299.2482328,52.01903465357184,60.0,new_york,2070,2010,9,gas_cc_w_ccs,400.0,-0.00398993418629034,7.00451904454487,1419947.1645,701434.7995
5,0.41,0.0,0.0,0.0,0.18744,0.02067,4.12527,1436640.0,7337.6,4293191,0.0,60.0,25,308.3897271993597,-590943299.2482328,590943299.2482328,52.01903465357184,60.0,new_york,2070,2010,9,gas_cc_w_ccs,400.0,-0.00398993418629034,7.00451904454487,1383947.1645,695434.7995
5,0.41,0.0,0.0,0.0,0.18744,0.02067,4.12527,1436640.0,7337.6,4297928,0.0,60.0,25,308.3897271993597,-590943299.2482328,590943299.2482328,52.01903465357184,60.0,new_york,2070,2010,9,gas_cc_w_ccs,400.0,-0.00398993418629034,7.00451904454487,1427947.1645,694434.7995
5,0.41,0.0,0.0,0.0,0.18744,0.02067,4.12527,1436640.0,7337.6,4326065,35817.509109470324,60.0,25,308.3897271993597,-590907481.7391233,590943299.2482328,52.01903465357184,60.0,new_york,2070,2010,9,gas_cc_w_ccs,400.0,-0.00398993418629034,7.00451904454487,1406947.1645,688434.7995
5,0.41,0.0,0.0,0.0,0.18744,0.02067,4.12527,1436640.0,7337.6,4330801,0.0,60.0,25,308.3897271993597,-590943299.2482328,590943299.2482328,52.01903465357184,60.0,new_york,2070,2010,9,gas_cc_w_ccs,400.0,-0.00398993418629034,7.00451904454487,1449947.1645,687434.7995
5,0.41,0.0,0.0,0.0,0.18744,0.02067,4.12527,1436640.0,7337.6,4340114,0.0,60.0,25,308.3897271993597,-590943299.2482328,590943299.2482328,52.01903465357184,60.0,new_york,2070,2010,9,gas_cc_w_ccs,400.0,-0.00398993418629034,7.00451904454487,1376947.1645,685434.7995
5,0.41,0.0,0.0,0.0,0.18744,0.02067,4.12527,1436640.0,7337.6,4354204,0.0,60.0,25,308.3897271993597,-590943299.2482328,590943299.2482328,52.01903465357184,60.0,new_york,2070,2010,9,gas_cc_w_ccs,400.0,-0.00398993418629034,7.00451904454487,1387947.1645,682434.7995
5,0.41,0.0,0.0,0.0,0.18744,0.02067,4.12527,1436640.0,7337.6,4377635,38934.37199657762,60.0,25,308.3897271993597,-590904364.8762363,590943299.2482328,52.01903465357184,60.0,new_york,2070,2010,9,gas_cc_w_ccs,400.0,-0.00398993418629034,7.00451904454487,1353947.1645,677434.7995
5,0.41,0.0,0.0,0.0,0.18744,0.02067,4.12527,1436640.0,7337.6,4448091,38934.37199657762,60.0,25,308.3897271993597,-590904364.8762363,590943299.2482328,52.01903465357184,60.0,new_york,2070,2010,9,gas_cc_w_ccs,400.0,-0.00398993418629034,7.00451904454487,1414947.1645,662434.7995
5,0.41,0.0,0.0,0.0,0.18744,0.02067,4.12527,1436640.0,7337.6,4504340,0.0,60.0,25,308.3897271993597,-590943299.2482328,590943299.2482328,52.01903465357184,60.0,new_york,2070,2010,9,gas_cc_w_ccs,400.0,-0.00398993418629034,7.00451904454487,1347947.1645,650434.7995
5,0.41,0.0,0.0,0.0,0.18744,0.02067,4.12527,1436640.0,7337.6,4565340,35817.509109470324,60.0,25,308.3897271993597,-590907481.7391233,590943299.2482328,52.01903465357184,60.0,new_york,2070,2010,9,gas_cc_w_ccs,400.0,-0.00398993418629034,7.00451904454487,1338947.1645,637434.7995
5,0.41,0.0,0.0,0.0,0.18744,0.02067,4.12527,1436640.0,7337.6,4598204,35817.509109470324,60.0,25,308.3897271993597,-590907481.7391233,590943299.2482328,52.01903465357184,60.0,new_york,2070,2010,9,gas_cc_w_ccs,400.0,-0.00398993418629034,7.00451904454487,1351947.1645,630434.7995
5,0.41,0.0,0.0,0.0,0.18744,0.02067,4.12527,1436640.0,7337.6,4635736,35817.509109470324,60.0,25,308.3897271993597,-590907481.7391233,590943299.2482328,52.01903465357184,60.0,new_york,2070,2010,9,gas_cc_w_ccs,400.0,-0.00398993418629034,7.00451904454487,1339947.1645,622434.7995
5,0.9,0.0,0.0,0.0,0.0,0.04639,0.71281,10643400.0,10246.2,3852164,0.0,60.0,25,185.0503332353155,-5385248580.168718,5385248580.168718,23.034078534539436,60.0,new_york,2070,2010,13,nuclear_gen_ii,1350.0,-0.00104311614063357,2.19496449322143,1498947.1645,789434.7995
5,0.9,0.0,0.0,0.0,0.0,0.04639,0.71281,10643400.0,10246.2,4035191,0.0,60.0,25,185.0503332353155,-5385248580.168718,5385248580.168718,23.034078534539436,60.0,new_york,2070,2010,13,nuclear_gen_ii,1350.0,-0.00104311614063357,2.19496449322143,1498947.1645,750434.7995
5,0.9,0.0,0.0,0.0,0.0,0.04639,0.71281,10643400.0,10246.2,4396481,0.0,60.0,25,185.0503332353155,-5385248580.168718,5385248580.168718,23.034078534539436,60.0,new_york,2070,2010,13,nuclear_gen_ii,1350.0,-0.00104311614063357,2.19496449322143,1427947.1645,673434.7995
5,0.9,0.0,0.0,0.0,0.0,0.04639,0.71281,10643400.0,10246.2,4452815,0.0,60.0,25,185.0503332353155,-5385248580.168718,5385248580.168718,23.034078534539436,60.0,new_york,2070,2010,13,nuclear_gen_ii,1350.0,-0.00104311614063357,2.19496449322143,1445947.1645,661434.7995
5,0.115,0.0,0.0,0.0,0.25872,0.62952,14.83141,402960.0,9399.4,3908370,0.0,60.0,25,458.16944305416524,-5.405186479958983e+18,5.405186479958983e+18,5866286794497.894,60.0,new_york,2070,2010,15,oil_ct_wo_ccs,400.0,-0.00398993418629034,10.0064557779212,1388947.1645,777434.7995
5,0.115,0.0,0.0,0.0,0.25872,0.62952,14.83141,402960.0,9399.4,4006960,0.0,60.0,25,458.16944305416524,-5.405186479958983e+18,5.405186479958983e+18,5866286794497.894,60.0,new_york,2070,2010,15,oil_ct_wo_ccs,400.0,-0.00398993418629034,10.0064557779212,1425947.1645,756434.7995
5,0.115,0.0,0.0,0.0,0.25872,0.62952,14.83141,402960.0,9399.4,4077313,0.0,60.0,25,458.16944305416524,-5.405186479958983e+18,5.405186479958983e+18,5866286794497.894,60.0,new_york,2070,2010,15,oil_ct_wo_ccs,400.0,-0.00398993418629034,10.0064557779212,1383947.1645,741434.7995
5,0.115,0.0,0.0,0.0,0.25872,0.62952,14.83141,402960.0,9399.4,4133662,0.0,60.0,25,458.16944305416524,-5.405186479958983e+18,5.405186479958983e+18,5866286794497.894,60.0,new_york,2070,2010,15,oil_ct_wo_ccs,400.0,-0.00398993418629034,10.0064557779212,1416947.1645,729434.7995
5,0.115,0.0,0.0,0.0,0.25872,0.62952,14.83141,402960.0,9399.4,4546597,0.0,60.0,25,458.16944305416524,-5.405186479958983e+18,5.405186479958983e+18,5866286794497.894,60.0,new_york,2070,2010,15,oil_ct_wo_ccs,400.0,-0.00398993418629034,10.0064557779212,1367947.1645,641434.7995
5,0.464,0.0,0.0,0.0,0.0,0.0,0.0,325171.2,3412.0,3913158,0.0,30.0,25,296.6028542687829,-96446706.04600516,96446706.04600516,0.0,30.0,new_york,2040,2010,18,wind_onshore,80.0,-0.00249607760279447,0.0,1483947.1645,776434.7995
5,0.464,0.0,0.0,0.0,0.0,0.0,0.0,325171.2,3412.0,3936612,0.0,30.0,25,296.6028542687829,-96446706.04600516,96446706.04600516,0.0,30.0,new_york,2040,2010,18,wind_onshore,80.0,-0.00249607760279447,0.0,1472947.1645,771434.7995
5,0.464,0.0,0.0,0.0,0.0,0.0,0.0,325171.2,3412.0,4025817,0.0,30.0,25,296.6028542687829,-96446706.04600516,96446706.04600516,0.0,30.0,new_york,2040,2010,18,wind_onshore,80.0,-0.00249607760279447,0.0,1510947.1645,752434.7995
5,0.464,0.0,0.0,0.0,0.0,0.0,0.0,325171.2,3412.0,4086713,0.0,30.0,25,296.6028542687829,-96446706.04600516,96446706.04600516,0.0,30.0,new_york,2040,2010,18,wind_onshore,80.0,-0.00249607760279447,0.0,1397947.1645,739434.7995
5,0.464,0.0,0.0,0.0,0.0,0.0,0.0,325171.2,3412.0,4171179,0.0,30.0,25,296.6028542687829,-96446706.04600516,96446706.04600516,0.0,30.0,new_york,2040,2010,18,wind_onshore,80.0,-0.00249607760279447,0.0,1389947.1645,721434.7995
5,0.464,0.0,0.0,0.0,0.0,0.0,0.0,325171.2,3412.0,4476172,0.0,30.0,25,296.6028542687829,-96446706.04600516,96446706.04600516,0.0,30.0,new_york,2040,2010,18,wind_onshore,80.0,-0.00249607760279447,0.0,1337947.1645,656434.7995
5,0.464,0.0,0.0,0.0,0.0,0.0,0.0,325171.2,3412.0,4513835,0.0,30.0,25,296.6028542687829,-96446706.04600516,96446706.04600516,0.0,30.0,new_york,2040,2010,18,wind_onshore,80.0,-0.00249607760279447,0.0,1456947.1645,648434.7995
5,0.609,0.0,0.0,0.0,0.3036,0.0,0.0,426787.2,12827.1,7273619,35817.509109470324,60.0,5,147.8626077896419,-59083288.1797565,59119105.68886597,9.341336090617133,60.0,north_carolina,2070,2010,0,biomass_conv_wo_ccs,80.0,-0.00398993418629034,10.0064557779212,1756947.1645,60434.799499999965
5,0.609,0.0,0.0,0.0,0.3036,0.0,0.0,426787.2,12827.1,7320539,0.0,60.0,5,147.8626077896419,-59119105.68886597,59119105.68886597,9.341336090617133,60.0,north_carolina,2070,2010,0,biomass_conv_wo_ccs,80.0,-0.00398993418629034,10.0064557779212,1746947.1645,50434.799499999965
5,0.733,0.0,0.0,0.0,0.36036,0.09122,2.39413,3852648.0,8594.5,7311034,0.0,60.0,5,161.75266142953421,-6891004277.200311,6891004277.200311,264.9743317533887,60.0,north_carolina,2070,2010,4,coal_conv_pul_wo_ccs,600.0,-0.00398993418629034,4.0025823111685,1627947.1645,52434.799499999965
5,0.733,0.0,0.0,0.0,0.36036,0.09122,2.39413,3852648.0,8594.5,7348620,0.0,60.0,5,161.75266142953421,-6891004277.200311,6891004277.200311,264.9743317533887,60.0,north_carolina,2070,2010,4,coal_conv_pul_wo_ccs,600.0,-0.00398993418629034,4.0025823111685,1669947.1645,44434.799499999965
5,0.733,0.0,0.0,0.0,0.36036,0.09122,2.39413,3852648.0,8594.5,7353330,0.0,60.0,5,161.75266142953421,-6891004277.200311,6891004277.200311,264.9743317533887,60.0,north_carolina,2070,2010,4,coal_conv_pul_wo_ccs,600.0,-0.00398993418629034,4.0025823111685,1686947.1645,43434.799499999965
5,0.733,0.0,0.0,0.0,0.36036,0.09122,2.39413,3852648.0,8594.5,7357953,0.0,60.0,5,161.75266142953421,-6891004277.200311,6891004277.200311,264.9743317533887,60.0,north_carolina,2070,2010,4,coal_conv_pul_wo_ccs,600.0,-0.00398993418629034,4.0025823111685,1616947.1645,42434.799499999965
5,0.733,0.0,0.0,0.0,0.36036,0.09122,2.39413,3852648.0,8594.5,7362634,0.0,60.0,5,161.75266142953421,-6891004277.200311,6891004277.200311,264.9743317533887,60.0,north_carolina,2070,2010,4,coal_conv_pul_wo_ccs,600.0,-0.00398993418629034,4.0025823111685,1604947.1645,41434.799499999965
5,0.733,0.0,0.0,0.0,0.36036,0.09122,2.39413,3852648.0,8594.5,7400144,0.0,60.0,5,161.75266142953421,-6891004277.200311,6891004277.200311,264.9743317533887,60.0,north_carolina,2070,2010,4,coal_conv_pul_wo_ccs,600.0,-0.00398993418629034,4.0025823111685,1570947.1645,33434.799499999965
5,0.733,0.0,0.0,0.0,0.36036,0.09122,2.39413,3852648.0,8594.5,7404862,0.0,60.0,5,161.75266142953421,-6891004277.200311,6891004277.200311,264.9743317533887,60.0,north_carolina,2070,2010,4,coal_conv_pul_wo_ccs,600.0,-0.00398993418629034,4.0025823111685,1595947.1645,32434.799499999965
5,0.733,0.0,0.0,0.0,0.36036,0.09122,2.39413,3852648.0,8594.5,7428405,0.0,60.0,5,161.75266142953421,-6891004277.200311,6891004277.200311,264.9743317533887,60.0,north_carolina,2070,2010,4,coal_conv_pul_wo_ccs,600.0,-0.00398993418629034,4.0025823111685,1673947.1645,27434.799499999965
5,0.733,0.0,0.0,0.0,0.36036,0.09122,2.39413,3852648.0,8594.5,7489366,0.0,60.0,5,161.75266142953421,-6891004277.200311,6891004277.200311,264.9743317533887,60.0,north_carolina,2070,2010,4,coal_conv_pul_wo_ccs,600.0,-0.00398993418629034,4.0025823111685,1625947.1645,14434.799499999965
5,0.733,0.0,0.0,0.0,0.36036,0.09122,2.39413,3852648.0,8594.5,7550440,0.0,60.0,5,161.75266142953421,-6891004277.200311,6891004277.200311,264.9743317533887,60.0,north_carolina,2070,2010,4,coal_conv_pul_wo_ccs,600.0,-0.00398993418629034,4.0025823111685,1690947.1645,1434.7994999999646
5,0.733,0.0,0.0,0.0,0.36036,0.09122,2.39413,3852648.0,8594.5,7611468,0.0,60.0,5,161.75266142953421,-6891004277.200311,6891004277.200311,264.9743317533887,60.0,north_carolina,2070,2010,4,coal_conv_pul_wo_ccs,600.0,-0.00398993418629034,4.0025823111685,1709947.1645,-11565.200500000035
5,0.733,0.0,0.0,0.0,0.36036,0.09122,2.39413,3852648.0,8594.5,7644289,0.0,60.0,5,161.75266142953421,-6891004277.200311,6891004277.200311,264.9743317533887,60.0,north_carolina,2070,2010,4,coal_conv_pul_wo_ccs,600.0,-0.00398993418629034,4.0025823111685,1679947.1645,-18565.200500000035
5,0.733,0.0,0.0,0.0,0.36036,0.09122,2.39413,3852648.0,8594.5,7644310,0.0,60.0,5,161.75266142953421,-6891004277.200311,6891004277.200311,264.9743317533887,60.0,north_carolina,2070,2010,4,coal_conv_pul_wo_ccs,600.0,-0.00398993418629034,4.0025823111685,1700947.1645,-18565.200500000035
5,0.733,0.0,0.0,0.0,0.36036,0.09122,2.39413,3852648.0,8594.5,7667742,0.0,60.0,5,161.75266142953421,-6891004277.200311,6891004277.200311,264.9743317533887,60.0,north_carolina,2070,2010,4,coal_conv_pul_wo_ccs,600.0,-0.00398993418629034,4.0025823111685,1667947.1645,-23565.200500000035
5,0.733,0.0,0.0,0.0,0.36036,0.09122,2.39413,3852648.0,8594.5,7789789,0.0,60.0,5,161.75266142953421,-6891004277.200311,6891004277.200311,264.9743317533887,60.0,north_carolina,2070,2010,4,coal_conv_pul_wo_ccs,600.0,-0.00398993418629034,4.0025823111685,1696947.1645,-49565.200500000035
5,0.733,0.0,0.0,0.0,0.36036,0.09122,2.39413,3852648.0,8594.5,7803814,0.0,60.0,5,161.75266142953421,-6891004277.200311,6891004277.200311,264.9743317533887,60.0,north_carolina,2070,2010,4,coal_conv_pul_wo_ccs,600.0,-0.00398993418629034,4.0025823111685,1642947.1645,-52565.200500000035
5,0.733,0.0,0.0,0.0,0.36036,0.09122,2.39413,3852648.0,8594.5,7822604,0.0,60.0,5,161.75266142953421,-6891004277.200311,6891004277.200311,264.9743317533887,60.0,north_carolina,2070,2010,4,coal_conv_pul_wo_ccs,600.0,-0.00398993418629034,4.0025823111685,1660947.1645,-56565.200500000035
5,0.733,0.0,0.0,0.0,0.36036,0.09122,2.39413,3852648.0,8594.5,7916456,0.0,60.0,5,161.75266142953421,-6891004277.200311,6891004277.200311,264.9743317533887,60.0,north_carolina,2070,2010,4,coal_conv_pul_wo_ccs,600.0,-0.00398993418629034,4.0025823111685,1652947.1645,-76565.20050000004
5,0.272,0.0,0.0,0.0,0.18744,0.02067,4.12527,953088.0000000001,5923.6,7315721,359737.13983754127,60.0,5,345.9251482283794,-456915625.11104184,457275362.2508794,39.97020950119198,60.0,north_carolina,2070,2010,8,gas_cc_wo_ccs,400.0,-0.00398993418629034,3.48612007746934,1621947.1645,51434.799499999965
5,0.272,0.0,0.0,0.0,0.18744,0.02067,4.12527,953088.0000000001,5923.6,7353307,388755.5554112045,60.0,5,345.9251482283794,-456886606.6954682,457275362.2508794,39.97020950119198,60.0,north_carolina,2070,2010,8,gas_cc_wo_ccs,400.0,-0.00398993418629034,3.48612007746934,1663947.1645,43434.799499999965
5,0.272,0.0,0.0,0.0,0.18744,0.02067,4.12527,953088.0000000001,5923.6,7371983,354972.87225110363,60.0,5,345.9251482283794,-456920389.3786283,457275362.2508794,39.97020950119198,60.0,north_carolina,2070,2010,8,gas_cc_wo_ccs,400.0,-0.00398993418629034,3.48612007746934,1567947.1645,39434.799499999965
5,0.272,0.0,0.0,0.0,0.18744,0.02067,4.12527,953088.0000000001,5923.6,7381457,305822.36022820603,60.0,5,345.9251482283794,-456969539.8906512,457275362.2508794,39.97020950119198,60.0,north_carolina,2070,2010,8,gas_cc_wo_ccs,400.0,-0.00398993418629034,3.48612007746934,1655947.1645,37434.799499999965
5,0.41,0.0,0.0,0.0,0.18744,0.02067,4.12527,1436640.0,7337.6,7315733,269329.9128802901,60.0,5,306.0128612465472,-585543375.471001,585812705.3838813,52.01903465357184,60.0,north_carolina,2070,2010,9,gas_cc_w_ccs,400.0,-0.00398993418629034,7.00451904454487,1633947.1645,51434.799499999965
5,0.41,0.0,0.0,0.0,0.18744,0.02067,4.12527,1436640.0,7337.6,7357959,229659.56989443803,60.0,5,306.0128612465472,-585583045.8139869,585812705.3838813,52.01903465357184,60.0,north_carolina,2070,2010,9,gas_cc_w_ccs,400.0,-0.00398993418629034,7.00451904454487,1622947.1645,42434.799499999965
5,0.41,0.0,0.0,0.0,0.18744,0.02067,4.12527,1436640.0,7337.6,7362677,288341.05126987887,60.0,5,306.0128612465472,-585524364.3326114,585812705.3838813,52.01903465357184,60.0,north_carolina,2070,2010,9,gas_cc_w_ccs,400.0,-0.00398993418629034,7.00451904454487,1647947.1645,41434.799499999965
5,0.41,0.0,0.0,0.0,0.18744,0.02067,4.12527,1436640.0,7337.6,7372057,140379.87461164987,60.0,5,306.0128612465472,-585672325.5092697,585812705.3838813,52.01903465357184,60.0,north_carolina,2070,2010,9,gas_cc_w_ccs,400.0,-0.00398993418629034,7.00451904454487,1641947.1645,39434.799499999965
5,0.41,0.0,0.0,0.0,0.18744,0.02067,4.12527,1436640.0,7337.6,7381463,164379.69035258322,60.0,5,306.0128612465472,-585648325.6935288,585812705.3838813,52.01903465357184,60.0,north_carolina,2070,2010,9,gas_cc_w_ccs,400.0,-0.00398993418629034,7.00451904454487,1661947.1645,37434.799499999965
5,0.41,0.0,0.0,0.0,0.18744,0.02067,4.12527,1436640.0,7337.6,7400244,182362.89298804064,60.0,5,306.0128612465472,-585630342.4908932,585812705.3838813,52.01903465357184,60.0,north_carolina,2070,2010,9,gas_cc_w_ccs,400.0,-0.00398993418629034,7.00451904454487,1670947.1645,33434.799499999965
5,0.41,0.0,0.0,0.0,0.18744,0.02067,4.12527,1436640.0,7337.6,7400254,173774.90193049755,60.0,5,306.0128612465472,-585638930.4819509,585812705.3838813,52.01903465357184,60.0,north_carolina,2070,2010,9,gas_cc_w_ccs,400.0,-0.00398993418629034,7.00451904454487,1680947.1645,33434.799499999965
5,0.9,0.0,0.0,0.0,0.0,0.04639,0.71281,10643400.0,10246.2,7564449,0.0,60.0,5,182.77803879475618,-5316110913.879492,5316110913.879492,23.034078534539436,60.0,north_carolina,2070,2010,13,nuclear_gen_ii,1350.0,-0.00104311614063357,2.19496449322143,1620947.1645,-1565.2005000000354
5,0.9,0.0,0.0,0.0,0.0,0.04639,0.71281,10643400.0,10246.2,7681801,0.0,60.0,5,182.77803879475618,-5316110913.879492,5316110913.879492,23.034078534539436,60.0,north_carolina,2070,2010,13,nuclear_gen_ii,1350.0,-0.00104311614063357,2.19496449322143,1647947.1645,-26565.200500000035
5,0.9,0.0,0.0,0.0,0.0,0.04639,0.71281,10643400.0,10246.2,7874226,0.0,60.0,5,182.77803879475618,-5316110913.879492,5316110913.879492,23.034078534539436,60.0,north_carolina,2070,2010,13,nuclear_gen_ii,1350.0,-0.00104311614063357,2.19496449322143,1659947.1645,-67565.20050000004
5,0.115,0.0,0.0,0.0,0.25872,0.62952,14.83141,402960.0,9399.4,7484767,0.0,60.0,5,454.13049021243467,-5.336698960161312e+18,5.336698960161312e+18,5866286794497.894,60.0,north_carolina,2070,2010,15,oil_ct_wo_ccs,400.0,-0.00398993418629034,10.0064557779212,1719947.1645,15434.799499999965
5,0.733,0.0,0.0,0.0,0.36036,0.09122,2.39413,3852648.0,8594.5,1874332,0.0,60.0,38,136.9188151864682,-5676298805.6303,5676298805.6303,264.9743317533887,60.0,north_dakota,2070,2010,4,coal_conv_pul_wo_ccs,600.0,-0.00398993418629034,4.0025823111685,-580052.8355,1210434.7995
5,0.733,0.0,0.0,0.0,0.36036,0.09122,2.39413,3852648.0,8594.5,1991752,0.0,60.0,38,136.9188151864682,-5676298805.6303,5676298805.6303,264.9743317533887,60.0,north_dakota,2070,2010,4,coal_conv_pul_wo_ccs,600.0,-0.00398993418629034,4.0025823111685,-485052.83550000004,1185434.7995
5,0.733,0.0,0.0,0.0,0.36036,0.09122,2.39413,3852648.0,8594.5,2001018,0.0,60.0,38,136.9188151864682,-5676298805.6303,5676298805.6303,264.9743317533887,60.0,north_dakota,2070,2010,4,coal_conv_pul_wo_ccs,600.0,-0.00398993418629034,4.0025823111685,-605052.8355,1183434.7995
5,0.733,0.0,0.0,0.0,0.36036,0.09122,2.39413,3852648.0,8594.5,2005850,0.0,60.0,38,136.9188151864682,-5676298805.6303,5676298805.6303,264.9743317533887,60.0,north_dakota,2070,2010,4,coal_conv_pul_wo_ccs,600.0,-0.00398993418629034,4.0025823111685,-466052.83550000004,1182434.7995
5,0.733,0.0,0.0,0.0,0.36036,0.09122,2.39413,3852648.0,8594.5,2273373,0.0,60.0,38,136.9188151864682,-5676298805.6303,5676298805.6303,264.9743317533887,60.0,north_dakota,2070,2010,4,coal_conv_pul_wo_ccs,600.0,-0.00398993418629034,4.0025823111685,-444052.83550000004,1125434.7995
5,0.733,0.0,0.0,0.0,0.36036,0.09122,2.39413,3852648.0,8594.5,2282785,0.0,60.0,38,136.9188151864682,-5676298805.6303,5676298805.6303,264.9743317533887,60.0,north_dakota,2070,2010,4,coal_conv_pul_wo_ccs,600.0,-0.00398993418629034,4.0025823111685,-418052.83550000004,1123434.7995
5,0.733,0.0,0.0,0.0,0.36036,0.09122,2.39413,3852648.0,8594.5,2306234,0.0,60.0,38,136.9188151864682,-5676298805.6303,5676298805.6303,264.9743317533887,60.0,north_dakota,2070,2010,4,coal_conv_pul_wo_ccs,600.0,-0.00398993418629034,4.0025823111685,-434052.83550000004,1118434.7995
5,0.733,0.0,0.0,0.0,0.36036,0.09122,2.39413,3852648.0,8594.5,2320303,0.0,60.0,38,136.9188151864682,-5676298805.6303,5676298805.6303,264.9743317533887,60.0,north_dakota,2070,2010,4,coal_conv_pul_wo_ccs,600.0,-0.00398993418629034,4.0025823111685,-444052.83550000004,1115434.7995
5,0.733,0.0,0.0,0.0,0.36036,0.09122,2.39413,3852648.0,8594.5,2522185,0.0,60.0,38,136.9188151864682,-5676298805.6303,5676298805.6303,264.9743317533887,60.0,north_dakota,2070,2010,4,coal_conv_pul_wo_ccs,600.0,-0.00398993418629034,4.0025823111685,-361052.83550000004,1072434.7995
5,0.464,0.0,0.0,0.0,0.0,0.0,0.0,325171.2,3412.0,1738337,0.0,30.0,38,269.87578648759455,-87755833.34311484,87755833.34311484,0.0,30.0,north_dakota,2040,2010,18,wind_onshore,80.0,-0.00249607760279447,0.0,-478052.83550000004,1239434.7995
5,0.464,0.0,0.0,0.0,0.0,0.0,0.0,325171.2,3412.0,1851157,0.0,30.0,38,269.87578648759455,-87755833.34311484,87755833.34311484,0.0,30.0,north_dakota,2040,2010,18,wind_onshore,80.0,-0.00249607760279447,0.0,-290052.83550000004,1215434.7995
5,0.464,0.0,0.0,0.0,0.0,0.0,0.0,325171.2,3412.0,1898131,0.0,30.0,38,269.87578648759455,-87755833.34311484,87755833.34311484,0.0,30.0,north_dakota,2040,2010,18,wind_onshore,80.0,-0.00249607760279447,0.0,-246052.83550000004,1205434.7995
5,0.464,0.0,0.0,0.0,0.0,0.0,0.0,325171.2,3412.0,1902677,0.0,30.0,38,269.87578648759455,-87755833.34311484,87755833.34311484,0.0,30.0,north_dakota,2040,2010,18,wind_onshore,80.0,-0.00249607760279447,0.0,-393052.83550000004,1204434.7995
5,0.464,0.0,0.0,0.0,0.0,0.0,0.0,325171.2,3412.0,1911866,0.0,30.0,38,269.87578648759455,-87755833.34311484,87755833.34311484,0.0,30.0,north_dakota,2040,2010,18,wind_onshore,80.0,-0.00249607760279447,0.0,-590052.8355,1202434.7995
5,0.464,0.0,0.0,0.0,0.0,0.0,0.0,325171.2,3412.0,1930710,0.0,30.0,38,269.87578648759455,-87755833.34311484,87755833.34311484,0.0,30.0,north_dakota,2040,2010,18,wind_onshore,80.0,-0.00249607760279447,0.0,-518052.83550000004,1198434.7995
5,0.464,0.0,0.0,0.0,0.0,0.0,0.0,325171.2,3412.0,2273296,0.0,30.0,38,269.87578648759455,-87755833.34311484,87755833.34311484,0.0,30.0,north_dakota,2040,2010,18,wind_onshore,80.0,-0.00249607760279447,0.0,-521052.83550000004,1125434.7995
5,0.464,0.0,0.0,0.0,0.0,0.0,0.0,325171.2,3412.0,2306325,0.0,30.0,38,269.87578648759455,-87755833.34311484,87755833.34311484,0.0,30.0,north_dakota,2040,2010,18,wind_onshore,80.0,-0.00249607760279447,0.0,-343052.83550000004,1118434.7995
5,0.464,0.0,0.0,0.0,0.0,0.0,0.0,325171.2,3412.0,2423640,0.0,30.0,38,269.87578648759455,-87755833.34311484,87755833.34311484,0.0,30.0,north_dakota,2040,2010,18,wind_onshore,80.0,-0.00249607760279447,0.0,-353052.83550000004,1093434.7995
5,0.464,0.0,0.0,0.0,0.0,0.0,0.0,325171.2,3412.0,2677086,0.0,30.0,38,269.87578648759455,-87755833.34311484,87755833.34311484,0.0,30.0,north_dakota,2040,2010,18,wind_onshore,80.0,-0.00249607760279447,0.0,-329052.83550000004,1039434.7995
5,0.464,0.0,0.0,0.0,0.0,0.0,0.0,325171.2,3412.0,2940169,0.0,30.0,38,269.87578648759455,-87755833.34311484,87755833.34311484,0.0,30.0,north_dakota,2040,2010,18,wind_onshore,80.0,-0.00249607760279447,0.0,-54052.835500000045,983434.7995
5,0.464,0.0,0.0,0.0,0.0,0.0,0.0,325171.2,3412.0,3024406,0.0,30.0,38,269.87578648759455,-87755833.34311484,87755833.34311484,0.0,30.0,north_dakota,2040,2010,18,wind_onshore,80.0,-0.00249607760279447,0.0,-291052.83550000004,965434.7995
5,0.733,0.0,0.0,0.0,0.36036,0.09122,2.39413,3852648.0,8594.5,5283110,0.0,60.0,1,160.59363429774578,-6834312430.721853,6834312430.721853,264.9743317533887,60.0,ohio,2070,2010,4,coal_conv_pul_wo_ccs,600.0,-0.00398993418629034,4.0025823111685,1079947.1645,484434.79949999996
5,0.733,0.0,0.0,0.0,0.36036,0.09122,2.39413,3852648.0,8594.5,5287715,0.0,60.0,1,160.59363429774578,-6834312430.721853,6834312430.721853,264.9743317533887,60.0,ohio,2070,2010,4,coal_conv_pul_wo_ccs,600.0,-0.00398993418629034,4.0025823111685,991947.1645,483434.79949999996
5,0.733,0.0,0.0,0.0,0.36036,0.09122,2.39413,3852648.0,8594.5,5372254,0.0,60.0,1,160.59363429774578,-6834312430.721853,6834312430.721853,264.9743317533887,60.0,ohio,2070,2010,4,coal_conv_pul_wo_ccs,600.0,-0.00398993418629034,4.0025823111685,1056947.1645,465434.79949999996
5,0.733,0.0,0.0,0.0,0.36036,0.09122,2.39413,3852648.0,8594.5,5405044,0.0,60.0,1,160.59363429774578,-6834312430.721853,6834312430.721853,264.9743317533887,60.0,ohio,2070,2010,4,coal_conv_pul_wo_ccs,600.0,-0.00398993418629034,4.0025823111685,995947.1645,458434.79949999996
5,0.733,0.0,0.0,0.0,0.36036,0.09122,2.39413,3852648.0,8594.5,5456750,0.0,60.0,1,160.59363429774578,-6834312430.721853,6834312430.721853,264.9743317533887,60.0,ohio,2070,2010,4,coal_conv_pul_wo_ccs,600.0,-0.00398993418629034,4.0025823111685,1078947.1645,447434.79949999996
5,0.733,0.0,0.0,0.0,0.36036,0.09122,2.39413,3852648.0,8594.5,5508462,0.0,60.0,1,160.59363429774578,-6834312430.721853,6834312430.721853,264.9743317533887,60.0,ohio,2070,2010,4,coal_conv_pul_wo_ccs,600.0,-0.00398993418629034,4.0025823111685,1167947.1645,436434.79949999996
5,0.733,0.0,0.0,0.0,0.36036,0.09122,2.39413,3852648.0,8594.5,5569551,0.0,60.0,1,160.59363429774578,-6834312430.721853,6834312430.721853,264.9743317533887,60.0,ohio,2070,2010,4,coal_conv_pul_wo_ccs,600.0,-0.00398993418629034,4.0025823111685,1247947.1645,423434.79949999996
5,0.733,0.0,0.0,0.0,0.36036,0.09122,2.39413,3852648.0,8594.5,5602316,0.0,60.0,1,160.59363429774578,-6834312430.721853,6834312430.721853,264.9743317533887,60.0,ohio,2070,2010,4,coal_conv_pul_wo_ccs,600.0,-0.00398993418629034,4.0025823111685,1161947.1645,416434.79949999996
5,0.733,0.0,0.0,0.0,0.36036,0.09122,2.39413,3852648.0,8594.5,5644565,0.0,60.0,1,160.59363429774578,-6834312430.721853,6834312430.721853,264.9743317533887,60.0,ohio,2070,2010,4,coal_conv_pul_wo_ccs,600.0,-0.00398993418629034,4.0025823111685,1173947.1645,407434.79949999996
5,0.733,0.0,0.0,0.0,0.36036,0.09122,2.39413,3852648.0,8594.5,5644654,0.0,60.0,1,160.59363429774578,-6834312430.721853,6834312430.721853,264.9743317533887,60.0,ohio,2070,2010,4,coal_conv_pul_wo_ccs,600.0,-0.00398993418629034,4.0025823111685,1262947.1645,407434.79949999996
5,0.733,0.0,0.0,0.0,0.36036,0.09122,2.39413,3852648.0,8594.5,5663374,0.0,60.0,1,160.59363429774578,-6834312430.721853,6834312430.721853,264.9743317533887,60.0,ohio,2070,2010,4,coal_conv_pul_wo_ccs,600.0,-0.00398993418629034,4.0025823111685,1210947.1645,403434.79949999996
5,0.733,0.0,0.0,0.0,0.36036,0.09122,2.39413,3852648.0,8594.5,5668044,0.0,60.0,1,160.59363429774578,-6834312430.721853,6834312430.721853,264.9743317533887,60.0,ohio,2070,2010,4,coal_conv_pul_wo_ccs,600.0,-0.00398993418629034,4.0025823111685,1187947.1645,402434.79949999996
5,0.733,0.0,0.0,0.0,0.36036,0.09122,2.39413,3852648.0,8594.5,5691367,0.0,60.0,1,160.59363429774578,-6834312430.721853,6834312430.721853,264.9743317533887,60.0,ohio,2070,2010,4,coal_conv_pul_wo_ccs,600.0,-0.00398993418629034,4.0025823111685,1045947.1645,397434.79949999996
5,0.733,0.0,0.0,0.0,0.36036,0.09122,2.39413,3852648.0,8594.5,5729080,0.0,60.0,1,160.59363429774578,-6834312430.721853,6834312430.721853,264.9743317533887,60.0,ohio,2070,2010,4,coal_conv_pul_wo_ccs,600.0,-0.00398993418629034,4.0025823111685,1214947.1645,389434.79949999996
5,0.733,0.0,0.0,0.0,0.36036,0.09122,2.39413,3852648.0,8594.5,5733533,0.0,60.0,1,160.59363429774578,-6834312430.721853,6834312430.721853,264.9743317533887,60.0,ohio,2070,2010,4,coal_conv_pul_wo_ccs,600.0,-0.00398993418629034,4.0025823111685,974947.1645,388434.79949999996
5,0.733,0.0,0.0,0.0,0.36036,0.09122,2.39413,3852648.0,8594.5,5771280,0.0,60.0,1,160.59363429774578,-6834312430.721853,6834312430.721853,264.9743317533887,60.0,ohio,2070,2010,4,coal_conv_pul_wo_ccs,600.0,-0.00398993418629034,4.0025823111685,1177947.1645,380434.79949999996
5,0.733,0.0,0.0,0.0,0.36036,0.09122,2.39413,3852648.0,8594.5,5818250,0.0,60.0,1,160.59363429774578,-6834312430.721853,6834312430.721853,264.9743317533887,60.0,ohio,2070,2010,4,coal_conv_pul_wo_ccs,600.0,-0.00398993418629034,4.0025823111685,1217947.1645,370434.79949999996
5,0.733,0.0,0.0,0.0,0.36036,0.09122,2.39413,3852648.0,8594.5,5846160,0.0,60.0,1,160.59363429774578,-6834312430.721853,6834312430.721853,264.9743317533887,60.0,ohio,2070,2010,4,coal_conv_pul_wo_ccs,600.0,-0.00398993418629034,4.0025823111685,969947.1645,364434.79949999996
5,0.733,0.0,0.0,0.0,0.36036,0.09122,2.39413,3852648.0,8594.5,5879222,0.0,60.0,1,160.59363429774578,-6834312430.721853,6834312430.721853,264.9743317533887,60.0,ohio,2070,2010,4,coal_conv_pul_wo_ccs,600.0,-0.00398993418629034,4.0025823111685,1180947.1645,357434.79949999996
5,0.733,0.0,0.0,0.0,0.36036,0.09122,2.39413,3852648.0,8594.5,5973130,0.0,60.0,1,160.59363429774578,-6834312430.721853,6834312430.721853,264.9743317533887,60.0,ohio,2070,2010,4,coal_conv_pul_wo_ccs,600.0,-0.00398993418629034,4.0025823111685,1228947.1645,337434.79949999996
5,0.733,0.0,0.0,0.0,0.36036,0.09122,2.39413,3852648.0,8594.5,6085688,0.0,60.0,1,160.59363429774578,-6834312430.721853,6834312430.721853,264.9743317533887,60.0,ohio,2070,2010,4,coal_conv_pul_wo_ccs,600.0,-0.00398993418629034,4.0025823111685,1154947.1645,313434.79949999996
5,0.733,0.0,0.0,0.0,0.36036,0.09122,2.39413,3852648.0,8594.5,6142021,0.0,60.0,1,160.59363429774578,-6834312430.721853,6834312430.721853,264.9743317533887,60.0,ohio,2070,2010,4,coal_conv_pul_wo_ccs,600.0,-0.00398993418629034,4.0025823111685,1171947.1645,301434.79949999996
5,0.733,0.0,0.0,0.0,0.36036,0.09122,2.39413,3852648.0,8594.5,6146666,0.0,60.0,1,160.59363429774578,-6834312430.721853,6834312430.721853,264.9743317533887,60.0,ohio,2070,2010,4,coal_conv_pul_wo_ccs,600.0,-0.00398993418629034,4.0025823111685,1123947.1645,300434.79949999996
5,0.733,0.0,0.0,0.0,0.36036,0.09122,2.39413,3852648.0,8594.5,6198274,0.0,60.0,1,160.59363429774578,-6834312430.721853,6834312430.721853,264.9743317533887,60.0,ohio,2070,2010,4,coal_conv_pul_wo_ccs,600.0,-0.00398993418629034,4.0025823111685,1108947.1645,289434.79949999996
5,0.733,0.0,0.0,0.0,0.36036,0.09122,2.39413,3852648.0,8594.5,6207648,0.0,60.0,1,160.59363429774578,-6834312430.721853,6834312430.721853,264.9743317533887,60.0,ohio,2070,2010,4,coal_conv_pul_wo_ccs,600.0,-0.00398993418629034,4.0025823111685,1096947.1645,287434.79949999996
5,0.733,0.0,0.0,0.0,0.36036,0.09122,2.39413,3852648.0,8594.5,6240474,0.0,60.0,1,160.59363429774578,-6834312430.721853,6834312430.721853,264.9743317533887,60.0,ohio,2070,2010,4,coal_conv_pul_wo_ccs,600.0,-0.00398993418629034,4.0025823111685,1071947.1645,280434.79949999996
5,0.733,0.0,0.0,0.0,0.36036,0.09122,2.39413,3852648.0,8594.5,6240520,0.0,60.0,1,160.59363429774578,-6834312430.721853,6834312430.721853,264.9743317533887,60.0,ohio,2070,2010,4,coal_conv_pul_wo_ccs,600.0,-0.00398993418629034,4.0025823111685,1117947.1645,280434.79949999996
5,0.733,0.0,0.0,0.0,0.36036,0.09122,2.39413,3852648.0,8594.5,6325083,0.0,60.0,1,160.59363429774578,-6834312430.721853,6834312430.721853,264.9743317533887,60.0,ohio,2070,2010,4,coal_conv_pul_wo_ccs,600.0,-0.00398993418629034,4.0025823111685,1206947.1645,262434.79949999996
5,0.733,0.0,0.0,0.0,0.36036,0.09122,2.39413,3852648.0,8594.5,6334399,0.0,60.0,1,160.59363429774578,-6834312430.721853,6834312430.721853,264.9743317533887,60.0,ohio,2070,2010,4,coal_conv_pul_wo_ccs,600.0,-0.00398993418629034,4.0025823111685,1136947.1645,260434.79949999996
5,0.733,0.0,0.0,0.0,0.36036,0.09122,2.39413,3852648.0,8594.5,6348452,0.0,60.0,1,160.59363429774578,-6834312430.721853,6834312430.721853,264.9743317533887,60.0,ohio,2070,2010,4,coal_conv_pul_wo_ccs,600.0,-0.00398993418629034,4.0025823111685,1110947.1645,257434.79949999996
5,0.733,0.0,0.0,0.0,0.36036,0.09122,2.39413,3852648.0,8594.5,6390650,0.0,60.0,1,160.59363429774578,-6834312430.721853,6834312430.721853,264.9743317533887,60.0,ohio,2070,2010,4,coal_conv_pul_wo_ccs,600.0,-0.00398993418629034,4.0025823111685,1071947.1645,248434.79949999996
5,0.733,0.0,0.0,0.0,0.36036,0.09122,2.39413,3852648.0,8594.5,6390705,0.0,60.0,1,160.59363429774578,-6834312430.721853,6834312430.721853,264.9743317533887,60.0,ohio,2070,2010,4,coal_conv_pul_wo_ccs,600.0,-0.00398993418629034,4.0025823111685,1126947.1645,248434.79949999996
5,0.733,0.0,0.0,0.0,0.36036,0.09122,2.39413,3852648.0,8594.5,6400075,0.0,60.0,1,160.59363429774578,-6834312430.721853,6834312430.721853,264.9743317533887,60.0,ohio,2070,2010,4,coal_conv_pul_wo_ccs,600.0,-0.00398993418629034,4.0025823111685,1110947.1645,246434.79949999996
5,0.733,0.0,0.0,0.0,0.36036,0.09122,2.39413,3852648.0,8594.5,6451768,0.0,60.0,1,160.59363429774578,-6834312430.721853,6834312430.721853,264.9743317533887,60.0,ohio,2070,2010,4,coal_conv_pul_wo_ccs,600.0,-0.00398993418629034,4.0025823111685,1180947.1645,235434.79949999996
5,0.733,0.0,0.0,0.0,0.36036,0.09122,2.39413,3852648.0,8594.5,6465812,0.0,60.0,1,160.59363429774578,-6834312430.721853,6834312430.721853,264.9743317533887,60.0,ohio,2070,2010,4,coal_conv_pul_wo_ccs,600.0,-0.00398993418629034,4.0025823111685,1145947.1645,232434.79949999996
5,0.733,0.0,0.0,0.0,0.36036,0.09122,2.39413,3852648.0,8594.5,6540819,0.0,60.0,1,160.59363429774578,-6834312430.721853,6834312430.721853,264.9743317533887,60.0,ohio,2070,2010,4,coal_conv_pul_wo_ccs,600.0,-0.00398993418629034,4.0025823111685,1064947.1645,216434.79949999996
5,0.272,0.0,0.0,0.0,0.18744,0.02067,4.12527,953088.0000000001,5923.6,5363025,0.0,60.0,1,343.8361741094851,-454283917.03020704,454283917.03020704,39.97020950119198,60.0,ohio,2070,2010,8,gas_cc_wo_ccs,400.0,-0.00398993418629034,3.48612007746934,1213947.1645,467434.79949999996
5,0.272,0.0,0.0,0.0,0.18744,0.02067,4.12527,953088.0000000001,5923.6,5973025,0.0,60.0,1,343.8361741094851,-454283917.03020704,454283917.03020704,39.97020950119198,60.0,ohio,2070,2010,8,gas_cc_wo_ccs,400.0,-0.00398993418629034,3.48612007746934,1123947.1645,337434.79949999996
5,0.41,0.0,0.0,0.0,0.18744,0.02067,4.12527,1436640.0,7337.6,5165845,0.0,60.0,1,303.8308074778564,-581102624.1678654,581102624.1678654,52.01903465357184,60.0,ohio,2070,2010,9,gas_cc_w_ccs,400.0,-0.00398993418629034,7.00451904454487,1139947.1645,509434.79949999996
5,0.41,0.0,0.0,0.0,0.18744,0.02067,4.12527,1436640.0,7337.6,5381616,0.0,60.0,1,303.8308074778564,-581102624.1678654,581102624.1678654,52.01903465357184,60.0,ohio,2070,2010,9,gas_cc_w_ccs,400.0,-0.00398993418629034,7.00451904454487,1032947.1645,463434.79949999996
5,0.41,0.0,0.0,0.0,0.18744,0.02067,4.12527,1436640.0,7337.6,5916612,0.0,60.0,1,303.8308074778564,-581102624.1678654,581102624.1678654,52.01903465357184,60.0,ohio,2070,2010,9,gas_cc_w_ccs,400.0,-0.00398993418629034,7.00451904454487,1026947.1645,349434.79949999996
5,0.41,0.0,0.0,0.0,0.18744,0.02067,4.12527,1436640.0,7337.6,6146529,0.0,60.0,1,303.8308074778564,-581102624.1678654,581102624.1678654,52.01903465357184,60.0,ohio,2070,2010,9,gas_cc_w_ccs,400.0,-0.00398993418629034,7.00451904454487,986947.1645,300434.79949999996
5,0.9,0.0,0.0,0.0,0.0,0.04639,0.71281,10643400.0,10246.2,5437848,0.0,60.0,1,181.53521017212037,-5278296153.154494,5278296153.154494,23.034078534539436,60.0,ohio,2070,2010,13,nuclear_gen_ii,1350.0,-0.00104311614063357,2.19496449322143,948947.1645,451434.79949999996
5,0.115,0.0,0.0,0.0,0.25872,0.62952,14.83141,402960.0,9399.4,5836948,0.0,60.0,1,451.21673340006663,-5.287291109861393e+18,5.287291109861393e+18,5866286794497.894,60.0,ohio,2070,2010,15,oil_ct_wo_ccs,400.0,-0.00398993418629034,10.0064557779212,1143947.1645,366434.79949999996
5,0.115,0.0,0.0,0.0,0.25872,0.62952,14.83141,402960.0,9399.4,5930624,0.0,60.0,1,451.21673340006663,-5.287291109861393e+18,5.287291109861393e+18,5866286794497.894,60.0,ohio,2070,2010,15,oil_ct_wo_ccs,400.0,-0.00398993418629034,10.0064557779212,959947.1645,346434.79949999996
5,0.115,0.0,0.0,0.0,0.25872,0.62952,14.83141,402960.0,9399.4,6104487,0.0,60.0,1,451.21673340006663,-5.287291109861393e+18,5.287291109861393e+18,5866286794497.894,60.0,ohio,2070,2010,15,oil_ct_wo_ccs,400.0,-0.00398993418629034,10.0064557779212,1181947.1645,309434.79949999996
5,0.733,0.0,0.0,0.0,0.36036,0.09122,2.39413,3852648.0,8594.5,7999183,0.0,60.0,4,99.51518372445018,-3846763608.029263,3846763608.029263,264.9743317533887,60.0,oklahoma,2070,2010,4,coal_conv_pul_wo_ccs,600.0,-0.00398993418629034,4.0025823111685,-94052.83550000004,-94565.20050000004
5,0.733,0.0,0.0,0.0,0.36036,0.09122,2.39413,3852648.0,8594.5,8163460,0.0,60.0,4,99.51518372445018,-3846763608.029263,3846763608.029263,264.9743317533887,60.0,oklahoma,2070,2010,4,coal_conv_pul_wo_ccs,600.0,-0.00398993418629034,4.0025823111685,-72052.83550000004,-129565.20050000004
5,0.733,0.0,0.0,0.0,0.36036,0.09122,2.39413,3852648.0,8594.5,8290184,0.0,60.0,4,99.51518372445018,-3846763608.029263,3846763608.029263,264.9743317533887,60.0,oklahoma,2070,2010,4,coal_conv_pul_wo_ccs,600.0,-0.00398993418629034,4.0025823111685,-59052.835500000045,-156565.20050000004
5,0.733,0.0,0.0,0.0,0.36036,0.09122,2.39413,3852648.0,8594.5,8351185,0.0,60.0,4,99.51518372445018,-3846763608.029263,3846763608.029263,264.9743317533887,60.0,oklahoma,2070,2010,4,coal_conv_pul_wo_ccs,600.0,-0.00398993418629034,4.0025823111685,-67052.83550000004,-169565.20050000004
5,0.733,0.0,0.0,0.0,0.36036,0.09122,2.39413,3852648.0,8594.5,8548420,0.0,60.0,4,99.51518372445018,-3846763608.029263,3846763608.029263,264.9743317533887,60.0,oklahoma,2070,2010,4,coal_conv_pul_wo_ccs,600.0,-0.00398993418629034,4.0025823111685,61947.164499999955,-211565.20050000004
5,0.733,0.0,0.0,0.0,0.36036,0.09122,2.39413,3852648.0,8594.5,8576591,0.0,60.0,4,99.51518372445018,-3846763608.029263,3846763608.029263,264.9743317533887,60.0,oklahoma,2070,2010,4,coal_conv_pul_wo_ccs,600.0,-0.00398993418629034,4.0025823111685,74947.16449999996,-217565.20050000004
5,0.733,0.0,0.0,0.0,0.36036,0.09122,2.39413,3852648.0,8594.5,8576630,0.0,60.0,4,99.51518372445018,-3846763608.029263,3846763608.029263,264.9743317533887,60.0,oklahoma,2070,2010,4,coal_conv_pul_wo_ccs,600.0,-0.00398993418629034,4.0025823111685,113947.16449999996,-217565.20050000004
5,0.733,0.0,0.0,0.0,0.36036,0.09122,2.39413,3852648.0,8594.5,8736203,0.0,60.0,4,99.51518372445018,-3846763608.029263,3846763608.029263,264.9743317533887,60.0,oklahoma,2070,2010,4,coal_conv_pul_wo_ccs,600.0,-0.00398993418629034,4.0025823111685,124947.16449999996,-251565.20050000004
5,0.272,0.0,0.0,0.0,0.18744,0.02067,4.12527,953088.0000000001,5923.6,8383960,0.0,60.0,4,284.6776806600978,-369567983.5532426,369567983.5532426,39.97020950119198,60.0,oklahoma,2070,2010,8,gas_cc_wo_ccs,400.0,-0.00398993418629034,3.48612007746934,-143052.83550000004,-176565.20050000004
5,0.272,0.0,0.0,0.0,0.18744,0.02067,4.12527,953088.0000000001,5923.6,8487308,35817.509109470324,60.0,4,284.6776806600978,-369532166.0441331,369567983.5532426,39.97020950119198,60.0,oklahoma,2070,2010,8,gas_cc_wo_ccs,400.0,-0.00398993418629034,3.48612007746934,-41052.835500000045,-198565.20050000004
5,0.272,0.0,0.0,0.0,0.18744,0.02067,4.12527,953088.0000000001,5923.6,8872261,0.0,60.0,4,284.6776806600978,-369567983.5532426,369567983.5532426,39.97020950119198,60.0,oklahoma,2070,2010,8,gas_cc_wo_ccs,400.0,-0.00398993418629034,3.48612007746934,85947.16449999996,-280565.20050000004
5,0.41,0.0,0.0,0.0,0.18744,0.02067,4.12527,1436640.0,7337.6,7914808,0.0,60.0,4,244.57096277792272,-453187040.51446724,453187040.51446724,52.01903465357184,60.0,oklahoma,2070,2010,9,gas_cc_w_ccs,400.0,-0.00398993418629034,7.00451904454487,4947.164499999955,-76565.20050000004
5,0.41,0.0,0.0,0.0,0.18744,0.02067,4.12527,1436640.0,7337.6,8032101,0.0,60.0,4,244.57096277792272,-453187040.51446724,453187040.51446724,52.01903465357184,60.0,oklahoma,2070,2010,9,gas_cc_w_ccs,400.0,-0.00398993418629034,7.00451904454487,-27052.835500000045,-101565.20050000004
5,0.41,0.0,0.0,0.0,0.18744,0.02067,4.12527,1436640.0,7337.6,8196401,0.0,60.0,4,244.57096277792272,-453187040.51446724,453187040.51446724,52.01903465357184,60.0,oklahoma,2070,2010,9,gas_cc_w_ccs,400.0,-0.00398993418629034,7.00451904454487,17947.164499999955,-136565.20050000004
5,0.41,0.0,0.0,0.0,0.18744,0.02067,4.12527,1436640.0,7337.6,8196414,0.0,60.0,4,244.57096277792272,-453187040.51446724,453187040.51446724,52.01903465357184,60.0,oklahoma,2070,2010,9,gas_cc_w_ccs,400.0,-0.00398993418629034,7.00451904454487,30947.164499999955,-136565.20050000004
5,0.41,0.0,0.0,0.0,0.18744,0.02067,4.12527,1436640.0,7337.6,8229197,0.0,60.0,4,244.57096277792272,-453187040.51446724,453187040.51446724,52.01903465357184,60.0,oklahoma,2070,2010,9,gas_cc_w_ccs,400.0,-0.00398993418629034,7.00451904454487,-37052.835500000045,-143565.20050000004
5,0.41,0.0,0.0,0.0,0.18744,0.02067,4.12527,1436640.0,7337.6,8271349,0.0,60.0,4,244.57096277792272,-453187040.51446724,453187040.51446724,52.01903465357184,60.0,oklahoma,2070,2010,9,gas_cc_w_ccs,400.0,-0.00398993418629034,7.00451904454487,-122052.83550000004,-152565.20050000004
5,0.41,0.0,0.0,0.0,0.18744,0.02067,4.12527,1436640.0,7337.6,8294852,0.0,60.0,4,244.57096277792272,-453187040.51446724,453187040.51446724,52.01903465357184,60.0,oklahoma,2070,2010,9,gas_cc_w_ccs,400.0,-0.00398993418629034,7.00451904454487,-84052.83550000004,-157565.20050000004
5,0.41,0.0,0.0,0.0,0.18744,0.02067,4.12527,1436640.0,7337.6,8313702,0.0,60.0,4,244.57096277792272,-453187040.51446724,453187040.51446724,52.01903465357184,60.0,oklahoma,2070,2010,9,gas_cc_w_ccs,400.0,-0.00398993418629034,7.00451904454487,-6052.835500000045,-161565.20050000004
5,0.41,0.0,0.0,0.0,0.18744,0.02067,4.12527,1436640.0,7337.6,8360523,0.0,60.0,4,244.57096277792272,-453187040.51446724,453187040.51446724,52.01903465357184,60.0,oklahoma,2070,2010,9,gas_cc_w_ccs,400.0,-0.00398993418629034,7.00451904454487,-115052.83550000004,-171565.20050000004
5,0.41,0.0,0.0,0.0,0.18744,0.02067,4.12527,1436640.0,7337.6,8360621,0.0,60.0,4,244.57096277792272,-453187040.51446724,453187040.51446724,52.01903465357184,60.0,oklahoma,2070,2010,9,gas_cc_w_ccs,400.0,-0.00398993418629034,7.00451904454487,-17052.835500000045,-171565.20050000004
5,0.41,0.0,0.0,0.0,0.18744,0.02067,4.12527,1436640.0,7337.6,8365320,0.0,60.0,4,244.57096277792272,-453187040.51446724,453187040.51446724,52.01903465357184,60.0,oklahoma,2070,2010,9,gas_cc_w_ccs,400.0,-0.00398993418629034,7.00451904454487,-11052.835500000045,-172565.20050000004
5,0.41,0.0,0.0,0.0,0.18744,0.02067,4.12527,1436640.0,7337.6,8379344,0.0,60.0,4,244.57096277792272,-453187040.51446724,453187040.51446724,52.01903465357184,60.0,oklahoma,2070,2010,9,gas_cc_w_ccs,400.0,-0.00398993418629034,7.00451904454487,-66052.83550000004,-175565.20050000004
5,0.41,0.0,0.0,0.0,0.18744,0.02067,4.12527,1436640.0,7337.6,8473291,0.0,60.0,4,244.57096277792272,-453187040.51446724,453187040.51446724,52.01903465357184,60.0,oklahoma,2070,2010,9,gas_cc_w_ccs,400.0,-0.00398993418629034,7.00451904454487,20947.164499999955,-195565.20050000004
5,0.41,0.0,0.0,0.0,0.18744,0.02067,4.12527,1436640.0,7337.6,8477904,0.0,60.0,4,244.57096277792272,-453187040.51446724,453187040.51446724,52.01903465357184,60.0,oklahoma,2070,2010,9,gas_cc_w_ccs,400.0,-0.00398993418629034,7.00451904454487,-59052.835500000045,-196565.20050000004
5,0.41,0.0,0.0,0.0,0.18744,0.02067,4.12527,1436640.0,7337.6,8501310,0.0,60.0,4,244.57096277792272,-453187040.51446724,453187040.51446724,52.01903465357184,60.0,oklahoma,2070,2010,9,gas_cc_w_ccs,400.0,-0.00398993418629034,7.00451904454487,-118052.83550000004,-201565.20050000004
5,0.41,0.0,0.0,0.0,0.18744,0.02067,4.12527,1436640.0,7337.6,8520258,0.0,60.0,4,244.57096277792272,-453187040.51446724,453187040.51446724,52.01903465357184,60.0,oklahoma,2070,2010,9,gas_cc_w_ccs,400.0,-0.00398993418629034,7.00451904454487,57947.164499999955,-205565.20050000004
5,0.41,0.0,0.0,0.0,0.18744,0.02067,4.12527,1436640.0,7337.6,8656359,0.0,60.0,4,244.57096277792272,-453187040.51446724,453187040.51446724,52.01903465357184,60.0,oklahoma,2070,2010,9,gas_cc_w_ccs,400.0,-0.00398993418629034,7.00451904454487,61947.164499999955,-234565.20050000004
5,0.41,0.0,0.0,0.0,0.18744,0.02067,4.12527,1436640.0,7337.6,8811246,0.0,60.0,4,244.57096277792272,-453187040.51446724,453187040.51446724,52.01903465357184,60.0,oklahoma,2070,2010,9,gas_cc_w_ccs,400.0,-0.00398993418629034,7.00451904454487,79947.16449999996,-267565.20050000004
5,0.41,0.0,0.0,0.0,0.18744,0.02067,4.12527,1436640.0,7337.6,8825259,0.0,60.0,4,244.57096277792272,-453187040.51446724,453187040.51446724,52.01903465357184,60.0,oklahoma,2070,2010,9,gas_cc_w_ccs,400.0,-0.00398993418629034,7.00451904454487,13947.164499999955,-270565.20050000004
5,0.41,0.0,0.0,0.0,0.18744,0.02067,4.12527,1436640.0,7337.6,8914479,0.0,60.0,4,244.57096277792272,-453187040.51446724,453187040.51446724,52.01903465357184,60.0,oklahoma,2070,2010,9,gas_cc_w_ccs,400.0,-0.00398993418629034,7.00451904454487,66947.16449999996,-289565.20050000004
5,0.41,0.0,0.0,0.0,0.18744,0.02067,4.12527,1436640.0,7337.6,8923851,0.0,60.0,4,244.57096277792272,-453187040.51446724,453187040.51446724,52.01903465357184,60.0,oklahoma,2070,2010,9,gas_cc_w_ccs,400.0,-0.00398993418629034,7.00451904454487,52947.164499999955,-291565.20050000004
5,0.41,0.0,0.0,0.0,0.18744,0.02067,4.12527,1436640.0,7337.6,8947283,0.0,60.0,4,244.57096277792272,-453187040.51446724,453187040.51446724,52.01903465357184,60.0,oklahoma,2070,2010,9,gas_cc_w_ccs,400.0,-0.00398993418629034,7.00451904454487,19947.164499999955,-296565.20050000004
5,0.464,0.0,0.0,0.0,0.0,0.0,0.0,325171.2,3412.0,7712388,2092077.8181482852,30.0,51,263.0836456382582,-83455146.93441883,85547224.75256711,0.0,30.0,oklahoma,2040,2010,18,wind_onshore,80.0,-0.00249607760279447,0.0,-616052.8355,-33565.200500000035
5,0.464,0.0,0.0,0.0,0.0,0.0,0.0,325171.2,3412.0,7919565,0.0,30.0,4,232.86571429978562,-75721223.75771838,75721223.75771838,0.0,30.0,oklahoma,2040,2010,18,wind_onshore,80.0,-0.00249607760279447,0.0,68947.16449999996,-77565.20050000004
5,0.464,0.0,0.0,0.0,0.0,0.0,0.0,325171.2,3412.0,8032228,0.0,30.0,4,232.86571429978562,-75721223.75771838,75721223.75771838,0.0,30.0,oklahoma,2040,2010,18,wind_onshore,80.0,-0.00249607760279447,0.0,99947.16449999996,-101565.20050000004
5,0.464,0.0,0.0,0.0,0.0,0.0,0.0,325171.2,3412.0,8036808,0.0,30.0,4,232.86571429978562,-75721223.75771838,75721223.75771838,0.0,30.0,oklahoma,2040,2010,18,wind_onshore,80.0,-0.00249607760279447,0.0,-13052.835500000045,-102565.20050000004
5,0.464,0.0,0.0,0.0,0.0,0.0,0.0,325171.2,3412.0,8036912,0.0,30.0,4,232.86571429978562,-75721223.75771838,75721223.75771838,0.0,30.0,oklahoma,2040,2010,18,wind_onshore,80.0,-0.00249607760279447,0.0,90947.16449999996,-102565.20050000004
5,0.464,0.0,0.0,0.0,0.0,0.0,0.0,325171.2,3412.0,8313734,0.0,30.0,4,232.86571429978562,-75721223.75771838,75721223.75771838,0.0,30.0,oklahoma,2040,2010,18,wind_onshore,80.0,-0.00249607760279447,0.0,25947.164499999955,-161565.20050000004
5,0.464,0.0,0.0,0.0,0.0,0.0,0.0,325171.2,3412.0,8398276,0.0,30.0,4,232.86571429978562,-75721223.75771838,75721223.75771838,0.0,30.0,oklahoma,2040,2010,18,wind_onshore,80.0,-0.00249607760279447,0.0,93947.16449999996,-179565.20050000004
5,0.464,0.0,0.0,0.0,0.0,0.0,0.0,325171.2,3412.0,8440459,0.0,30.0,4,232.86571429978562,-75721223.75771838,75721223.75771838,0.0,30.0,oklahoma,2040,2010,18,wind_onshore,80.0,-0.00249607760279447,0.0,39947.164499999955,-188565.20050000004
5,0.464,0.0,0.0,0.0,0.0,0.0,0.0,325171.2,3412.0,8492090,0.0,30.0,4,232.86571429978562,-75721223.75771838,75721223.75771838,0.0,30.0,oklahoma,2040,2010,18,wind_onshore,80.0,-0.00249607760279447,0.0,47947.164499999955,-199565.20050000004
5,0.464,0.0,0.0,0.0,0.0,0.0,0.0,325171.2,3412.0,8543746,0.0,30.0,4,232.86571429978562,-75721223.75771838,75721223.75771838,0.0,30.0,oklahoma,2040,2010,18,wind_onshore,80.0,-0.00249607760279447,0.0,80947.16449999996,-210565.20050000004
5,0.464,0.0,0.0,0.0,0.0,0.0,0.0,325171.2,3412.0,8778344,0.0,30.0,4,232.86571429978562,-75721223.75771838,75721223.75771838,0.0,30.0,oklahoma,2040,2010,18,wind_onshore,80.0,-0.00249607760279447,0.0,28947.164499999955,-260565.20050000004
5,0.733,0.0,0.0,0.0,0.36036,0.09122,2.39413,3852648.0,8594.5,2962004,0.0,60.0,52,110.84345518232762,-4400866794.004986,4400866794.004986,264.9743317533887,60.0,oregon,2070,2010,4,coal_conv_pul_wo_ccs,600.0,-0.00398993418629034,4.0025823111685,-1684052.8355,978434.7995
5,0.272,0.0,0.0,0.0,0.18744,0.02067,4.12527,953088.0000000001,5923.6,2093433,0.0,60.0,52,295.34571949204764,-384844790.2351155,384844790.2351155,39.97020950119198,60.0,oregon,2070,2010,8,gas_cc_wo_ccs,400.0,-0.00398993418629034,3.48612007746934,-2050052.8355,1163434.7995
5,0.272,0.0,0.0,0.0,0.18744,0.02067,4.12527,953088.0000000001,5923.6,2103072,0.0,60.0,52,295.34571949204764,-384844790.2351155,384844790.2351155,39.97020950119198,60.0,oregon,2070,2010,8,gas_cc_wo_ccs,400.0,-0.00398993418629034,3.48612007746934,-1797052.8355,1161434.7995
5,0.272,0.0,0.0,0.0,0.18744,0.02067,4.12527,953088.0000000001,5923.6,2201342,35817.509109470324,60.0,52,295.34571949204764,-384808972.72600603,384844790.2351155,39.97020950119198,60.0,oregon,2070,2010,8,gas_cc_wo_ccs,400.0,-0.00398993418629034,3.48612007746934,-2080052.8355,1140434.7995
5,0.272,0.0,0.0,0.0,0.18744,0.02067,4.12527,953088.0000000001,5923.6,2956753,0.0,60.0,52,295.34571949204764,-384844790.2351155,384844790.2351155,39.97020950119198,60.0,oregon,2070,2010,8,gas_cc_wo_ccs,400.0,-0.00398993418629034,3.48612007746934,-2242052.8355,979434.7995
5,0.272,0.0,0.0,0.0,0.18744,0.02067,4.12527,953088.0000000001,5923.6,2966207,0.0,60.0,52,295.34571949204764,-384844790.2351155,384844790.2351155,39.97020950119198,60.0,oregon,2070,2010,8,gas_cc_wo_ccs,400.0,-0.00398993418629034,3.48612007746934,-2174052.8355,977434.7995
5,0.272,0.0,0.0,0.0,0.18744,0.02067,4.12527,953088.0000000001,5923.6,3106986,0.0,60.0,52,295.34571949204764,-384844790.2351155,384844790.2351155,39.97020950119198,60.0,oregon,2070,2010,8,gas_cc_wo_ccs,400.0,-0.00398993418629034,3.48612007746934,-2185052.8355,947434.7995
5,0.41,0.0,0.0,0.0,0.18744,0.02067,4.12527,1436640.0,7337.6,1910396,0.0,60.0,52,255.41561823516167,-476595816.54749465,476595816.54749465,52.01903465357184,60.0,oregon,2070,2010,9,gas_cc_w_ccs,400.0,-0.00398993418629034,7.00451904454487,-2060052.8355,1202434.7995
5,0.41,0.0,0.0,0.0,0.18744,0.02067,4.12527,1436640.0,7337.6,2145320,0.0,60.0,52,255.41561823516167,-476595816.54749465,476595816.54749465,52.01903465357184,60.0,oregon,2070,2010,9,gas_cc_w_ccs,400.0,-0.00398993418629034,7.00451904454487,-1786052.8355,1152434.7995
5,0.41,0.0,0.0,0.0,0.18744,0.02067,4.12527,1436640.0,7337.6,2628355,0.0,60.0,52,255.41561823516167,-476595816.54749465,476595816.54749465,52.01903465357184,60.0,oregon,2070,2010,9,gas_cc_w_ccs,400.0,-0.00398993418629034,7.00451904454487,-2130052.8355,1049434.7995
5,0.41,0.0,0.0,0.0,0.18744,0.02067,4.12527,1436640.0,7337.6,2656514,0.0,60.0,52,255.41561823516167,-476595816.54749465,476595816.54749465,52.01903465357184,60.0,oregon,2070,2010,9,gas_cc_w_ccs,400.0,-0.00398993418629034,7.00451904454487,-2129052.8355,1043434.7995
5,0.41,0.0,0.0,0.0,0.18744,0.02067,4.12527,1436640.0,7337.6,2722375,0.0,60.0,52,255.41561823516167,-476595816.54749465,476595816.54749465,52.01903465357184,60.0,oregon,2070,2010,9,gas_cc_w_ccs,400.0,-0.00398993418629034,7.00451904454487,-1970052.8355,1029434.7995
5,0.41,0.0,0.0,0.0,0.18744,0.02067,4.12527,1436640.0,7337.6,2797722,0.0,60.0,52,255.41561823516167,-476595816.54749465,476595816.54749465,52.01903465357184,60.0,oregon,2070,2010,9,gas_cc_w_ccs,400.0,-0.00398993418629034,7.00451904454487,-1711052.8355,1013434.7995
5,0.41,0.0,0.0,0.0,0.18744,0.02067,4.12527,1436640.0,7337.6,3013049,0.0,60.0,52,255.41561823516167,-476595816.54749465,476595816.54749465,52.01903465357184,60.0,oregon,2070,2010,9,gas_cc_w_ccs,400.0,-0.00398993418629034,7.00451904454487,-2262052.8355,967434.7995
5,0.41,0.0,0.0,0.0,0.18744,0.02067,4.12527,1436640.0,7337.6,3031836,0.0,60.0,52,255.41561823516167,-476595816.54749465,476595816.54749465,52.01903465357184,60.0,oregon,2070,2010,9,gas_cc_w_ccs,400.0,-0.00398993418629034,7.00451904454487,-2247052.8355,963434.7995
5,0.41,0.0,0.0,0.0,0.18744,0.02067,4.12527,1436640.0,7337.6,3069433,0.0,60.0,52,255.41561823516167,-476595816.54749465,476595816.54749465,52.01903465357184,60.0,oregon,2070,2010,9,gas_cc_w_ccs,400.0,-0.00398993418629034,7.00451904454487,-2194052.8355,955434.7995
5,0.41,0.0,0.0,0.0,0.18744,0.02067,4.12527,1436640.0,7337.6,3458947,0.0,60.0,52,255.41561823516167,-476595816.54749465,476595816.54749465,52.01903465357184,60.0,oregon,2070,2010,9,gas_cc_w_ccs,400.0,-0.00398993418629034,7.00451904454487,-2199052.8355,872434.7995
5,0.41,0.0,0.0,0.0,0.18744,0.02067,4.12527,1436640.0,7337.6,3843910,0.0,60.0,52,255.41561823516167,-476595816.54749465,476595816.54749465,52.01903465357184,60.0,oregon,2070,2010,9,gas_cc_w_ccs,400.0,-0.00398993418629034,7.00451904454487,-2062052.8355,790434.7995
5,0.464,0.0,0.0,0.0,0.0,0.0,0.0,325171.2,3412.0,1760196,0.0,30.0,52,243.75224092481164,-79261208.68421005,79261208.68421005,0.0,30.0,oregon,2040,2010,18,wind_onshore,80.0,-0.00249607760279447,0.0,-2084052.8355,1234434.7995
5,0.464,0.0,0.0,0.0,0.0,0.0,0.0,325171.2,3412.0,1915005,0.0,30.0,52,243.75224092481164,-79261208.68421005,79261208.68421005,0.0,30.0,oregon,2040,2010,18,wind_onshore,80.0,-0.00249607760279447,0.0,-2144052.8355,1201434.7995
5,0.464,0.0,0.0,0.0,0.0,0.0,0.0,325171.2,3412.0,2145068,0.0,30.0,52,243.75224092481164,-79261208.68421005,79261208.68421005,0.0,30.0,oregon,2040,2010,18,wind_onshore,80.0,-0.00249607760279447,0.0,-2038052.8355,1152434.7995
5,0.464,0.0,0.0,0.0,0.0,0.0,0.0,325171.2,3412.0,2173084,0.0,30.0,52,243.75224092481164,-79261208.68421005,79261208.68421005,0.0,30.0,oregon,2040,2010,18,wind_onshore,80.0,-0.00249607760279447,0.0,-2180052.8355,1146434.7995
5,0.464,0.0,0.0,0.0,0.0,0.0,0.0,325171.2,3412.0,2173413,0.0,30.0,52,243.75224092481164,-79261208.68421005,79261208.68421005,0.0,30.0,oregon,2040,2010,18,wind_onshore,80.0,-0.00249607760279447,0.0,-1851052.8355,1146434.7995
5,0.464,0.0,0.0,0.0,0.0,0.0,0.0,325171.2,3412.0,2276322,0.0,30.0,52,243.75224092481164,-79261208.68421005,79261208.68421005,0.0,30.0,oregon,2040,2010,18,wind_onshore,80.0,-0.00249607760279447,0.0,-2188052.8355,1124434.7995
5,0.464,0.0,0.0,0.0,0.0,0.0,0.0,325171.2,3412.0,2459364,0.0,30.0,52,243.75224092481164,-79261208.68421005,79261208.68421005,0.0,30.0,oregon,2040,2010,18,wind_onshore,80.0,-0.00249607760279447,0.0,-2173052.8355,1085434.7995
5,0.464,0.0,0.0,0.0,0.0,0.0,0.0,325171.2,3412.0,2506752,0.0,30.0,52,243.75224092481164,-79261208.68421005,79261208.68421005,0.0,30.0,oregon,2040,2010,18,wind_onshore,80.0,-0.00249607760279447,0.0,-1715052.8355,1075434.7995
5,0.464,0.0,0.0,0.0,0.0,0.0,0.0,325171.2,3412.0,2774011,0.0,30.0,52,243.75224092481164,-79261208.68421005,79261208.68421005,0.0,30.0,oregon,2040,2010,18,wind_onshore,80.0,-0.00249607760279447,0.0,-1957052.8355,1018434.7995
5,0.464,0.0,0.0,0.0,0.0,0.0,0.0,325171.2,3412.0,3205548,0.0,30.0,52,243.75224092481164,-79261208.68421005,79261208.68421005,0.0,30.0,oregon,2040,2010,18,wind_onshore,80.0,-0.00249607760279447,0.0,-2176052.8355,926434.7995
5,0.464,0.0,0.0,0.0,0.0,0.0,0.0,325171.2,3412.0,3581075,0.0,30.0,52,243.75224092481164,-79261208.68421005,79261208.68421005,0.0,30.0,oregon,2040,2010,18,wind_onshore,80.0,-0.00249607760279447,0.0,-2089052.8355,846434.7995
5,0.609,0.0,0.0,0.0,0.3036,0.0,0.0,426787.2,12827.1,4537546,0.0,60.0,29,123.67454308451684,-48795949.27994682,48795949.27994682,9.341336090617133,60.0,pennsylvania,2070,2010,0,biomass_conv_wo_ccs,80.0,-0.00398993418629034,10.0064557779212,1702947.1645,643434.7995
5,0.609,0.0,0.0,0.0,0.3036,0.0,0.0,426787.2,12827.1,4959824,0.0,60.0,29,123.67454308451684,-48795949.27994682,48795949.27994682,9.341336090617133,60.0,pennsylvania,2070,2010,0,biomass_conv_wo_ccs,80.0,-0.00398993418629034,10.0064557779212,1610947.1645,553434.7995
5,0.609,0.0,0.0,0.0,0.3036,0.0,0.0,426787.2,12827.1,5288223,0.0,60.0,29,123.67454308451684,-48795949.27994682,48795949.27994682,9.341336090617133,60.0,pennsylvania,2070,2010,0,biomass_conv_wo_ccs,80.0,-0.00398993418629034,10.0064557779212,1499947.1645,483434.79949999996
5,0.609,0.0,0.0,0.0,0.3036,0.0,0.0,426787.2,12827.1,5719904,0.0,60.0,29,123.67454308451684,-48795949.27994682,48795949.27994682,9.341336090617133,60.0,pennsylvania,2070,2010,0,biomass_conv_wo_ccs,80.0,-0.00398993418629034,10.0064557779212,1424947.1645,391434.79949999996
5,0.733,0.0,0.0,0.0,0.36036,0.09122,2.39413,3852648.0,8594.5,4485896,0.0,60.0,29,137.6624667339821,-5712673259.867682,5712673259.867682,264.9743317533887,60.0,pennsylvania,2070,2010,4,coal_conv_pul_wo_ccs,600.0,-0.00398993418629034,4.0025823111685,1675947.1645,654434.7995
5,0.733,0.0,0.0,0.0,0.36036,0.09122,2.39413,3852648.0,8594.5,4499885,0.0,60.0,29,137.6624667339821,-5712673259.867682,5712673259.867682,264.9743317533887,60.0,pennsylvania,2070,2010,4,coal_conv_pul_wo_ccs,600.0,-0.00398993418629034,4.0025823111685,1585947.1645,651434.7995
5,0.733,0.0,0.0,0.0,0.36036,0.09122,2.39413,3852648.0,8594.5,4556190,0.0,60.0,29,137.6624667339821,-5712673259.867682,5712673259.867682,264.9743317533887,60.0,pennsylvania,2070,2010,4,coal_conv_pul_wo_ccs,600.0,-0.00398993418629034,4.0025823111685,1574947.1645,639434.7995
5,0.733,0.0,0.0,0.0,0.36036,0.09122,2.39413,3852648.0,8594.5,4598273,0.0,60.0,29,137.6624667339821,-5712673259.867682,5712673259.867682,264.9743317533887,60.0,pennsylvania,2070,2010,4,coal_conv_pul_wo_ccs,600.0,-0.00398993418629034,4.0025823111685,1420947.1645,630434.7995
5,0.733,0.0,0.0,0.0,0.36036,0.09122,2.39413,3852648.0,8594.5,4617231,0.0,60.0,29,137.6624667339821,-5712673259.867682,5712673259.867682,264.9743317533887,60.0,pennsylvania,2070,2010,4,coal_conv_pul_wo_ccs,600.0,-0.00398993418629034,4.0025823111685,1606947.1645,626434.7995
5,0.733,0.0,0.0,0.0,0.36036,0.09122,2.39413,3852648.0,8594.5,4640528,0.0,60.0,29,137.6624667339821,-5712673259.867682,5712673259.867682,264.9743317533887,60.0,pennsylvania,2070,2010,4,coal_conv_pul_wo_ccs,600.0,-0.00398993418629034,4.0025823111685,1438947.1645,621434.7995
5,0.733,0.0,0.0,0.0,0.36036,0.09122,2.39413,3852648.0,8594.5,4640814,0.0,60.0,29,137.6624667339821,-5712673259.867682,5712673259.867682,264.9743317533887,60.0,pennsylvania,2070,2010,4,coal_conv_pul_wo_ccs,600.0,-0.00398993418629034,4.0025823111685,1724947.1645,621434.7995
5,0.733,0.0,0.0,0.0,0.36036,0.09122,2.39413,3852648.0,8594.5,4673644,0.0,60.0,29,137.6624667339821,-5712673259.867682,5712673259.867682,264.9743317533887,60.0,pennsylvania,2070,2010,4,coal_conv_pul_wo_ccs,600.0,-0.00398993418629034,4.0025823111685,1703947.1645,614434.7995
5,0.733,0.0,0.0,0.0,0.36036,0.09122,2.39413,3852648.0,8594.5,4846926,0.0,60.0,29,137.6624667339821,-5712673259.867682,5712673259.867682,264.9743317533887,60.0,pennsylvania,2070,2010,4,coal_conv_pul_wo_ccs,600.0,-0.00398993418629034,4.0025823111685,1344947.1645,577434.7995
5,0.733,0.0,0.0,0.0,0.36036,0.09122,2.39413,3852648.0,8594.5,4870630,0.0,60.0,29,137.6624667339821,-5712673259.867682,5712673259.867682,264.9743317533887,60.0,pennsylvania,2070,2010,4,coal_conv_pul_wo_ccs,600.0,-0.00398993418629034,4.0025823111685,1583947.1645,572434.7995
5,0.733,0.0,0.0,0.0,0.36036,0.09122,2.39413,3852648.0,8594.5,4912867,0.0,60.0,29,137.6624667339821,-5712673259.867682,5712673259.867682,264.9743317533887,60.0,pennsylvania,2070,2010,4,coal_conv_pul_wo_ccs,600.0,-0.00398993418629034,4.0025823111685,1583947.1645,563434.7995
5,0.733,0.0,0.0,0.0,0.36036,0.09122,2.39413,3852648.0,8594.5,4926663,0.0,60.0,29,137.6624667339821,-5712673259.867682,5712673259.867682,264.9743317533887,60.0,pennsylvania,2070,2010,4,coal_conv_pul_wo_ccs,600.0,-0.00398993418629034,4.0025823111685,1300947.1645,560434.7995
5,0.733,0.0,0.0,0.0,0.36036,0.09122,2.39413,3852648.0,8594.5,4936367,0.0,60.0,29,137.6624667339821,-5712673259.867682,5712673259.867682,264.9743317533887,60.0,pennsylvania,2070,2010,4,coal_conv_pul_wo_ccs,600.0,-0.00398993418629034,4.0025823111685,1618947.1645,558434.7995
5,0.733,0.0,0.0,0.0,0.36036,0.09122,2.39413,3852648.0,8594.5,4940784,0.0,60.0,29,137.6624667339821,-5712673259.867682,5712673259.867682,264.9743317533887,60.0,pennsylvania,2070,2010,4,coal_conv_pul_wo_ccs,600.0,-0.00398993418629034,4.0025823111685,1342947.1645,557434.7995
5,0.733,0.0,0.0,0.0,0.36036,0.09122,2.39413,3852648.0,8594.5,4959799,0.0,60.0,29,137.6624667339821,-5712673259.867682,5712673259.867682,264.9743317533887,60.0,pennsylvania,2070,2010,4,coal_conv_pul_wo_ccs,600.0,-0.00398993418629034,4.0025823111685,1585947.1645,553434.7995
5,0.733,0.0,0.0,0.0,0.36036,0.09122,2.39413,3852648.0,8594.5,4964511,0.0,60.0,29,137.6624667339821,-5712673259.867682,5712673259.867682,264.9743317533887,60.0,pennsylvania,2070,2010,4,coal_conv_pul_wo_ccs,600.0,-0.00398993418629034,4.0025823111685,1604947.1645,552434.7995
5,0.733,0.0,0.0,0.0,0.36036,0.09122,2.39413,3852648.0,8594.5,4973626,0.0,60.0,29,137.6624667339821,-5712673259.867682,5712673259.867682,264.9743317533887,60.0,pennsylvania,2070,2010,4,coal_conv_pul_wo_ccs,600.0,-0.00398993418629034,4.0025823111685,1333947.1645,550434.7995
5,0.733,0.0,0.0,0.0,0.36036,0.09122,2.39413,3852648.0,8594.5,4983342,0.0,60.0,29,137.6624667339821,-5712673259.867682,5712673259.867682,264.9743317533887,60.0,pennsylvania,2070,2010,4,coal_conv_pul_wo_ccs,600.0,-0.00398993418629034,4.0025823111685,1663947.1645,548434.7995
5,0.733,0.0,0.0,0.0,0.36036,0.09122,2.39413,3852648.0,8594.5,5011428,0.0,60.0,29,137.6624667339821,-5712673259.867682,5712673259.867682,264.9743317533887,60.0,pennsylvania,2070,2010,4,coal_conv_pul_wo_ccs,600.0,-0.00398993418629034,4.0025823111685,1591947.1645,542434.7995
5,0.733,0.0,0.0,0.0,0.36036,0.09122,2.39413,3852648.0,8594.5,5053444,0.0,60.0,29,137.6624667339821,-5712673259.867682,5712673259.867682,264.9743317533887,60.0,pennsylvania,2070,2010,4,coal_conv_pul_wo_ccs,600.0,-0.00398993418629034,4.0025823111685,1370947.1645,533434.7995
5,0.733,0.0,0.0,0.0,0.36036,0.09122,2.39413,3852648.0,8594.5,5067739,0.0,60.0,29,137.6624667339821,-5712673259.867682,5712673259.867682,264.9743317533887,60.0,pennsylvania,2070,2010,4,coal_conv_pul_wo_ccs,600.0,-0.00398993418629034,4.0025823111685,1586947.1645,530434.7995
5,0.733,0.0,0.0,0.0,0.36036,0.09122,2.39413,3852648.0,8594.5,5076887,0.0,60.0,29,137.6624667339821,-5712673259.867682,5712673259.867682,264.9743317533887,60.0,pennsylvania,2070,2010,4,coal_conv_pul_wo_ccs,600.0,-0.00398993418629034,4.0025823111685,1348947.1645,528434.7995
5,0.733,0.0,0.0,0.0,0.36036,0.09122,2.39413,3852648.0,8594.5,5466546,0.0,60.0,29,137.6624667339821,-5712673259.867682,5712673259.867682,264.9743317533887,60.0,pennsylvania,2070,2010,4,coal_conv_pul_wo_ccs,600.0,-0.00398993418629034,4.0025823111685,1488947.1645,445434.79949999996
5,0.733,0.0,0.0,0.0,0.36036,0.09122,2.39413,3852648.0,8594.5,5550965,0.0,60.0,29,137.6624667339821,-5712673259.867682,5712673259.867682,264.9743317533887,60.0,pennsylvania,2070,2010,4,coal_conv_pul_wo_ccs,600.0,-0.00398993418629034,4.0025823111685,1433947.1645,427434.79949999996
5,0.733,0.0,0.0,0.0,0.36036,0.09122,2.39413,3852648.0,8594.5,5597899,0.0,60.0,29,137.6624667339821,-5712673259.867682,5712673259.867682,264.9743317533887,60.0,pennsylvania,2070,2010,4,coal_conv_pul_wo_ccs,600.0,-0.00398993418629034,4.0025823111685,1437947.1645,417434.79949999996
5,0.733,0.0,0.0,0.0,0.36036,0.09122,2.39413,3852648.0,8594.5,5640123,0.0,60.0,29,137.6624667339821,-5712673259.867682,5712673259.867682,264.9743317533887,60.0,pennsylvania,2070,2010,4,coal_conv_pul_wo_ccs,600.0,-0.00398993418629034,4.0025823111685,1424947.1645,408434.79949999996
5,0.733,0.0,0.0,0.0,0.36036,0.09122,2.39413,3852648.0,8594.5,5644858,0.0,60.0,29,137.6624667339821,-5712673259.867682,5712673259.867682,264.9743317533887,60.0,pennsylvania,2070,2010,4,coal_conv_pul_wo_ccs,600.0,-0.00398993418629034,4.0025823111685,1466947.1645,407434.79949999996
5,0.733,0.0,0.0,0.0,0.36036,0.09122,2.39413,3852648.0,8594.5,5729298,0.0,60.0,29,137.6624667339821,-5712673259.867682,5712673259.867682,264.9743317533887,60.0,pennsylvania,2070,2010,4,coal_conv_pul_wo_ccs,600.0,-0.00398993418629034,4.0025823111685,1432947.1645,389434.79949999996
5,0.733,0.0,0.0,0.0,0.36036,0.09122,2.39413,3852648.0,8594.5,5794977,0.0,60.0,29,137.6624667339821,-5712673259.867682,5712673259.867682,264.9743317533887,60.0,pennsylvania,2070,2010,4,coal_conv_pul_wo_ccs,600.0,-0.00398993418629034,4.0025823111685,1409947.1645,375434.79949999996
5,0.272,0.0,0.0,0.0,0.18744,0.02067,4.12527,953088.0000000001,5923.6,5133587,143270.0364378813,60.0,30,374.9476726831741,-498692823.5259896,498836093.56242746,39.97020950119198,60.0,pennsylvania,2070,2010,8,gas_cc_wo_ccs,400.0,-0.00398993418629034,3.48612007746934,1732947.1645,516434.79949999996
5,0.272,0.0,0.0,0.0,0.18744,0.02067,4.12527,953088.0000000001,5923.6,5166421,152199.28089633302,60.0,30,374.9476726831741,-498683894.28153116,498836093.56242746,39.97020950119198,60.0,pennsylvania,2070,2010,8,gas_cc_wo_ccs,400.0,-0.00398993418629034,3.48612007746934,1715947.1645,509434.79949999996
5,0.272,0.0,0.0,0.0,0.18744,0.02067,4.12527,953088.0000000001,5923.6,5180534,119536.53605435943,60.0,30,374.9476726831741,-498716557.0263731,498836093.56242746,39.97020950119198,60.0,pennsylvania,2070,2010,8,gas_cc_wo_ccs,400.0,-0.00398993418629034,3.48612007746934,1749947.1645,506434.79949999996
5,0.272,0.0,0.0,0.0,0.18744,0.02067,4.12527,953088.0000000001,5923.6,5203985,165184.5507601179,60.0,30,374.9476726831741,-498670909.0116674,498836093.56242746,39.97020950119198,60.0,pennsylvania,2070,2010,8,gas_cc_wo_ccs,400.0,-0.00398993418629034,3.48612007746934,1735947.1645,501434.79949999996
5,0.272,0.0,0.0,0.0,0.18744,0.02067,4.12527,953088.0000000001,5923.6,5232187,116803.11598973286,60.0,30,374.9476726831741,-498719290.4464377,498836093.56242746,39.97020950119198,60.0,pennsylvania,2070,2010,8,gas_cc_wo_ccs,400.0,-0.00398993418629034,3.48612007746934,1779947.1645,495434.79949999996
5,0.272,0.0,0.0,0.0,0.18744,0.02067,4.12527,953088.0000000001,5923.6,5274353,146386.8993249886,60.0,30,374.9476726831741,-498689706.66310245,498836093.56242746,39.97020950119198,60.0,pennsylvania,2070,2010,8,gas_cc_wo_ccs,400.0,-0.00398993418629034,3.48612007746934,1708947.1645,486434.79949999996
5,0.272,0.0,0.0,0.0,0.18744,0.02067,4.12527,953088.0000000001,5923.6,5307206,179087.5455473516,60.0,30,374.9476726831741,-498657006.0168801,498836093.56242746,39.97020950119198,60.0,pennsylvania,2070,2010,8,gas_cc_wo_ccs,400.0,-0.00398993418629034,3.48612007746934,1710947.1645,479434.79949999996
5,0.272,0.0,0.0,0.0,0.18744,0.02067,4.12527,953088.0000000001,5923.6,5335376,123121.29477746275,60.0,30,374.9476726831741,-498712972.26765,498836093.56242746,39.97020950119198,60.0,pennsylvania,2070,2010,8,gas_cc_wo_ccs,400.0,-0.00398993418629034,3.48612007746934,1722947.1645,473434.79949999996
5,0.272,0.0,0.0,0.0,0.18744,0.02067,4.12527,953088.0000000001,5923.6,5386971,143270.0364378813,60.0,30,374.9476726831741,-498692823.5259896,498836093.56242746,39.97020950119198,60.0,pennsylvania,2070,2010,8,gas_cc_wo_ccs,400.0,-0.00398993418629034,3.48612007746934,1694947.1645,462434.79949999996
5,0.272,0.0,0.0,0.0,0.18744,0.02067,4.12527,953088.0000000001,5923.6,5410465,182634.17787747647,60.0,30,374.9476726831741,-498653459.38455,498836093.56242746,39.97020950119198,60.0,pennsylvania,2070,2010,8,gas_cc_wo_ccs,400.0,-0.00398993418629034,3.48612007746934,1723947.1645,457434.79949999996
5,0.272,0.0,0.0,0.0,0.18744,0.02067,4.12527,953088.0000000001,5923.6,5419823,122508.55991867502,60.0,30,374.9476726831741,-498713585.00250876,498836093.56242746,39.97020950119198,60.0,pennsylvania,2070,2010,8,gas_cc_wo_ccs,400.0,-0.00398993418629034,3.48612007746934,1695947.1645,455434.79949999996
5,0.272,0.0,0.0,0.0,0.18744,0.02067,4.12527,953088.0000000001,5923.6,5447968,160180.77030698716,60.0,30,374.9476726831741,-498675912.79212046,498836093.56242746,39.97020950119198,60.0,pennsylvania,2070,2010,8,gas_cc_wo_ccs,400.0,-0.00398993418629034,3.48612007746934,1682947.1645,449434.79949999996
5,0.272,0.0,0.0,0.0,0.18744,0.02067,4.12527,953088.0000000001,5923.6,5527713,157005.47324373396,60.0,30,374.9476726831741,-498679088.08918375,498836093.56242746,39.97020950119198,60.0,pennsylvania,2070,2010,8,gas_cc_wo_ccs,400.0,-0.00398993418629034,3.48612007746934,1646947.1645,432434.79949999996
5,0.272,0.0,0.0,0.0,0.18744,0.02067,4.12527,953088.0000000001,5923.6,5527764,184011.55518867954,60.0,30,374.9476726831741,-498652082.0072388,498836093.56242746,39.97020950119198,60.0,pennsylvania,2070,2010,8,gas_cc_wo_ccs,400.0,-0.00398993418629034,3.48612007746934,1697947.1645,432434.79949999996
5,0.272,0.0,0.0,0.0,0.18744,0.02067,4.12527,953088.0000000001,5923.6,5537135,123121.29477746275,60.0,30,374.9476726831741,-498712972.26765,498836093.56242746,39.97020950119198,60.0,pennsylvania,2070,2010,8,gas_cc_wo_ccs,400.0,-0.00398993418629034,3.48612007746934,1682947.1645,430434.79949999996
5,0.272,0.0,0.0,0.0,0.18744,0.02067,4.12527,953088.0000000001,5923.6,5584037,119814.32250778568,60.0,30,374.9476726831741,-498716279.23991966,498836093.56242746,39.97020950119198,60.0,pennsylvania,2070,2010,8,gas_cc_wo_ccs,400.0,-0.00398993418629034,3.48612007746934,1654947.1645,420434.79949999996
5,0.41,0.0,0.0,0.0,0.18744,0.02067,4.12527,1436640.0,7337.6,5138304,50653.607153034805,60.0,30,333.78550287481244,-645710802.595513,645761456.202666,52.01903465357184,60.0,pennsylvania,2070,2010,9,gas_cc_w_ccs,400.0,-0.00398993418629034,7.00451904454487,1756947.1645,515434.79949999996
5,0.41,0.0,0.0,0.0,0.18744,0.02067,4.12527,1436640.0,7337.6,5194626,55061.51692003931,60.0,30,333.78550287481244,-645706394.685746,645761456.202666,52.01903465357184,60.0,pennsylvania,2070,2010,9,gas_cc_w_ccs,400.0,-0.00398993418629034,7.00451904454487,1762947.1645,503434.79949999996
5,0.41,0.0,0.0,0.0,0.18744,0.02067,4.12527,1436640.0,7337.6,5208687,100652.24016704946,60.0,30,333.78550287481244,-645660803.962499,645761456.202666,52.01903465357184,60.0,pennsylvania,2070,2010,9,gas_cc_w_ccs,400.0,-0.00398993418629034,7.00451904454487,1744947.1645,500434.79949999996
5,0.41,0.0,0.0,0.0,0.18744,0.02067,4.12527,1436640.0,7337.6,5208697,35817.509109470324,60.0,30,333.78550287481244,-645725638.6935565,645761456.202666,52.01903465357184,60.0,pennsylvania,2070,2010,9,gas_cc_w_ccs,400.0,-0.00398993418629034,7.00451904454487,1754947.1645,500434.79949999996
5,0.41,0.0,0.0,0.0,0.18744,0.02067,4.12527,1436640.0,7337.6,5232143,0.0,60.0,30,333.78550287481244,-645761456.202666,645761456.202666,52.01903465357184,60.0,pennsylvania,2070,2010,9,gas_cc_w_ccs,400.0,-0.00398993418629034,7.00451904454487,1735947.1645,495434.79949999996
5,0.41,0.0,0.0,0.0,0.18744,0.02067,4.12527,1436640.0,7337.6,5246215,55061.51692003931,60.0,30,333.78550287481244,-645706394.685746,645761456.202666,52.01903465357184,60.0,pennsylvania,2070,2010,9,gas_cc_w_ccs,400.0,-0.00398993418629034,7.00451904454487,1728947.1645,492434.79949999996
5,0.41,0.0,0.0,0.0,0.18744,0.02067,4.12527,1436640.0,7337.6,5246244,71635.01821894065,60.0,30,333.78550287481244,-645689821.184447,645761456.202666,52.01903465357184,60.0,pennsylvania,2070,2010,9,gas_cc_w_ccs,400.0,-0.00398993418629034,7.00451904454487,1757947.1645,492434.79949999996
5,0.41,0.0,0.0,0.0,0.18744,0.02067,4.12527,1436640.0,7337.6,5260268,0.0,60.0,30,333.78550287481244,-645761456.202666,645761456.202666,52.01903465357184,60.0,pennsylvania,2070,2010,9,gas_cc_w_ccs,400.0,-0.00398993418629034,7.00451904454487,1702947.1645,489434.79949999996
5,0.41,0.0,0.0,0.0,0.18744,0.02067,4.12527,1436640.0,7337.6,5279080,35817.509109470324,60.0,30,333.78550287481244,-645725638.6935565,645761456.202666,52.01903465357184,60.0,pennsylvania,2070,2010,9,gas_cc_w_ccs,400.0,-0.00398993418629034,7.00451904454487,1742947.1645,485434.79949999996
5,0.41,0.0,0.0,0.0,0.18744,0.02067,4.12527,1436640.0,7337.6,5302525,50653.607153034805,60.0,30,333.78550287481244,-645710802.595513,645761456.202666,52.01903465357184,60.0,pennsylvania,2070,2010,9,gas_cc_w_ccs,400.0,-0.00398993418629034,7.00451904454487,1722947.1645,480434.79949999996
5,0.41,0.0,0.0,0.0,0.18744,0.02067,4.12527,1436640.0,7337.6,5311921,0.0,60.0,30,333.78550287481244,-645761456.202666,645761456.202666,52.01903465357184,60.0,pennsylvania,2070,2010,9,gas_cc_w_ccs,400.0,-0.00398993418629034,7.00451904454487,1732947.1645,478434.79949999996
5,0.41,0.0,0.0,0.0,0.18744,0.02067,4.12527,1436640.0,7337.6,5316625,101307.21430606961,60.0,30,333.78550287481244,-645660148.9883599,645761456.202666,52.01903465357184,60.0,pennsylvania,2070,2010,9,gas_cc_w_ccs,400.0,-0.00398993418629034,7.00451904454487,1743947.1645,477434.79949999996
5,0.41,0.0,0.0,0.0,0.18744,0.02067,4.12527,1436640.0,7337.6,5325970,71635.01821894065,60.0,30,333.78550287481244,-645689821.184447,645761456.202666,52.01903465357184,60.0,pennsylvania,2070,2010,9,gas_cc_w_ccs,400.0,-0.00398993418629034,7.00451904454487,1702947.1645,475434.79949999996
5,0.41,0.0,0.0,0.0,0.18744,0.02067,4.12527,1436640.0,7337.6,5340103,0.0,60.0,30,333.78550287481244,-645761456.202666,645761456.202666,52.01903465357184,60.0,pennsylvania,2070,2010,9,gas_cc_w_ccs,400.0,-0.00398993418629034,7.00451904454487,1756947.1645,472434.79949999996
5,0.41,0.0,0.0,0.0,0.18744,0.02067,4.12527,1436640.0,7337.6,5344750,101307.21430606961,60.0,30,333.78550287481244,-645660148.9883599,645761456.202666,52.01903465357184,60.0,pennsylvania,2070,2010,9,gas_cc_w_ccs,400.0,-0.00398993418629034,7.00451904454487,1710947.1645,471434.79949999996
5,0.41,0.0,0.0,0.0,0.18744,0.02067,4.12527,1436640.0,7337.6,5349449,0.0,60.0,30,333.78550287481244,-645761456.202666,645761456.202666,52.01903465357184,60.0,pennsylvania,2070,2010,9,gas_cc_w_ccs,400.0,-0.00398993418629034,7.00451904454487,1716947.1645,470434.79949999996
5,0.41,0.0,0.0,0.0,0.18744,0.02067,4.12527,1436640.0,7337.6,5382303,74751.88110604795,60.0,30,333.78550287481244,-645686704.32156,645761456.202666,52.01903465357184,60.0,pennsylvania,2070,2010,9,gas_cc_w_ccs,400.0,-0.00398993418629034,7.00451904454487,1719947.1645,463434.79949999996
5,0.41,0.0,0.0,0.0,0.18744,0.02067,4.12527,1436640.0,7337.6,5387029,50653.607153034805,60.0,30,333.78550287481244,-645710802.595513,645761456.202666,52.01903465357184,60.0,pennsylvania,2070,2010,9,gas_cc_w_ccs,400.0,-0.00398993418629034,7.00451904454487,1752947.1645,462434.79949999996
5,0.41,0.0,0.0,0.0,0.18744,0.02067,4.12527,1436640.0,7337.6,5391670,50653.607153034805,60.0,30,333.78550287481244,-645710802.595513,645761456.202666,52.01903465357184,60.0,pennsylvania,2070,2010,9,gas_cc_w_ccs,400.0,-0.00398993418629034,7.00451904454487,1700947.1645,461434.79949999996
5,0.41,0.0,0.0,0.0,0.18744,0.02067,4.12527,1436640.0,7337.6,5405779,35817.509109470324,60.0,30,333.78550287481244,-645725638.6935565,645761456.202666,52.01903465357184,60.0,pennsylvania,2070,2010,9,gas_cc_w_ccs,400.0,-0.00398993418629034,7.00451904454487,1730947.1645,458434.79949999996
5,0.41,0.0,0.0,0.0,0.18744,0.02067,4.12527,1436640.0,7337.6,5419814,50653.607153034805,60.0,30,333.78550287481244,-645710802.595513,645761456.202666,52.01903465357184,60.0,pennsylvania,2070,2010,9,gas_cc_w_ccs,400.0,-0.00398993418629034,7.00451904454487,1686947.1645,455434.79949999996
5,0.41,0.0,0.0,0.0,0.18744,0.02067,4.12527,1436640.0,7337.6,5424533,110123.03384007861,60.0,30,333.78550287481244,-645651333.168826,645761456.202666,52.01903465357184,60.0,pennsylvania,2070,2010,9,gas_cc_w_ccs,400.0,-0.00398993418629034,7.00451904454487,1712947.1645,454434.79949999996
5,0.41,0.0,0.0,0.0,0.18744,0.02067,4.12527,1436640.0,7337.6,5433943,55061.51692003931,60.0,30,333.78550287481244,-645706394.685746,645761456.202666,52.01903465357184,60.0,pennsylvania,2070,2010,9,gas_cc_w_ccs,400.0,-0.00398993418629034,7.00451904454487,1736947.1645,452434.79949999996
5,0.41,0.0,0.0,0.0,0.18744,0.02067,4.12527,1436640.0,7337.6,5438620,0.0,60.0,30,333.78550287481244,-645761456.202666,645761456.202666,52.01903465357184,60.0,pennsylvania,2070,2010,9,gas_cc_w_ccs,400.0,-0.00398993418629034,7.00451904454487,1720947.1645,451434.79949999996
5,0.41,0.0,0.0,0.0,0.18744,0.02067,4.12527,1436640.0,7337.6,5457402,0.0,60.0,30,333.78550287481244,-645761456.202666,645761456.202666,52.01903465357184,60.0,pennsylvania,2070,2010,9,gas_cc_w_ccs,400.0,-0.00398993418629034,7.00451904454487,1730947.1645,447434.79949999996
5,0.41,0.0,0.0,0.0,0.18744,0.02067,4.12527,1436640.0,7337.6,5466763,50653.607153034805,60.0,30,333.78550287481244,-645710802.595513,645761456.202666,52.01903465357184,60.0,pennsylvania,2070,2010,9,gas_cc_w_ccs,400.0,-0.00398993418629034,7.00451904454487,1705947.1645,445434.79949999996
5,0.41,0.0,0.0,0.0,0.18744,0.02067,4.12527,1436640.0,7337.6,5499600,35817.509109470324,60.0,30,333.78550287481244,-645725638.6935565,645761456.202666,52.01903465357184,60.0,pennsylvania,2070,2010,9,gas_cc_w_ccs,400.0,-0.00398993418629034,7.00451904454487,1691947.1645,438434.79949999996
5,0.9,0.0,0.0,0.0,0.0,0.04639,0.71281,10643400.0,10246.2,4837777,0.0,60.0,29,158.8847124394816,-4589123779.375951,4589123779.375951,23.034078534539436,60.0,pennsylvania,2070,2010,13,nuclear_gen_ii,1350.0,-0.00104311614063357,2.19496449322143,1581947.1645,579434.7995
5,0.9,0.0,0.0,0.0,0.0,0.04639,0.71281,10643400.0,10246.2,5011448,0.0,60.0,29,158.8847124394816,-4589123779.375951,4589123779.375951,23.034078534539436,60.0,pennsylvania,2070,2010,13,nuclear_gen_ii,1350.0,-0.00104311614063357,2.19496449322143,1611947.1645,542434.7995
5,0.9,0.0,0.0,0.0,0.0,0.04639,0.71281,10643400.0,10246.2,5386745,0.0,60.0,29,158.8847124394816,-4589123779.375951,4589123779.375951,23.034078534539436,60.0,pennsylvania,2070,2010,13,nuclear_gen_ii,1350.0,-0.00104311614063357,2.19496449322143,1468947.1645,462434.79949999996
5,0.9,0.0,0.0,0.0,0.0,0.04639,0.71281,10643400.0,10246.2,5414734,0.0,60.0,1,181.53521017212037,-5278296153.154494,5278296153.154494,23.034078534539436,60.0,pennsylvania,2070,2010,13,nuclear_gen_ii,1350.0,-0.00104311614063357,2.19496449322143,1299947.1645,456434.79949999996
5,0.9,0.0,0.0,0.0,0.0,0.04639,0.71281,10643400.0,10246.2,5532415,80090.38515349358,60.0,30,208.871143162442,-6109949212.776214,6110029303.161367,23.034078534539436,60.0,pennsylvania,2070,2010,13,nuclear_gen_ii,1350.0,-0.00104311614063357,2.19496449322143,1655947.1645,431434.79949999996
5,0.9,0.0,0.0,0.0,0.0,0.04639,0.71281,10643400.0,10246.2,5569747,0.0,60.0,29,158.8847124394816,-4589123779.375951,4589123779.375951,23.034078534539436,60.0,pennsylvania,2070,2010,13,nuclear_gen_ii,1350.0,-0.00104311614063357,2.19496449322143,1443947.1645,423434.79949999996
5,0.9,0.0,0.0,0.0,0.0,0.04639,0.71281,10643400.0,10246.2,5569964,0.0,60.0,30,208.871143162442,-6110029303.161367,6110029303.161367,23.034078534539436,60.0,pennsylvania,2070,2010,13,nuclear_gen_ii,1350.0,-0.00104311614063357,2.19496449322143,1660947.1645,423434.79949999996
5,0.115,0.0,0.0,0.0,0.25872,0.62952,14.83141,402960.0,9399.4,5283747,0.0,60.0,30,485.5171880213546,-5.868915396402462e+18,5.868915396402462e+18,5866286794497.894,60.0,pennsylvania,2070,2010,15,oil_ct_wo_ccs,400.0,-0.00398993418629034,10.0064557779212,1716947.1645,484434.79949999996
5,0.115,0.0,0.0,0.0,0.25872,0.62952,14.83141,402960.0,9399.4,5396404,0.0,60.0,30,485.5171880213546,-5.868915396402462e+18,5.868915396402462e+18,5866286794497.894,60.0,pennsylvania,2070,2010,15,oil_ct_wo_ccs,400.0,-0.00398993418629034,10.0064557779212,1741947.1645,460434.79949999996
5,0.464,0.0,0.0,0.0,0.0,0.0,0.0,325171.2,3412.0,4607915,0.0,30.0,29,270.4573697929171,-87944947.48440655,87944947.48440655,0.0,30.0,pennsylvania,2040,2010,18,wind_onshore,80.0,-0.00249607760279447,0.0,1676947.1645,628434.7995
5,0.464,0.0,0.0,0.0,0.0,0.0,0.0,325171.2,3412.0,4692385,0.0,30.0,29,270.4573697929171,-87944947.48440655,87944947.48440655,0.0,30.0,pennsylvania,2040,2010,18,wind_onshore,80.0,-0.00249607760279447,0.0,1672947.1645,610434.7995
5,0.464,0.0,0.0,0.0,0.0,0.0,0.0,325171.2,3412.0,5335122,0.0,30.0,29,270.4573697929171,-87944947.48440655,87944947.48440655,0.0,30.0,pennsylvania,2040,2010,18,wind_onshore,80.0,-0.00249607760279447,0.0,1468947.1645,473434.79949999996
5,0.464,0.0,0.0,0.0,0.0,0.0,0.0,325171.2,3412.0,5400814,0.0,30.0,29,270.4573697929171,-87944947.48440655,87944947.48440655,0.0,30.0,pennsylvania,2040,2010,18,wind_onshore,80.0,-0.00249607760279447,0.0,1458947.1645,459434.79949999996
5,0.464,0.0,0.0,0.0,0.0,0.0,0.0,325171.2,3412.0,5424250,0.0,30.0,29,270.4573697929171,-87944947.48440655,87944947.48440655,0.0,30.0,pennsylvania,2040,2010,18,wind_onshore,80.0,-0.00249607760279447,0.0,1429947.1645,454434.79949999996
5,0.272,0.0,0.0,0.0,0.18744,0.02067,4.12527,953088.0000000001,5923.6,4073248,56481.01328568482,60.0,19,328.2014432392947,-431838244.82728314,431894725.84056884,39.97020950119198,60.0,rhode_island,2070,2010,8,gas_cc_wo_ccs,400.0,-0.00398993418629034,3.48612007746934,2011947.1645,742434.7995
5,0.41,0.0,0.0,0.0,0.18744,0.02067,4.12527,1436640.0,7337.6,3998139,55061.51692003931,60.0,19,287.38301491915075,-545544111.7794447,545599173.2963648,52.01903465357184,60.0,rhode_island,2070,2010,9,gas_cc_w_ccs,400.0,-0.00398993418629034,7.00451904454487,1990947.1645,758434.7995
5,0.41,0.0,0.0,0.0,0.18744,0.02067,4.12527,1436640.0,7337.6,4030993,0.0,60.0,19,287.38301491915075,-545599173.2963648,545599173.2963648,52.01903465357184,60.0,rhode_island,2070,2010,9,gas_cc_w_ccs,400.0,-0.00398993418629034,7.00451904454487,1993947.1645,751434.7995
5,0.41,0.0,0.0,0.0,0.18744,0.02067,4.12527,1436640.0,7337.6,4068540,55061.51692003931,60.0,19,287.38301491915075,-545544111.7794447,545599173.2963648,52.01903465357184,60.0,rhode_island,2070,2010,9,gas_cc_w_ccs,400.0,-0.00398993418629034,7.00451904454487,1996947.1645,743434.7995
5,0.41,0.0,0.0,0.0,0.18744,0.02067,4.12527,1436640.0,7337.6,4129581,0.0,60.0,19,287.38301491915075,-545599173.2963648,545599173.2963648,52.01903465357184,60.0,rhode_island,2070,2010,9,gas_cc_w_ccs,400.0,-0.00398993418629034,7.00451904454487,2028947.1645,730434.7995
5,0.609,0.0,0.0,0.0,0.3036,0.0,0.0,426787.2,12827.1,9220815,0.0,60.0,37,79.18958564864077,-29810338.85377011,29810338.85377011,9.341336090617133,60.0,south_carolina,2070,2010,0,biomass_conv_wo_ccs,80.0,-0.00398993418629034,10.0064557779212,1357947.1645,-354565.20050000004
5,0.733,0.0,0.0,0.0,0.36036,0.09122,2.39413,3852648.0,8594.5,8361937,0.0,60.0,37,93.32705964023516,-3544082013.310566,3544082013.310566,264.9743317533887,60.0,south_carolina,2070,2010,4,coal_conv_pul_wo_ccs,600.0,-0.00398993418629034,4.0025823111685,1298947.1645,-171565.20050000004
5,0.733,0.0,0.0,0.0,0.36036,0.09122,2.39413,3852648.0,8594.5,8521498,0.0,60.0,37,93.32705964023516,-3544082013.310566,3544082013.310566,264.9743317533887,60.0,south_carolina,2070,2010,4,coal_conv_pul_wo_ccs,600.0,-0.00398993418629034,4.0025823111685,1297947.1645,-205565.20050000004
5,0.733,0.0,0.0,0.0,0.36036,0.09122,2.39413,3852648.0,8594.5,8667194,0.0,60.0,37,93.32705964023516,-3544082013.310566,3544082013.310566,264.9743317533887,60.0,south_carolina,2070,2010,4,coal_conv_pul_wo_ccs,600.0,-0.00398993418629034,4.0025823111685,1510947.1645,-236565.20050000004
5,0.733,0.0,0.0,0.0,0.36036,0.09122,2.39413,3852648.0,8594.5,8822100,0.0,60.0,37,93.32705964023516,-3544082013.310566,3544082013.310566,264.9743317533887,60.0,south_carolina,2070,2010,4,coal_conv_pul_wo_ccs,600.0,-0.00398993418629034,4.0025823111685,1547947.1645,-269565.20050000004
5,0.733,0.0,0.0,0.0,0.36036,0.09122,2.39413,3852648.0,8594.5,8831513,0.0,60.0,37,93.32705964023516,-3544082013.310566,3544082013.310566,264.9743317533887,60.0,south_carolina,2070,2010,4,coal_conv_pul_wo_ccs,600.0,-0.00398993418629034,4.0025823111685,1574947.1645,-271565.20050000004
5,0.733,0.0,0.0,0.0,0.36036,0.09122,2.39413,3852648.0,8594.5,8868743,0.0,60.0,37,93.32705964023516,-3544082013.310566,3544082013.310566,264.9743317533887,60.0,south_carolina,2070,2010,4,coal_conv_pul_wo_ccs,600.0,-0.00398993418629034,4.0025823111685,1260947.1645,-279565.20050000004
5,0.733,0.0,0.0,0.0,0.36036,0.09122,2.39413,3852648.0,8594.5,8901758,0.0,60.0,37,93.32705964023516,-3544082013.310566,3544082013.310566,264.9743317533887,60.0,south_carolina,2070,2010,4,coal_conv_pul_wo_ccs,600.0,-0.00398993418629034,4.0025823111685,1424947.1645,-286565.20050000004
5,0.733,0.0,0.0,0.0,0.36036,0.09122,2.39413,3852648.0,8594.5,9127069,0.0,60.0,37,93.32705964023516,-3544082013.310566,3544082013.310566,264.9743317533887,60.0,south_carolina,2070,2010,4,coal_conv_pul_wo_ccs,600.0,-0.00398993418629034,4.0025823111685,1471947.1645,-334565.20050000004
5,0.733,0.0,0.0,0.0,0.36036,0.09122,2.39413,3852648.0,8594.5,9422675,0.0,60.0,37,93.32705964023516,-3544082013.310566,3544082013.310566,264.9743317533887,60.0,south_carolina,2070,2010,4,coal_conv_pul_wo_ccs,600.0,-0.00398993418629034,4.0025823111685,1418947.1645,-397565.20050000004
5,0.272,0.0,0.0,0.0,0.18744,0.02067,4.12527,953088.0000000001,5923.6,8765449,0.0,60.0,37,276.24721015602256,-357495411.4379001,357495411.4379001,39.97020950119198,60.0,south_carolina,2070,2010,8,gas_cc_wo_ccs,400.0,-0.00398993418629034,3.48612007746934,1212947.1645,-257565.20050000004
5,0.272,0.0,0.0,0.0,0.18744,0.02067,4.12527,953088.0000000001,5923.6,9131613,0.0,60.0,37,276.24721015602256,-357495411.4379001,357495411.4379001,39.97020950119198,60.0,south_carolina,2070,2010,8,gas_cc_wo_ccs,400.0,-0.00398993418629034,3.48612007746934,1322947.1645,-335565.20050000004
5,0.272,0.0,0.0,0.0,0.18744,0.02067,4.12527,953088.0000000001,5923.6,9173857,0.0,60.0,37,276.24721015602256,-357495411.4379001,357495411.4379001,39.97020950119198,60.0,south_carolina,2070,2010,8,gas_cc_wo_ccs,400.0,-0.00398993418629034,3.48612007746934,1329947.1645,-344565.20050000004
5,0.272,0.0,0.0,0.0,0.18744,0.02067,4.12527,953088.0000000001,5923.6,9324161,0.0,60.0,37,276.24721015602256,-357495411.4379001,357495411.4379001,39.97020950119198,60.0,south_carolina,2070,2010,8,gas_cc_wo_ccs,400.0,-0.00398993418629034,3.48612007746934,1457947.1645,-376565.20050000004
5,0.272,0.0,0.0,0.0,0.18744,0.02067,4.12527,953088.0000000001,5923.6,9647940,0.0,60.0,37,276.24721015602256,-357495411.4379001,357495411.4379001,39.97020950119198,60.0,south_carolina,2070,2010,8,gas_cc_wo_ccs,400.0,-0.00398993418629034,3.48612007746934,1419947.1645,-445565.20050000004
5,0.41,0.0,0.0,0.0,0.18744,0.02067,4.12527,1436640.0,7337.6,8380741,0.0,60.0,37,237.13324259671697,-437132318.7573133,437132318.7573133,52.01903465357184,60.0,south_carolina,2070,2010,9,gas_cc_w_ccs,400.0,-0.00398993418629034,7.00451904454487,1330947.1645,-175565.20050000004
5,0.41,0.0,0.0,0.0,0.18744,0.02067,4.12527,1436640.0,7337.6,8605921,0.0,60.0,37,237.13324259671697,-437132318.7573133,437132318.7573133,52.01903465357184,60.0,south_carolina,2070,2010,9,gas_cc_w_ccs,400.0,-0.00398993418629034,7.00451904454487,1246947.1645,-223565.20050000004
5,0.41,0.0,0.0,0.0,0.18744,0.02067,4.12527,1436640.0,7337.6,8761034,0.0,60.0,37,237.13324259671697,-437132318.7573133,437132318.7573133,52.01903465357184,60.0,south_carolina,2070,2010,9,gas_cc_w_ccs,400.0,-0.00398993418629034,7.00451904454487,1490947.1645,-256565.20050000004
5,0.41,0.0,0.0,0.0,0.18744,0.02067,4.12527,1436640.0,7337.6,8836002,0.0,60.0,37,237.13324259671697,-437132318.7573133,437132318.7573133,52.01903465357184,60.0,south_carolina,2070,2010,9,gas_cc_w_ccs,400.0,-0.00398993418629034,7.00451904454487,1370947.1645,-272565.20050000004
5,0.41,0.0,0.0,0.0,0.18744,0.02067,4.12527,1436640.0,7337.6,8873525,0.0,60.0,37,237.13324259671697,-437132318.7573133,437132318.7573133,52.01903465357184,60.0,south_carolina,2070,2010,9,gas_cc_w_ccs,400.0,-0.00398993418629034,7.00451904454487,1349947.1645,-280565.20050000004
5,0.41,0.0,0.0,0.0,0.18744,0.02067,4.12527,1436640.0,7337.6,9070795,0.0,60.0,37,237.13324259671697,-437132318.7573133,437132318.7573133,52.01903465357184,60.0,south_carolina,2070,2010,9,gas_cc_w_ccs,400.0,-0.00398993418629034,7.00451904454487,1513947.1645,-322565.20050000004
5,0.41,0.0,0.0,0.0,0.18744,0.02067,4.12527,1436640.0,7337.6,9173833,0.0,60.0,37,237.13324259671697,-437132318.7573133,437132318.7573133,52.01903465357184,60.0,south_carolina,2070,2010,9,gas_cc_w_ccs,400.0,-0.00398993418629034,7.00451904454487,1305947.1645,-344565.20050000004
5,0.41,0.0,0.0,0.0,0.18744,0.02067,4.12527,1436640.0,7337.6,9216197,0.0,60.0,37,237.13324259671697,-437132318.7573133,437132318.7573133,52.01903465357184,60.0,south_carolina,2070,2010,9,gas_cc_w_ccs,400.0,-0.00398993418629034,7.00451904454487,1432947.1645,-353565.20050000004
5,0.41,0.0,0.0,0.0,0.18744,0.02067,4.12527,1436640.0,7337.6,9676101,0.0,60.0,37,237.13324259671697,-437132318.7573133,437132318.7573133,52.01903465357184,60.0,south_carolina,2070,2010,9,gas_cc_w_ccs,400.0,-0.00398993418629034,7.00451904454487,1422947.1645,-451565.20050000004
5,0.9,0.0,0.0,0.0,0.0,0.04639,0.71281,10643400.0,10246.2,8357218,0.0,60.0,37,114.2953078141561,-3232430156.404181,3232430156.404181,23.034078534539436,60.0,south_carolina,2070,2010,13,nuclear_gen_ii,1350.0,-0.00104311614063357,2.19496449322143,1272947.1645,-170565.20050000004
5,0.9,0.0,0.0,0.0,0.0,0.04639,0.71281,10643400.0,10246.2,8709247,0.0,60.0,37,114.2953078141561,-3232430156.404181,3232430156.404181,23.034078534539436,60.0,south_carolina,2070,2010,13,nuclear_gen_ii,1350.0,-0.00104311614063357,2.19496449322143,1326947.1645,-245565.20050000004
5,0.9,0.0,0.0,0.0,0.0,0.04639,0.71281,10643400.0,10246.2,8812467,0.0,60.0,37,114.2953078141561,-3232430156.404181,3232430156.404181,23.034078534539436,60.0,south_carolina,2070,2010,13,nuclear_gen_ii,1350.0,-0.00104311614063357,2.19496449322143,1300947.1645,-267565.20050000004
5,0.9,0.0,0.0,0.0,0.0,0.04639,0.71281,10643400.0,10246.2,9239608,0.0,60.0,37,114.2953078141561,-3232430156.404181,3232430156.404181,23.034078534539436,60.0,south_carolina,2070,2010,13,nuclear_gen_ii,1350.0,-0.00104311614063357,2.19496449322143,1378947.1645,-358565.20050000004
5,0.9,0.0,0.0,0.0,0.0,0.04639,0.71281,10643400.0,10246.2,9309963,0.0,60.0,37,114.2953078141561,-3232430156.404181,3232430156.404181,23.034078534539436,60.0,south_carolina,2070,2010,13,nuclear_gen_ii,1350.0,-0.00104311614063357,2.19496449322143,1338947.1645,-373565.20050000004
5,0.733,0.0,0.0,0.0,0.36036,0.09122,2.39413,3852648.0,8594.5,4577932,0.0,60.0,38,136.9188151864682,-5676298805.6303,5676298805.6303,264.9743317533887,60.0,south_dakota,2070,2010,4,coal_conv_pul_wo_ccs,600.0,-0.00398993418629034,4.0025823111685,-148052.83550000004,634434.7995
5,0.464,0.0,0.0,0.0,0.0,0.0,0.0,325171.2,3412.0,3545002,0.0,30.0,53,297.67896777466274,-96796627.16604832,96796627.16604832,0.0,30.0,south_dakota,2040,2010,18,wind_onshore,80.0,-0.00249607760279447,0.0,-618052.8355,854434.7995
5,0.464,0.0,0.0,0.0,0.0,0.0,0.0,325171.2,3412.0,3671710,0.0,30.0,53,297.67896777466274,-96796627.16604832,96796627.16604832,0.0,30.0,south_dakota,2040,2010,18,wind_onshore,80.0,-0.00249607760279447,0.0,-621052.8355,827434.7995
5,0.464,0.0,0.0,0.0,0.0,0.0,0.0,325171.2,3412.0,3742101,0.0,30.0,53,297.67896777466274,-96796627.16604832,96796627.16604832,0.0,30.0,south_dakota,2040,2010,18,wind_onshore,80.0,-0.00249607760279447,0.0,-625052.8355,812434.7995
5,0.464,0.0,0.0,0.0,0.0,0.0,0.0,325171.2,3412.0,4019039,0.0,30.0,53,297.67896777466274,-96796627.16604832,96796627.16604832,0.0,30.0,south_dakota,2040,2010,18,wind_onshore,80.0,-0.00249607760279447,0.0,-574052.8355,753434.7995
5,0.733,0.0,0.0,0.0,0.36036,0.09122,2.39413,3852648.0,8594.5,7737693,0.0,60.0,3,148.0039309048965,-6218508440.99523,6218508440.99523,264.9743317533887,60.0,tennessee,2070,2010,4,coal_conv_pul_wo_ccs,600.0,-0.00398993418629034,4.0025823111685,1223947.1645,-38565.200500000035
5,0.733,0.0,0.0,0.0,0.36036,0.09122,2.39413,3852648.0,8594.5,7840733,0.0,60.0,3,148.0039309048965,-6218508440.99523,6218508440.99523,264.9743317533887,60.0,tennessee,2070,2010,4,coal_conv_pul_wo_ccs,600.0,-0.00398993418629034,4.0025823111685,1017947.1645,-60565.200500000035
5,0.733,0.0,0.0,0.0,0.36036,0.09122,2.39413,3852648.0,8594.5,8051588,0.0,60.0,3,148.0039309048965,-6218508440.99523,6218508440.99523,264.9743317533887,60.0,tennessee,2070,2010,4,coal_conv_pul_wo_ccs,600.0,-0.00398993418629034,4.0025823111685,687947.1645,-105565.20050000004
5,0.733,0.0,0.0,0.0,0.36036,0.09122,2.39413,3852648.0,8594.5,8300672,0.0,60.0,3,148.0039309048965,-6218508440.99523,6218508440.99523,264.9743317533887,60.0,tennessee,2070,2010,4,coal_conv_pul_wo_ccs,600.0,-0.00398993418629034,4.0025823111685,1042947.1645,-158565.20050000004
5,0.733,0.0,0.0,0.0,0.36036,0.09122,2.39413,3852648.0,8594.5,8314615,0.0,60.0,3,148.0039309048965,-6218508440.99523,6218508440.99523,264.9743317533887,60.0,tennessee,2070,2010,4,coal_conv_pul_wo_ccs,600.0,-0.00398993418629034,4.0025823111685,906947.1645,-161565.20050000004
5,0.733,0.0,0.0,0.0,0.36036,0.09122,2.39413,3852648.0,8594.5,8361438,0.0,60.0,3,148.0039309048965,-6218508440.99523,6218508440.99523,264.9743317533887,60.0,tennessee,2070,2010,4,coal_conv_pul_wo_ccs,600.0,-0.00398993418629034,4.0025823111685,799947.1645,-171565.20050000004
5,0.733,0.0,0.0,0.0,0.36036,0.09122,2.39413,3852648.0,8594.5,8422573,0.0,60.0,3,148.0039309048965,-6218508440.99523,6218508440.99523,264.9743317533887,60.0,tennessee,2070,2010,4,coal_conv_pul_wo_ccs,600.0,-0.00398993418629034,4.0025823111685,925947.1645,-184565.20050000004
5,0.733,0.0,0.0,0.0,0.36036,0.09122,2.39413,3852648.0,8594.5,8431858,0.0,60.0,3,148.0039309048965,-6218508440.99523,6218508440.99523,264.9743317533887,60.0,tennessee,2070,2010,4,coal_conv_pul_wo_ccs,600.0,-0.00398993418629034,4.0025823111685,824947.1645,-186565.20050000004
5,0.733,0.0,0.0,0.0,0.36036,0.09122,2.39413,3852648.0,8594.5,8516149,0.0,60.0,3,148.0039309048965,-6218508440.99523,6218508440.99523,264.9743317533887,60.0,tennessee,2070,2010,4,coal_conv_pul_wo_ccs,600.0,-0.00398993418629034,4.0025823111685,641947.1645,-204565.20050000004
5,0.733,0.0,0.0,0.0,0.36036,0.09122,2.39413,3852648.0,8594.5,8582019,0.0,60.0,3,148.0039309048965,-6218508440.99523,6218508440.99523,264.9743317533887,60.0,tennessee,2070,2010,4,coal_conv_pul_wo_ccs,600.0,-0.00398993418629034,4.0025823111685,809947.1645,-218565.20050000004
5,0.733,0.0,0.0,0.0,0.36036,0.09122,2.39413,3852648.0,8594.5,8624075,0.0,60.0,3,148.0039309048965,-6218508440.99523,6218508440.99523,264.9743317533887,60.0,tennessee,2070,2010,4,coal_conv_pul_wo_ccs,600.0,-0.00398993418629034,4.0025823111685,628947.1645,-227565.20050000004
5,0.272,0.0,0.0,0.0,0.18744,0.02067,4.12527,953088.0000000001,5923.6,7625051,35817.509109470324,60.0,1,343.8361741094851,-454248099.52109754,454283917.03020704,39.97020950119198,60.0,tennessee,2070,2010,8,gas_cc_wo_ccs,400.0,-0.00398993418629034,3.48612007746934,1213947.1645,-14565.200500000035
5,0.41,0.0,0.0,0.0,0.18744,0.02067,4.12527,1436640.0,7337.6,7667278,35817.509109470324,60.0,1,303.8308074778564,-581066806.6587559,581102624.1678654,52.01903465357184,60.0,tennessee,2070,2010,9,gas_cc_w_ccs,400.0,-0.00398993418629034,7.00451904454487,1203947.1645,-23565.200500000035
5,0.41,0.0,0.0,0.0,0.18744,0.02067,4.12527,1436640.0,7337.6,7704805,0.0,60.0,1,303.8308074778564,-581102624.1678654,581102624.1678654,52.01903465357184,60.0,tennessee,2070,2010,9,gas_cc_w_ccs,400.0,-0.00398993418629034,7.00451904454487,1186947.1645,-31565.200500000035
5,0.9,0.0,0.0,0.0,0.0,0.04639,0.71281,10643400.0,10246.2,8169265,0.0,60.0,3,168.9274543950343,-4894687939.3537855,4894687939.3537855,23.034078534539436,60.0,tennessee,2070,2010,13,nuclear_gen_ii,1350.0,-0.00104311614063357,2.19496449322143,1039947.1645,-130565.20050000004
5,0.9,0.0,0.0,0.0,0.0,0.04639,0.71281,10643400.0,10246.2,8455392,0.0,60.0,3,168.9274543950343,-4894687939.3537855,4894687939.3537855,23.034078534539436,60.0,tennessee,2070,2010,13,nuclear_gen_ii,1350.0,-0.00104311614063357,2.19496449322143,893947.1645,-191565.20050000004
5,0.115,0.0,0.0,0.0,0.25872,0.62952,14.83141,402960.0,9399.4,7671957,0.0,60.0,1,451.21673340006663,-5.287291109861393e+18,5.287291109861393e+18,5866286794497.894,60.0,tennessee,2070,2010,15,oil_ct_wo_ccs,400.0,-0.00398993418629034,10.0064557779212,1189947.1645,-24565.200500000035
5,0.733,0.0,0.0,0.0,0.36036,0.09122,2.39413,3852648.0,8594.5,9242608,0.0,60.0,41,178.6347765145616,-7716764305.056777,7716764305.056777,264.9743317533887,60.0,texas,2070,2010,4,coal_conv_pul_wo_ccs,600.0,-0.00398993418629034,4.0025823111685,-314052.83550000004,-359565.20050000004
5,0.733,0.0,0.0,0.0,0.36036,0.09122,2.39413,3852648.0,8594.5,9402250,0.0,60.0,41,178.6347765145616,-7716764305.056777,7716764305.056777,264.9743317533887,60.0,texas,2070,2010,4,coal_conv_pul_wo_ccs,600.0,-0.00398993418629034,4.0025823111685,-234052.83550000004,-393565.20050000004
5,0.733,0.0,0.0,0.0,0.36036,0.09122,2.39413,3852648.0,8594.5,9458621,0.0,60.0,41,178.6347765145616,-7716764305.056777,7716764305.056777,264.9743317533887,60.0,texas,2070,2010,4,coal_conv_pul_wo_ccs,600.0,-0.00398993418629034,4.0025823111685,-179052.83550000004,-405565.20050000004
5,0.733,0.0,0.0,0.0,0.36036,0.09122,2.39413,3852648.0,8594.5,9585210,0.0,60.0,41,178.6347765145616,-7716764305.056777,7716764305.056777,264.9743317533887,60.0,texas,2070,2010,4,coal_conv_pul_wo_ccs,600.0,-0.00398993418629034,4.0025823111685,-301052.83550000004,-432565.20050000004
5,0.733,0.0,0.0,0.0,0.36036,0.09122,2.39413,3852648.0,8594.5,9585549,0.0,60.0,41,178.6347765145616,-7716764305.056777,7716764305.056777,264.9743317533887,60.0,texas,2070,2010,4,coal_conv_pul_wo_ccs,600.0,-0.00398993418629034,4.0025823111685,37947.164499999955,-432565.20050000004
5,0.733,0.0,0.0,0.0,0.36036,0.09122,2.39413,3852648.0,8594.5,9590170,0.0,60.0,41,178.6347765145616,-7716764305.056777,7716764305.056777,264.9743317533887,60.0,texas,2070,2010,4,coal_conv_pul_wo_ccs,600.0,-0.00398993418629034,4.0025823111685,-34052.835500000045,-433565.20050000004
5,0.733,0.0,0.0,0.0,0.36036,0.09122,2.39413,3852648.0,8594.5,9613649,0.0,60.0,41,178.6347765145616,-7716764305.056777,7716764305.056777,264.9743317533887,60.0,texas,2070,2010,4,coal_conv_pul_wo_ccs,600.0,-0.00398993418629034,4.0025823111685,-20052.835500000045,-438565.20050000004
5,0.733,0.0,0.0,0.0,0.36036,0.09122,2.39413,3852648.0,8594.5,9650880,0.0,60.0,41,178.6347765145616,-7716764305.056777,7716764305.056777,264.9743317533887,60.0,texas,2070,2010,4,coal_conv_pul_wo_ccs,600.0,-0.00398993418629034,4.0025823111685,-333052.83550000004,-446565.20050000004
5,0.733,0.0,0.0,0.0,0.36036,0.09122,2.39413,3852648.0,8594.5,10035732,0.0,60.0,41,178.6347765145616,-7716764305.056777,7716764305.056777,264.9743317533887,60.0,texas,2070,2010,4,coal_conv_pul_wo_ccs,600.0,-0.00398993418629034,4.0025823111685,-307052.83550000004,-528565.2005
5,0.733,0.0,0.0,0.0,0.36036,0.09122,2.39413,3852648.0,8594.5,10068936,0.0,60.0,41,178.6347765145616,-7716764305.056777,7716764305.056777,264.9743317533887,60.0,texas,2070,2010,4,coal_conv_pul_wo_ccs,600.0,-0.00398993418629034,4.0025823111685,45947.164499999955,-535565.2005
5,0.733,0.0,0.0,0.0,0.36036,0.09122,2.39413,3852648.0,8594.5,10303661,0.0,60.0,41,178.6347765145616,-7716764305.056777,7716764305.056777,264.9743317533887,60.0,texas,2070,2010,4,coal_conv_pul_wo_ccs,600.0,-0.00398993418629034,4.0025823111685,120947.16449999996,-585565.2005
5,0.733,0.0,0.0,0.0,0.36036,0.09122,2.39413,3852648.0,8594.5,10355034,0.0,60.0,41,178.6347765145616,-7716764305.056777,7716764305.056777,264.9743317533887,60.0,texas,2070,2010,4,coal_conv_pul_wo_ccs,600.0,-0.00398993418629034,4.0025823111685,-129052.83550000004,-596565.2005
5,0.733,0.0,0.0,0.0,0.36036,0.09122,2.39413,3852648.0,8594.5,10392305,0.0,60.0,41,178.6347765145616,-7716764305.056777,7716764305.056777,264.9743317533887,60.0,texas,2070,2010,4,coal_conv_pul_wo_ccs,600.0,-0.00398993418629034,4.0025823111685,-402052.83550000004,-604565.2005
5,0.733,0.0,0.0,0.0,0.36036,0.09122,2.39413,3852648.0,8594.5,10402051,0.0,60.0,41,178.6347765145616,-7716764305.056777,7716764305.056777,264.9743317533887,60.0,texas,2070,2010,4,coal_conv_pul_wo_ccs,600.0,-0.00398993418629034,4.0025823111685,-42052.835500000045,-606565.2005
5,0.733,0.0,0.0,0.0,0.36036,0.09122,2.39413,3852648.0,8594.5,10472583,0.0,60.0,41,178.6347765145616,-7716764305.056777,7716764305.056777,264.9743317533887,60.0,texas,2070,2010,4,coal_conv_pul_wo_ccs,600.0,-0.00398993418629034,4.0025823111685,94947.16449999996,-621565.2005
5,0.733,0.0,0.0,0.0,0.36036,0.09122,2.39413,3852648.0,8594.5,10538203,0.0,60.0,41,178.6347765145616,-7716764305.056777,7716764305.056777,264.9743317533887,60.0,texas,2070,2010,4,coal_conv_pul_wo_ccs,600.0,-0.00398993418629034,4.0025823111685,12947.164499999955,-635565.2005
5,0.733,0.0,0.0,0.0,0.36036,0.09122,2.39413,3852648.0,8594.5,10660117,0.0,60.0,41,178.6347765145616,-7716764305.056777,7716764305.056777,264.9743317533887,60.0,texas,2070,2010,4,coal_conv_pul_wo_ccs,600.0,-0.00398993418629034,4.0025823111685,-91052.83550000004,-661565.2005
5,0.733,0.0,0.0,0.0,0.36036,0.09122,2.39413,3852648.0,8594.5,10692943,0.0,60.0,41,178.6347765145616,-7716764305.056777,7716764305.056777,264.9743317533887,60.0,texas,2070,2010,4,coal_conv_pul_wo_ccs,600.0,-0.00398993418629034,4.0025823111685,-116052.83550000004,-668565.2005
5,0.733,0.0,0.0,0.0,0.36036,0.09122,2.39413,3852648.0,8594.5,10721124,0.0,60.0,41,178.6347765145616,-7716764305.056777,7716764305.056777,264.9743317533887,60.0,texas,2070,2010,4,coal_conv_pul_wo_ccs,600.0,-0.00398993418629034,4.0025823111685,-93052.83550000004,-674565.2005
5,0.733,0.0,0.0,0.0,0.36036,0.09122,2.39413,3852648.0,8594.5,10730470,0.0,60.0,41,178.6347765145616,-7716764305.056777,7716764305.056777,264.9743317533887,60.0,texas,2070,2010,4,coal_conv_pul_wo_ccs,600.0,-0.00398993418629034,4.0025823111685,-133052.83550000004,-676565.2005
5,0.733,0.0,0.0,0.0,0.36036,0.09122,2.39413,3852648.0,8594.5,10735232,0.0,60.0,41,178.6347765145616,-7716764305.056777,7716764305.056777,264.9743317533887,60.0,texas,2070,2010,4,coal_conv_pul_wo_ccs,600.0,-0.00398993418629034,4.0025823111685,-64052.835500000045,-677565.2005
5,0.733,0.0,0.0,0.0,0.36036,0.09122,2.39413,3852648.0,8594.5,11096700,0.0,60.0,41,178.6347765145616,-7716764305.056777,7716764305.056777,264.9743317533887,60.0,texas,2070,2010,4,coal_conv_pul_wo_ccs,600.0,-0.00398993418629034,4.0025823111685,42947.164499999955,-754565.2005
5,0.733,0.0,0.0,0.0,0.36036,0.09122,2.39413,3852648.0,8594.5,11171637,0.0,60.0,41,178.6347765145616,-7716764305.056777,7716764305.056777,264.9743317533887,60.0,texas,2070,2010,4,coal_conv_pul_wo_ccs,600.0,-0.00398993418629034,4.0025823111685,-108052.83550000004,-770565.2005
5,0.733,0.0,0.0,0.0,0.36036,0.09122,2.39413,3852648.0,8594.5,11392279,0.0,60.0,41,178.6347765145616,-7716764305.056777,7716764305.056777,264.9743317533887,60.0,texas,2070,2010,4,coal_conv_pul_wo_ccs,600.0,-0.00398993418629034,4.0025823111685,-37052.835500000045,-817565.2005
5,0.733,0.0,0.0,0.0,0.36036,0.09122,2.39413,3852648.0,8594.5,11472001,0.0,60.0,41,178.6347765145616,-7716764305.056777,7716764305.056777,264.9743317533887,60.0,texas,2070,2010,4,coal_conv_pul_wo_ccs,600.0,-0.00398993418629034,4.0025823111685,-96052.83550000004,-834565.2005
5,0.733,0.0,0.0,0.0,0.36036,0.09122,2.39413,3852648.0,8594.5,11509582,0.0,60.0,41,178.6347765145616,-7716764305.056777,7716764305.056777,264.9743317533887,60.0,texas,2070,2010,4,coal_conv_pul_wo_ccs,600.0,-0.00398993418629034,4.0025823111685,-59052.835500000045,-842565.2005
5,0.733,0.0,0.0,0.0,0.36036,0.09122,2.39413,3852648.0,8594.5,11528340,0.0,60.0,41,178.6347765145616,-7716764305.056777,7716764305.056777,264.9743317533887,60.0,texas,2070,2010,4,coal_conv_pul_wo_ccs,600.0,-0.00398993418629034,4.0025823111685,-73052.83550000004,-846565.2005
5,0.733,0.0,0.0,0.0,0.36036,0.09122,2.39413,3852648.0,8594.5,11692631,0.0,60.0,41,178.6347765145616,-7716764305.056777,7716764305.056777,264.9743317533887,60.0,texas,2070,2010,4,coal_conv_pul_wo_ccs,600.0,-0.00398993418629034,4.0025823111685,-37052.835500000045,-881565.2005
5,0.733,0.0,0.0,0.0,0.36036,0.09122,2.39413,3852648.0,8594.5,11706260,0.0,60.0,41,178.6347765145616,-7716764305.056777,7716764305.056777,264.9743317533887,60.0,texas,2070,2010,4,coal_conv_pul_wo_ccs,600.0,-0.00398993418629034,4.0025823111685,-487052.83550000004,-884565.2005
5,0.733,0.0,0.0,0.0,0.36036,0.09122,2.39413,3852648.0,8594.5,11725409,0.0,60.0,41,178.6347765145616,-7716764305.056777,7716764305.056777,264.9743317533887,60.0,texas,2070,2010,4,coal_conv_pul_wo_ccs,600.0,-0.00398993418629034,4.0025823111685,-110052.83550000004,-888565.2005
5,0.733,0.0,0.0,0.0,0.36036,0.09122,2.39413,3852648.0,8594.5,11730071,0.0,60.0,41,178.6347765145616,-7716764305.056777,7716764305.056777,264.9743317533887,60.0,texas,2070,2010,4,coal_conv_pul_wo_ccs,600.0,-0.00398993418629034,4.0025823111685,-141052.83550000004,-889565.2005
5,0.733,0.0,0.0,0.0,0.36036,0.09122,2.39413,3852648.0,8594.5,11772333,0.0,60.0,41,178.6347765145616,-7716764305.056777,7716764305.056777,264.9743317533887,60.0,texas,2070,2010,4,coal_conv_pul_wo_ccs,600.0,-0.00398993418629034,4.0025823111685,-116052.83550000004,-898565.2005
5,0.733,0.0,0.0,0.0,0.36036,0.09122,2.39413,3852648.0,8594.5,11838140,0.0,60.0,41,178.6347765145616,-7716764305.056777,7716764305.056777,264.9743317533887,60.0,texas,2070,2010,4,coal_conv_pul_wo_ccs,600.0,-0.00398993418629034,4.0025823111685,-11052.835500000045,-912565.2005
5,0.733,0.0,0.0,0.0,0.36036,0.09122,2.39413,3852648.0,8594.5,12025427,0.0,60.0,41,178.6347765145616,-7716764305.056777,7716764305.056777,264.9743317533887,60.0,texas,2070,2010,4,coal_conv_pul_wo_ccs,600.0,-0.00398993418629034,4.0025823111685,-444052.83550000004,-952565.2005
5,0.733,0.0,0.0,0.0,0.36036,0.09122,2.39413,3852648.0,8594.5,12123987,0.0,60.0,41,178.6347765145616,-7716764305.056777,7716764305.056777,264.9743317533887,60.0,texas,2070,2010,4,coal_conv_pul_wo_ccs,600.0,-0.00398993418629034,4.0025823111685,-437052.83550000004,-973565.2005
5,0.733,0.0,0.0,0.0,0.36036,0.09122,2.39413,3852648.0,8594.5,12133738,0.0,60.0,41,178.6347765145616,-7716764305.056777,7716764305.056777,264.9743317533887,60.0,texas,2070,2010,4,coal_conv_pul_wo_ccs,600.0,-0.00398993418629034,4.0025823111685,-72052.83550000004,-975565.2005
5,0.733,0.0,0.0,0.0,0.36036,0.09122,2.39413,3852648.0,8594.5,12185380,0.0,60.0,41,178.6347765145616,-7716764305.056777,7716764305.056777,264.9743317533887,60.0,texas,2070,2010,4,coal_conv_pul_wo_ccs,600.0,-0.00398993418629034,4.0025823111685,-53052.835500000045,-986565.2005
5,0.733,0.0,0.0,0.0,0.36036,0.09122,2.39413,3852648.0,8594.5,12208834,0.0,60.0,41,178.6347765145616,-7716764305.056777,7716764305.056777,264.9743317533887,60.0,texas,2070,2010,4,coal_conv_pul_wo_ccs,600.0,-0.00398993418629034,4.0025823111685,-64052.835500000045,-991565.2005
5,0.733,0.0,0.0,0.0,0.36036,0.09122,2.39413,3852648.0,8594.5,12269660,0.0,60.0,41,178.6347765145616,-7716764305.056777,7716764305.056777,264.9743317533887,60.0,texas,2070,2010,4,coal_conv_pul_wo_ccs,600.0,-0.00398993418629034,4.0025823111685,-247052.83550000004,-1004565.2005
5,0.272,0.0,0.0,0.0,0.18744,0.02067,4.12527,953088.0000000001,5923.6,9261389,0.0,60.0,41,361.9838702739668,-480271715.76185834,480271715.76185834,39.97020950119198,60.0,texas,2070,2010,8,gas_cc_wo_ccs,400.0,-0.00398993418629034,3.48612007746934,-305052.83550000004,-363565.20050000004
5,0.272,0.0,0.0,0.0,0.18744,0.02067,4.12527,953088.0000000001,5923.6,9796597,0.0,60.0,41,361.9838702739668,-480271715.76185834,480271715.76185834,39.97020950119198,60.0,texas,2070,2010,8,gas_cc_wo_ccs,400.0,-0.00398993418629034,3.48612007746934,-99052.83550000004,-477565.20050000004
5,0.272,0.0,0.0,0.0,0.18744,0.02067,4.12527,953088.0000000001,5923.6,9829440,0.0,60.0,41,361.9838702739668,-480271715.76185834,480271715.76185834,39.97020950119198,60.0,texas,2070,2010,8,gas_cc_wo_ccs,400.0,-0.00398993418629034,3.48612007746934,-107052.83550000004,-484565.20050000004
5,0.272,0.0,0.0,0.0,0.18744,0.02067,4.12527,953088.0000000001,5923.6,9853028,0.0,60.0,41,361.9838702739668,-480271715.76185834,480271715.76185834,39.97020950119198,60.0,texas,2070,2010,8,gas_cc_wo_ccs,400.0,-0.00398993418629034,3.48612007746934,15947.164499999955,-489565.20050000004
5,0.272,0.0,0.0,0.0,0.18744,0.02067,4.12527,953088.0000000001,5923.6,10181410,0.0,60.0,41,361.9838702739668,-480271715.76185834,480271715.76185834,39.97020950119198,60.0,texas,2070,2010,8,gas_cc_wo_ccs,400.0,-0.00398993418629034,3.48612007746934,-112052.83550000004,-559565.2005
5,0.272,0.0,0.0,0.0,0.18744,0.02067,4.12527,953088.0000000001,5923.6,10195469,0.0,60.0,41,361.9838702739668,-480271715.76185834,480271715.76185834,39.97020950119198,60.0,texas,2070,2010,8,gas_cc_wo_ccs,400.0,-0.00398993418629034,3.48612007746934,-132052.83550000004,-562565.2005
5,0.272,0.0,0.0,0.0,0.18744,0.02067,4.12527,953088.0000000001,5923.6,10209220,0.0,60.0,41,361.9838702739668,-480271715.76185834,480271715.76185834,39.97020950119198,60.0,texas,2070,2010,8,gas_cc_wo_ccs,400.0,-0.00398993418629034,3.48612007746934,-460052.83550000004,-565565.2005
5,0.272,0.0,0.0,0.0,0.18744,0.02067,4.12527,953088.0000000001,5923.6,10335828,0.0,60.0,41,361.9838702739668,-480271715.76185834,480271715.76185834,39.97020950119198,60.0,texas,2070,2010,8,gas_cc_wo_ccs,400.0,-0.00398993418629034,3.48612007746934,-563052.8355,-592565.2005
5,0.272,0.0,0.0,0.0,0.18744,0.02067,4.12527,953088.0000000001,5923.6,10373439,0.0,60.0,41,361.9838702739668,-480271715.76185834,480271715.76185834,39.97020950119198,60.0,texas,2070,2010,8,gas_cc_wo_ccs,400.0,-0.00398993418629034,3.48612007746934,-496052.83550000004,-600565.2005
5,0.272,0.0,0.0,0.0,0.18744,0.02067,4.12527,953088.0000000001,5923.6,10406765,0.0,60.0,41,361.9838702739668,-480271715.76185834,480271715.76185834,39.97020950119198,60.0,texas,2070,2010,8,gas_cc_wo_ccs,400.0,-0.00398993418629034,3.48612007746934,-21052.835500000045,-607565.2005
5,0.272,0.0,0.0,0.0,0.18744,0.02067,4.12527,953088.0000000001,5923.6,10415454,0.0,60.0,41,361.9838702739668,-480271715.76185834,480271715.76185834,39.97020950119198,60.0,texas,2070,2010,8,gas_cc_wo_ccs,400.0,-0.00398993418629034,3.48612007746934,-718052.8355,-609565.2005
5,0.272,0.0,0.0,0.0,0.18744,0.02067,4.12527,953088.0000000001,5923.6,10449093,0.0,60.0,41,361.9838702739668,-480271715.76185834,480271715.76185834,39.97020950119198,60.0,texas,2070,2010,8,gas_cc_wo_ccs,400.0,-0.00398993418629034,3.48612007746934,69947.16449999996,-616565.2005
5,0.272,0.0,0.0,0.0,0.18744,0.02067,4.12527,953088.0000000001,5923.6,10552318,0.0,60.0,41,361.9838702739668,-480271715.76185834,480271715.76185834,39.97020950119198,60.0,texas,2070,2010,8,gas_cc_wo_ccs,400.0,-0.00398993418629034,3.48612007746934,48947.164499999955,-638565.2005
5,0.272,0.0,0.0,0.0,0.18744,0.02067,4.12527,953088.0000000001,5923.6,10608562,0.0,60.0,41,361.9838702739668,-480271715.76185834,480271715.76185834,39.97020950119198,60.0,texas,2070,2010,8,gas_cc_wo_ccs,400.0,-0.00398993418629034,3.48612007746934,-23052.835500000045,-650565.2005
5,0.272,0.0,0.0,0.0,0.18744,0.02067,4.12527,953088.0000000001,5923.6,10768134,0.0,60.0,41,361.9838702739668,-480271715.76185834,480271715.76185834,39.97020950119198,60.0,texas,2070,2010,8,gas_cc_wo_ccs,400.0,-0.00398993418629034,3.48612007746934,-13052.835500000045,-684565.2005
5,0.272,0.0,0.0,0.0,0.18744,0.02067,4.12527,953088.0000000001,5923.6,10862122,0.0,60.0,41,361.9838702739668,-480271715.76185834,480271715.76185834,39.97020950119198,60.0,texas,2070,2010,8,gas_cc_wo_ccs,400.0,-0.00398993418629034,3.48612007746934,114947.16449999996,-704565.2005
5,0.272,0.0,0.0,0.0,0.18744,0.02067,4.12527,953088.0000000001,5923.6,11176398,0.0,60.0,41,361.9838702739668,-480271715.76185834,480271715.76185834,39.97020950119198,60.0,texas,2070,2010,8,gas_cc_wo_ccs,400.0,-0.00398993418629034,3.48612007746934,-40052.835500000045,-771565.2005
5,0.272,0.0,0.0,0.0,0.18744,0.02067,4.12527,953088.0000000001,5923.6,11406239,0.0,60.0,41,361.9838702739668,-480271715.76185834,480271715.76185834,39.97020950119198,60.0,texas,2070,2010,8,gas_cc_wo_ccs,400.0,-0.00398993418629034,3.48612007746934,-156052.83550000004,-820565.2005
5,0.272,0.0,0.0,0.0,0.18744,0.02067,4.12527,953088.0000000001,5923.6,11439074,0.0,60.0,41,361.9838702739668,-480271715.76185834,480271715.76185834,39.97020950119198,60.0,texas,2070,2010,8,gas_cc_wo_ccs,400.0,-0.00398993418629034,3.48612007746934,-172052.83550000004,-827565.2005
5,0.272,0.0,0.0,0.0,0.18744,0.02067,4.12527,953088.0000000001,5923.6,11565938,0.0,60.0,41,361.9838702739668,-480271715.76185834,480271715.76185834,39.97020950119198,60.0,texas,2070,2010,8,gas_cc_wo_ccs,400.0,-0.00398993418629034,3.48612007746934,-19052.835500000045,-854565.2005
5,0.272,0.0,0.0,0.0,0.18744,0.02067,4.12527,953088.0000000001,5923.6,11711506,0.0,60.0,41,361.9838702739668,-480271715.76185834,480271715.76185834,39.97020950119198,60.0,texas,2070,2010,8,gas_cc_wo_ccs,400.0,-0.00398993418629034,3.48612007746934,65947.16449999996,-885565.2005
5,0.272,0.0,0.0,0.0,0.18744,0.02067,4.12527,953088.0000000001,5923.6,11720347,0.0,60.0,41,361.9838702739668,-480271715.76185834,480271715.76185834,39.97020950119198,60.0,texas,2070,2010,8,gas_cc_wo_ccs,400.0,-0.00398993418629034,3.48612007746934,-479052.83550000004,-887565.2005
5,0.272,0.0,0.0,0.0,0.18744,0.02067,4.12527,953088.0000000001,5923.6,11753496,0.0,60.0,41,361.9838702739668,-480271715.76185834,480271715.76185834,39.97020950119198,60.0,texas,2070,2010,8,gas_cc_wo_ccs,400.0,-0.00398993418629034,3.48612007746934,-181052.83550000004,-894565.2005
5,0.272,0.0,0.0,0.0,0.18744,0.02067,4.12527,953088.0000000001,5923.6,11763136,0.0,60.0,41,361.9838702739668,-480271715.76185834,480271715.76185834,39.97020950119198,60.0,texas,2070,2010,8,gas_cc_wo_ccs,400.0,-0.00398993418629034,3.48612007746934,72947.16449999996,-896565.2005
5,0.272,0.0,0.0,0.0,0.18744,0.02067,4.12527,953088.0000000001,5923.6,11772185,0.0,60.0,41,361.9838702739668,-480271715.76185834,480271715.76185834,39.97020950119198,60.0,texas,2070,2010,8,gas_cc_wo_ccs,400.0,-0.00398993418629034,3.48612007746934,-264052.83550000004,-898565.2005
5,0.272,0.0,0.0,0.0,0.18744,0.02067,4.12527,953088.0000000001,5923.6,11871079,0.0,60.0,41,361.9838702739668,-480271715.76185834,480271715.76185834,39.97020950119198,60.0,texas,2070,2010,8,gas_cc_wo_ccs,400.0,-0.00398993418629034,3.48612007746934,76947.16449999996,-919565.2005
5,0.272,0.0,0.0,0.0,0.18744,0.02067,4.12527,953088.0000000001,5923.6,12002042,0.0,60.0,41,361.9838702739668,-480271715.76185834,480271715.76185834,39.97020950119198,60.0,texas,2070,2010,8,gas_cc_wo_ccs,400.0,-0.00398993418629034,3.48612007746934,-364052.83550000004,-947565.2005
5,0.272,0.0,0.0,0.0,0.18744,0.02067,4.12527,953088.0000000001,5923.6,12082092,0.0,60.0,41,361.9838702739668,-480271715.76185834,480271715.76185834,39.97020950119198,60.0,texas,2070,2010,8,gas_cc_wo_ccs,400.0,-0.00398993418629034,3.48612007746934,-95052.83550000004,-964565.2005
5,0.272,0.0,0.0,0.0,0.18744,0.02067,4.12527,953088.0000000001,5923.6,12082133,0.0,60.0,41,361.9838702739668,-480271715.76185834,480271715.76185834,39.97020950119198,60.0,texas,2070,2010,8,gas_cc_wo_ccs,400.0,-0.00398993418629034,3.48612007746934,-54052.835500000045,-964565.2005
5,0.272,0.0,0.0,0.0,0.18744,0.02067,4.12527,953088.0000000001,5923.6,12283666,0.0,60.0,41,361.9838702739668,-480271715.76185834,480271715.76185834,39.97020950119198,60.0,texas,2070,2010,8,gas_cc_wo_ccs,400.0,-0.00398993418629034,3.48612007746934,-320052.83550000004,-1007565.2005
5,0.272,0.0,0.0,0.0,0.18744,0.02067,4.12527,953088.0000000001,5923.6,12504408,0.0,60.0,41,361.9838702739668,-480271715.76185834,480271715.76185834,39.97020950119198,60.0,texas,2070,2010,8,gas_cc_wo_ccs,400.0,-0.00398993418629034,3.48612007746934,-149052.83550000004,-1054565.2005
5,0.272,0.0,0.0,0.0,0.18744,0.02067,4.12527,953088.0000000001,5923.6,12527856,0.0,60.0,41,361.9838702739668,-480271715.76185834,480271715.76185834,39.97020950119198,60.0,texas,2070,2010,8,gas_cc_wo_ccs,400.0,-0.00398993418629034,3.48612007746934,-166052.83550000004,-1059565.2005
5,0.272,0.0,0.0,0.0,0.18744,0.02067,4.12527,953088.0000000001,5923.6,12551353,0.0,60.0,41,361.9838702739668,-480271715.76185834,480271715.76185834,39.97020950119198,60.0,texas,2070,2010,8,gas_cc_wo_ccs,400.0,-0.00398993418629034,3.48612007746934,-134052.83550000004,-1064565.2005
5,0.272,0.0,0.0,0.0,0.18744,0.02067,4.12527,953088.0000000001,5923.6,12570136,0.0,60.0,41,361.9838702739668,-480271715.76185834,480271715.76185834,39.97020950119198,60.0,texas,2070,2010,8,gas_cc_wo_ccs,400.0,-0.00398993418629034,3.48612007746934,-123052.83550000004,-1068565.2005
5,0.272,0.0,0.0,0.0,0.18744,0.02067,4.12527,953088.0000000001,5923.6,12832856,0.0,60.0,41,361.9838702739668,-480271715.76185834,480271715.76185834,39.97020950119198,60.0,texas,2070,2010,8,gas_cc_wo_ccs,400.0,-0.00398993418629034,3.48612007746934,-211052.83550000004,-1124565.2005
5,0.272,0.0,0.0,0.0,0.18744,0.02067,4.12527,953088.0000000001,5923.6,13358450,0.0,60.0,41,361.9838702739668,-480271715.76185834,480271715.76185834,39.97020950119198,60.0,texas,2070,2010,8,gas_cc_wo_ccs,400.0,-0.00398993418629034,3.48612007746934,-233052.83550000004,-1236565.2005
5,0.272,0.0,0.0,0.0,0.18744,0.02067,4.12527,953088.0000000001,5923.6,13405382,0.0,60.0,41,361.9838702739668,-480271715.76185834,480271715.76185834,39.97020950119198,60.0,texas,2070,2010,8,gas_cc_wo_ccs,400.0,-0.00398993418629034,3.48612007746934,-231052.83550000004,-1246565.2005
5,0.272,0.0,0.0,0.0,0.18744,0.02067,4.12527,953088.0000000001,5923.6,13433530,0.0,60.0,41,361.9838702739668,-480271715.76185834,480271715.76185834,39.97020950119198,60.0,texas,2070,2010,8,gas_cc_wo_ccs,400.0,-0.00398993418629034,3.48612007746934,-241052.83550000004,-1252565.2005
5,0.272,0.0,0.0,0.0,0.18744,0.02067,4.12527,953088.0000000001,5923.6,13438257,0.0,60.0,41,361.9838702739668,-480271715.76185834,480271715.76185834,39.97020950119198,60.0,texas,2070,2010,8,gas_cc_wo_ccs,400.0,-0.00398993418629034,3.48612007746934,-207052.83550000004,-1253565.2005
5,0.272,0.0,0.0,0.0,0.18744,0.02067,4.12527,953088.0000000001,5923.6,13565035,0.0,60.0,41,361.9838702739668,-480271715.76185834,480271715.76185834,39.97020950119198,60.0,texas,2070,2010,8,gas_cc_wo_ccs,400.0,-0.00398993418629034,3.48612007746934,-140052.83550000004,-1280565.2005
5,0.41,0.0,0.0,0.0,0.18744,0.02067,4.12527,1436640.0,7337.6,9359977,0.0,60.0,41,321.977186596396,-620272566.1057394,620272566.1057394,52.01903465357184,60.0,texas,2070,2010,9,gas_cc_w_ccs,400.0,-0.00398993418629034,7.00451904454487,-270052.83550000004,-384565.20050000004
5,0.41,0.0,0.0,0.0,0.18744,0.02067,4.12527,1436640.0,7337.6,9519731,0.0,60.0,41,321.977186596396,-620272566.1057394,620272566.1057394,52.01903465357184,60.0,texas,2070,2010,9,gas_cc_w_ccs,400.0,-0.00398993418629034,7.00451904454487,-78052.83550000004,-418565.20050000004
5,0.41,0.0,0.0,0.0,0.18744,0.02067,4.12527,1436640.0,7337.6,9552701,0.0,60.0,41,321.977186596396,-620272566.1057394,620272566.1057394,52.01903465357184,60.0,texas,2070,2010,9,gas_cc_w_ccs,400.0,-0.00398993418629034,7.00451904454487,40947.164499999955,-425565.20050000004
5,0.41,0.0,0.0,0.0,0.18744,0.02067,4.12527,1436640.0,7337.6,9571326,0.0,60.0,41,321.977186596396,-620272566.1057394,620272566.1057394,52.01903465357184,60.0,texas,2070,2010,9,gas_cc_w_ccs,400.0,-0.00398993418629034,7.00451904454487,-106052.83550000004,-429565.20050000004
5,0.41,0.0,0.0,0.0,0.18744,0.02067,4.12527,1436640.0,7337.6,9594839,0.0,60.0,41,321.977186596396,-620272566.1057394,620272566.1057394,52.01903465357184,60.0,texas,2070,2010,9,gas_cc_w_ccs,400.0,-0.00398993418629034,7.00451904454487,-58052.835500000045,-434565.20050000004
5,0.41,0.0,0.0,0.0,0.18744,0.02067,4.12527,1436640.0,7337.6,9646554,0.0,60.0,41,321.977186596396,-620272566.1057394,620272566.1057394,52.01903465357184,60.0,texas,2070,2010,9,gas_cc_w_ccs,400.0,-0.00398993418629034,7.00451904454487,33947.164499999955,-445565.20050000004
5,0.41,0.0,0.0,0.0,0.18744,0.02067,4.12527,1436640.0,7337.6,9707607,0.0,60.0,41,321.977186596396,-620272566.1057394,620272566.1057394,52.01903465357184,60.0,texas,2070,2010,9,gas_cc_w_ccs,400.0,-0.00398993418629034,7.00451904454487,77947.16449999996,-458565.20050000004
5,0.41,0.0,0.0,0.0,0.18744,0.02067,4.12527,1436640.0,7337.6,9782626,0.0,60.0,41,321.977186596396,-620272566.1057394,620272566.1057394,52.01903465357184,60.0,texas,2070,2010,9,gas_cc_w_ccs,400.0,-0.00398993418629034,7.00451904454487,8947.164499999955,-474565.20050000004
5,0.41,0.0,0.0,0.0,0.18744,0.02067,4.12527,1436640.0,7337.6,9796756,0.0,60.0,41,321.977186596396,-620272566.1057394,620272566.1057394,52.01903465357184,60.0,texas,2070,2010,9,gas_cc_w_ccs,400.0,-0.00398993418629034,7.00451904454487,59947.164499999955,-477565.20050000004
5,0.41,0.0,0.0,0.0,0.18744,0.02067,4.12527,1436640.0,7337.6,9810700,0.0,60.0,41,321.977186596396,-620272566.1057394,620272566.1057394,52.01903465357184,60.0,texas,2070,2010,9,gas_cc_w_ccs,400.0,-0.00398993418629034,7.00451904454487,-75052.83550000004,-480565.20050000004
5,0.41,0.0,0.0,0.0,0.18744,0.02067,4.12527,1436640.0,7337.6,9909405,0.0,60.0,41,321.977186596396,-620272566.1057394,620272566.1057394,52.01903465357184,60.0,texas,2070,2010,9,gas_cc_w_ccs,400.0,-0.00398993418629034,7.00451904454487,76947.16449999996,-501565.20050000004
5,0.41,0.0,0.0,0.0,0.18744,0.02067,4.12527,1436640.0,7337.6,9928146,0.0,60.0,41,321.977186596396,-620272566.1057394,620272566.1057394,52.01903465357184,60.0,texas,2070,2010,9,gas_cc_w_ccs,400.0,-0.00398993418629034,7.00451904454487,45947.164499999955,-505565.20050000004
5,0.41,0.0,0.0,0.0,0.18744,0.02067,4.12527,1436640.0,7337.6,9965556,0.0,60.0,41,321.977186596396,-620272566.1057394,620272566.1057394,52.01903465357184,60.0,texas,2070,2010,9,gas_cc_w_ccs,400.0,-0.00398993418629034,7.00451904454487,-88052.83550000004,-513565.20050000004
5,0.41,0.0,0.0,0.0,0.18744,0.02067,4.12527,1436640.0,7337.6,10026495,0.0,60.0,41,321.977186596396,-620272566.1057394,620272566.1057394,52.01903465357184,60.0,texas,2070,2010,9,gas_cc_w_ccs,400.0,-0.00398993418629034,7.00451904454487,-158052.83550000004,-526565.2005
5,0.41,0.0,0.0,0.0,0.18744,0.02067,4.12527,1436640.0,7337.6,10026658,0.0,60.0,41,321.977186596396,-620272566.1057394,620272566.1057394,52.01903465357184,60.0,texas,2070,2010,9,gas_cc_w_ccs,400.0,-0.00398993418629034,7.00451904454487,4947.164499999955,-526565.2005
5,0.41,0.0,0.0,0.0,0.18744,0.02067,4.12527,1436640.0,7337.6,10059432,0.0,60.0,41,321.977186596396,-620272566.1057394,620272566.1057394,52.01903465357184,60.0,texas,2070,2010,9,gas_cc_w_ccs,400.0,-0.00398993418629034,7.00451904454487,-72052.83550000004,-533565.2005
5,0.41,0.0,0.0,0.0,0.18744,0.02067,4.12527,1436640.0,7337.6,10134235,0.0,60.0,41,321.977186596396,-620272566.1057394,620272566.1057394,52.01903465357184,60.0,texas,2070,2010,9,gas_cc_w_ccs,400.0,-0.00398993418629034,7.00451904454487,-357052.83550000004,-549565.2005
5,0.41,0.0,0.0,0.0,0.18744,0.02067,4.12527,1436640.0,7337.6,10139139,0.0,60.0,41,321.977186596396,-620272566.1057394,620272566.1057394,52.01903465357184,60.0,texas,2070,2010,9,gas_cc_w_ccs,400.0,-0.00398993418629034,7.00451904454487,-146052.83550000004,-550565.2005
5,0.41,0.0,0.0,0.0,0.18744,0.02067,4.12527,1436640.0,7337.6,10162818,0.0,60.0,41,321.977186596396,-620272566.1057394,620272566.1057394,52.01903465357184,60.0,texas,2070,2010,9,gas_cc_w_ccs,400.0,-0.00398993418629034,7.00451904454487,67947.16449999996,-555565.2005
5,0.41,0.0,0.0,0.0,0.18744,0.02067,4.12527,1436640.0,7337.6,10181182,0.0,60.0,41,321.977186596396,-620272566.1057394,620272566.1057394,52.01903465357184,60.0,texas,2070,2010,9,gas_cc_w_ccs,400.0,-0.00398993418629034,7.00451904454487,-340052.83550000004,-559565.2005
5,0.41,0.0,0.0,0.0,0.18744,0.02067,4.12527,1436640.0,7337.6,10223600,0.0,60.0,41,321.977186596396,-620272566.1057394,620272566.1057394,52.01903465357184,60.0,texas,2070,2010,9,gas_cc_w_ccs,400.0,-0.00398993418629034,7.00451904454487,-159052.83550000004,-568565.2005
5,0.41,0.0,0.0,0.0,0.18744,0.02067,4.12527,1436640.0,7337.6,10223623,0.0,60.0,41,321.977186596396,-620272566.1057394,620272566.1057394,52.01903465357184,60.0,texas,2070,2010,9,gas_cc_w_ccs,400.0,-0.00398993418629034,7.00451904454487,-136052.83550000004,-568565.2005
5,0.41,0.0,0.0,0.0,0.18744,0.02067,4.12527,1436640.0,7337.6,10261141,0.0,60.0,41,321.977186596396,-620272566.1057394,620272566.1057394,52.01903465357184,60.0,texas,2070,2010,9,gas_cc_w_ccs,400.0,-0.00398993418629034,7.00451904454487,-162052.83550000004,-576565.2005
5,0.41,0.0,0.0,0.0,0.18744,0.02067,4.12527,1436640.0,7337.6,10294239,0.0,60.0,41,321.977186596396,-620272566.1057394,620272566.1057394,52.01903465357184,60.0,texas,2070,2010,9,gas_cc_w_ccs,400.0,-0.00398993418629034,7.00451904454487,84947.16449999996,-583565.2005
5,0.41,0.0,0.0,0.0,0.18744,0.02067,4.12527,1436640.0,7337.6,10322427,0.0,60.0,41,321.977186596396,-620272566.1057394,620272566.1057394,52.01903465357184,60.0,texas,2070,2010,9,gas_cc_w_ccs,400.0,-0.00398993418629034,7.00451904454487,114947.16449999996,-589565.2005
5,0.41,0.0,0.0,0.0,0.18744,0.02067,4.12527,1436640.0,7337.6,10327020,0.0,60.0,41,321.977186596396,-620272566.1057394,620272566.1057394,52.01903465357184,60.0,texas,2070,2010,9,gas_cc_w_ccs,400.0,-0.00398993418629034,7.00451904454487,14947.164499999955,-590565.2005
5,0.41,0.0,0.0,0.0,0.18744,0.02067,4.12527,1436640.0,7337.6,10341209,0.0,60.0,41,321.977186596396,-620272566.1057394,620272566.1057394,52.01903465357184,60.0,texas,2070,2010,9,gas_cc_w_ccs,400.0,-0.00398993418629034,7.00451904454487,124947.16449999996,-593565.2005
5,0.41,0.0,0.0,0.0,0.18744,0.02067,4.12527,1436640.0,7337.6,10373925,0.0,60.0,41,321.977186596396,-620272566.1057394,620272566.1057394,52.01903465357184,60.0,texas,2070,2010,9,gas_cc_w_ccs,400.0,-0.00398993418629034,7.00451904454487,-10052.835500000045,-600565.2005
5,0.41,0.0,0.0,0.0,0.18744,0.02067,4.12527,1436640.0,7337.6,10415634,0.0,60.0,41,321.977186596396,-620272566.1057394,620272566.1057394,52.01903465357184,60.0,texas,2070,2010,9,gas_cc_w_ccs,400.0,-0.00398993418629034,7.00451904454487,-538052.8355,-609565.2005
5,0.41,0.0,0.0,0.0,0.18744,0.02067,4.12527,1436640.0,7337.6,10416228,0.0,60.0,41,321.977186596396,-620272566.1057394,620272566.1057394,52.01903465357184,60.0,texas,2070,2010,9,gas_cc_w_ccs,400.0,-0.00398993418629034,7.00451904454487,55947.164499999955,-609565.2005
5,0.41,0.0,0.0,0.0,0.18744,0.02067,4.12527,1436640.0,7337.6,10416284,0.0,60.0,41,321.977186596396,-620272566.1057394,620272566.1057394,52.01903465357184,60.0,texas,2070,2010,9,gas_cc_w_ccs,400.0,-0.00398993418629034,7.00451904454487,111947.16449999996,-609565.2005
5,0.41,0.0,0.0,0.0,0.18744,0.02067,4.12527,1436640.0,7337.6,10439092,0.0,60.0,41,321.977186596396,-620272566.1057394,620272566.1057394,52.01903465357184,60.0,texas,2070,2010,9,gas_cc_w_ccs,400.0,-0.00398993418629034,7.00451904454487,-545052.8355,-614565.2005
5,0.41,0.0,0.0,0.0,0.18744,0.02067,4.12527,1436640.0,7337.6,10500545,0.0,60.0,41,321.977186596396,-620272566.1057394,620272566.1057394,52.01903465357184,60.0,texas,2070,2010,9,gas_cc_w_ccs,400.0,-0.00398993418629034,7.00451904454487,-101052.83550000004,-627565.2005
5,0.41,0.0,0.0,0.0,0.18744,0.02067,4.12527,1436640.0,7337.6,10538185,0.0,60.0,41,321.977186596396,-620272566.1057394,620272566.1057394,52.01903465357184,60.0,texas,2070,2010,9,gas_cc_w_ccs,400.0,-0.00398993418629034,7.00451904454487,-5052.835500000045,-635565.2005
5,0.41,0.0,0.0,0.0,0.18744,0.02067,4.12527,1436640.0,7337.6,10570337,0.0,60.0,41,321.977186596396,-620272566.1057394,620272566.1057394,52.01903465357184,60.0,texas,2070,2010,9,gas_cc_w_ccs,400.0,-0.00398993418629034,7.00451904454487,-704052.8355,-642565.2005
5,0.41,0.0,0.0,0.0,0.18744,0.02067,4.12527,1436640.0,7337.6,10575750,0.0,60.0,41,321.977186596396,-620272566.1057394,620272566.1057394,52.01903465357184,60.0,texas,2070,2010,9,gas_cc_w_ccs,400.0,-0.00398993418629034,7.00451904454487,15947.164499999955,-643565.2005
5,0.41,0.0,0.0,0.0,0.18744,0.02067,4.12527,1436640.0,7337.6,10603917,0.0,60.0,41,321.977186596396,-620272566.1057394,620272566.1057394,52.01903465357184,60.0,texas,2070,2010,9,gas_cc_w_ccs,400.0,-0.00398993418629034,7.00451904454487,24947.164499999955,-649565.2005
5,0.41,0.0,0.0,0.0,0.18744,0.02067,4.12527,1436640.0,7337.6,10607914,0.0,60.0,41,321.977186596396,-620272566.1057394,620272566.1057394,52.01903465357184,60.0,texas,2070,2010,9,gas_cc_w_ccs,400.0,-0.00398993418629034,7.00451904454487,-671052.8355,-650565.2005
5,0.41,0.0,0.0,0.0,0.18744,0.02067,4.12527,1436640.0,7337.6,10626636,0.0,60.0,41,321.977186596396,-620272566.1057394,620272566.1057394,52.01903465357184,60.0,texas,2070,2010,9,gas_cc_w_ccs,400.0,-0.00398993418629034,7.00451904454487,-721052.8355,-654565.2005
5,0.41,0.0,0.0,0.0,0.18744,0.02067,4.12527,1436640.0,7337.6,10641484,0.0,60.0,41,321.977186596396,-620272566.1057394,620272566.1057394,52.01903465357184,60.0,texas,2070,2010,9,gas_cc_w_ccs,400.0,-0.00398993418629034,7.00451904454487,47947.164499999955,-657565.2005
5,0.41,0.0,0.0,0.0,0.18744,0.02067,4.12527,1436640.0,7337.6,10693014,0.0,60.0,41,321.977186596396,-620272566.1057394,620272566.1057394,52.01903465357184,60.0,texas,2070,2010,9,gas_cc_w_ccs,400.0,-0.00398993418629034,7.00451904454487,-45052.835500000045,-668565.2005
5,0.41,0.0,0.0,0.0,0.18744,0.02067,4.12527,1436640.0,7337.6,10772965,0.0,60.0,41,321.977186596396,-620272566.1057394,620272566.1057394,52.01903465357184,60.0,texas,2070,2010,9,gas_cc_w_ccs,400.0,-0.00398993418629034,7.00451904454487,124947.16449999996,-685565.2005
5,0.41,0.0,0.0,0.0,0.18744,0.02067,4.12527,1436640.0,7337.6,10955734,0.0,60.0,41,321.977186596396,-620272566.1057394,620272566.1057394,52.01903465357184,60.0,texas,2070,2010,9,gas_cc_w_ccs,400.0,-0.00398993418629034,7.00451904454487,-133052.83550000004,-724565.2005
5,0.41,0.0,0.0,0.0,0.18744,0.02067,4.12527,1436640.0,7337.6,11082382,0.0,60.0,41,321.977186596396,-620272566.1057394,620272566.1057394,52.01903465357184,60.0,texas,2070,2010,9,gas_cc_w_ccs,400.0,-0.00398993418629034,7.00451904454487,-196052.83550000004,-751565.2005
5,0.41,0.0,0.0,0.0,0.18744,0.02067,4.12527,1436640.0,7337.6,11119779,0.0,60.0,41,321.977186596396,-620272566.1057394,620272566.1057394,52.01903465357184,60.0,texas,2070,2010,9,gas_cc_w_ccs,400.0,-0.00398993418629034,7.00451904454487,-343052.83550000004,-759565.2005
5,0.41,0.0,0.0,0.0,0.18744,0.02067,4.12527,1436640.0,7337.6,11190368,0.0,60.0,41,321.977186596396,-620272566.1057394,620272566.1057394,52.01903465357184,60.0,texas,2070,2010,9,gas_cc_w_ccs,400.0,-0.00398993418629034,7.00451904454487,-149052.83550000004,-774565.2005
5,0.41,0.0,0.0,0.0,0.18744,0.02067,4.12527,1436640.0,7337.6,11241987,0.0,60.0,41,321.977186596396,-620272566.1057394,620272566.1057394,52.01903465357184,60.0,texas,2070,2010,9,gas_cc_w_ccs,400.0,-0.00398993418629034,7.00451904454487,-153052.83550000004,-785565.2005
5,0.41,0.0,0.0,0.0,0.18744,0.02067,4.12527,1436640.0,7337.6,11279341,0.0,60.0,41,321.977186596396,-620272566.1057394,620272566.1057394,52.01903465357184,60.0,texas,2070,2010,9,gas_cc_w_ccs,400.0,-0.00398993418629034,7.00451904454487,-343052.83550000004,-793565.2005
5,0.41,0.0,0.0,0.0,0.18744,0.02067,4.12527,1436640.0,7337.6,11317096,0.0,60.0,41,321.977186596396,-620272566.1057394,620272566.1057394,52.01903465357184,60.0,texas,2070,2010,9,gas_cc_w_ccs,400.0,-0.00398993418629034,7.00451904454487,-132052.83550000004,-801565.2005
5,0.41,0.0,0.0,0.0,0.18744,0.02067,4.12527,1436640.0,7337.6,11368685,0.0,60.0,41,321.977186596396,-620272566.1057394,620272566.1057394,52.01903465357184,60.0,texas,2070,2010,9,gas_cc_w_ccs,400.0,-0.00398993418629034,7.00451904454487,-166052.83550000004,-812565.2005
5,0.41,0.0,0.0,0.0,0.18744,0.02067,4.12527,1436640.0,7337.6,11415643,0.0,60.0,41,321.977186596396,-620272566.1057394,620272566.1057394,52.01903465357184,60.0,texas,2070,2010,9,gas_cc_w_ccs,400.0,-0.00398993418629034,7.00451904454487,-138052.83550000004,-822565.2005
5,0.41,0.0,0.0,0.0,0.18744,0.02067,4.12527,1436640.0,7337.6,11429732,0.0,60.0,41,321.977186596396,-620272566.1057394,620272566.1057394,52.01903465357184,60.0,texas,2070,2010,9,gas_cc_w_ccs,400.0,-0.00398993418629034,7.00451904454487,-128052.83550000004,-825565.2005
5,0.41,0.0,0.0,0.0,0.18744,0.02067,4.12527,1436640.0,7337.6,11481570,0.0,60.0,41,321.977186596396,-620272566.1057394,620272566.1057394,52.01903465357184,60.0,texas,2070,2010,9,gas_cc_w_ccs,400.0,-0.00398993418629034,7.00451904454487,86947.16449999996,-836565.2005
5,0.41,0.0,0.0,0.0,0.18744,0.02067,4.12527,1436640.0,7337.6,11485895,0.0,60.0,41,321.977186596396,-620272566.1057394,620272566.1057394,52.01903465357184,60.0,texas,2070,2010,9,gas_cc_w_ccs,400.0,-0.00398993418629034,7.00451904454487,-281052.83550000004,-837565.2005
5,0.41,0.0,0.0,0.0,0.18744,0.02067,4.12527,1436640.0,7337.6,11528489,0.0,60.0,41,321.977186596396,-620272566.1057394,620272566.1057394,52.01903465357184,60.0,texas,2070,2010,9,gas_cc_w_ccs,400.0,-0.00398993418629034,7.00451904454487,75947.16449999996,-846565.2005
5,0.41,0.0,0.0,0.0,0.18744,0.02067,4.12527,1436640.0,7337.6,11551893,0.0,60.0,41,321.977186596396,-620272566.1057394,620272566.1057394,52.01903465357184,60.0,texas,2070,2010,9,gas_cc_w_ccs,400.0,-0.00398993418629034,7.00451904454487,14947.164499999955,-851565.2005
5,0.41,0.0,0.0,0.0,0.18744,0.02067,4.12527,1436640.0,7337.6,11551973,0.0,60.0,41,321.977186596396,-620272566.1057394,620272566.1057394,52.01903465357184,60.0,texas,2070,2010,9,gas_cc_w_ccs,400.0,-0.00398993418629034,7.00451904454487,94947.16449999996,-851565.2005
5,0.41,0.0,0.0,0.0,0.18744,0.02067,4.12527,1436640.0,7337.6,11556383,0.0,60.0,41,321.977186596396,-620272566.1057394,620272566.1057394,52.01903465357184,60.0,texas,2070,2010,9,gas_cc_w_ccs,400.0,-0.00398993418629034,7.00451904454487,-188052.83550000004,-852565.2005
5,0.41,0.0,0.0,0.0,0.18744,0.02067,4.12527,1436640.0,7337.6,11580117,0.0,60.0,41,321.977186596396,-620272566.1057394,620272566.1057394,52.01903465357184,60.0,texas,2070,2010,9,gas_cc_w_ccs,400.0,-0.00398993418629034,7.00451904454487,80947.16449999996,-857565.2005
5,0.41,0.0,0.0,0.0,0.18744,0.02067,4.12527,1436640.0,7337.6,11589189,0.0,60.0,41,321.977186596396,-620272566.1057394,620272566.1057394,52.01903465357184,60.0,texas,2070,2010,9,gas_cc_w_ccs,400.0,-0.00398993418629034,7.00451904454487,-233052.83550000004,-859565.2005
5,0.41,0.0,0.0,0.0,0.18744,0.02067,4.12527,1436640.0,7337.6,11593917,0.0,60.0,41,321.977186596396,-620272566.1057394,620272566.1057394,52.01903465357184,60.0,texas,2070,2010,9,gas_cc_w_ccs,400.0,-0.00398993418629034,7.00451904454487,-198052.83550000004,-860565.2005
5,0.41,0.0,0.0,0.0,0.18744,0.02067,4.12527,1436640.0,7337.6,11594152,0.0,60.0,41,321.977186596396,-620272566.1057394,620272566.1057394,52.01903465357184,60.0,texas,2070,2010,9,gas_cc_w_ccs,400.0,-0.00398993418629034,7.00451904454487,36947.164499999955,-860565.2005
5,0.41,0.0,0.0,0.0,0.18744,0.02067,4.12527,1436640.0,7337.6,11603591,0.0,60.0,41,321.977186596396,-620272566.1057394,620272566.1057394,52.01903465357184,60.0,texas,2070,2010,9,gas_cc_w_ccs,400.0,-0.00398993418629034,7.00451904454487,89947.16449999996,-862565.2005
5,0.41,0.0,0.0,0.0,0.18744,0.02067,4.12527,1436640.0,7337.6,11622353,0.0,60.0,41,321.977186596396,-620272566.1057394,620272566.1057394,52.01903465357184,60.0,texas,2070,2010,9,gas_cc_w_ccs,400.0,-0.00398993418629034,7.00451904454487,79947.16449999996,-866565.2005
5,0.41,0.0,0.0,0.0,0.18744,0.02067,4.12527,1436640.0,7337.6,11631450,0.0,60.0,41,321.977186596396,-620272566.1057394,620272566.1057394,52.01903465357184,60.0,texas,2070,2010,9,gas_cc_w_ccs,400.0,-0.00398993418629034,7.00451904454487,-209052.83550000004,-868565.2005
5,0.41,0.0,0.0,0.0,0.18744,0.02067,4.12527,1436640.0,7337.6,11673937,0.0,60.0,41,321.977186596396,-620272566.1057394,620272566.1057394,52.01903465357184,60.0,texas,2070,2010,9,gas_cc_w_ccs,400.0,-0.00398993418629034,7.00451904454487,40947.164499999955,-877565.2005
5,0.41,0.0,0.0,0.0,0.18744,0.02067,4.12527,1436640.0,7337.6,11683375,0.0,60.0,41,321.977186596396,-620272566.1057394,620272566.1057394,52.01903465357184,60.0,texas,2070,2010,9,gas_cc_w_ccs,400.0,-0.00398993418629034,7.00451904454487,92947.16449999996,-879565.2005
5,0.41,0.0,0.0,0.0,0.18744,0.02067,4.12527,1436640.0,7337.6,11716213,0.0,60.0,41,321.977186596396,-620272566.1057394,620272566.1057394,52.01903465357184,60.0,texas,2070,2010,9,gas_cc_w_ccs,400.0,-0.00398993418629034,7.00451904454487,79947.16449999996,-886565.2005
5,0.41,0.0,0.0,0.0,0.18744,0.02067,4.12527,1436640.0,7337.6,11753206,0.0,60.0,41,321.977186596396,-620272566.1057394,620272566.1057394,52.01903465357184,60.0,texas,2070,2010,9,gas_cc_w_ccs,400.0,-0.00398993418629034,7.00451904454487,-471052.83550000004,-894565.2005
5,0.41,0.0,0.0,0.0,0.18744,0.02067,4.12527,1436640.0,7337.6,11819168,0.0,60.0,41,321.977186596396,-620272566.1057394,620272566.1057394,52.01903465357184,60.0,texas,2070,2010,9,gas_cc_w_ccs,400.0,-0.00398993418629034,7.00451904454487,-211052.83550000004,-908565.2005
5,0.41,0.0,0.0,0.0,0.18744,0.02067,4.12527,1436640.0,7337.6,11823718,0.0,60.0,41,321.977186596396,-620272566.1057394,620272566.1057394,52.01903465357184,60.0,texas,2070,2010,9,gas_cc_w_ccs,400.0,-0.00398993418629034,7.00451904454487,-354052.83550000004,-909565.2005
5,0.41,0.0,0.0,0.0,0.18744,0.02067,4.12527,1436640.0,7337.6,11851983,0.0,60.0,41,321.977186596396,-620272566.1057394,620272566.1057394,52.01903465357184,60.0,texas,2070,2010,9,gas_cc_w_ccs,400.0,-0.00398993418629034,7.00451904454487,-247052.83550000004,-915565.2005
5,0.41,0.0,0.0,0.0,0.18744,0.02067,4.12527,1436640.0,7337.6,11856691,0.0,60.0,41,321.977186596396,-620272566.1057394,620272566.1057394,52.01903465357184,60.0,texas,2070,2010,9,gas_cc_w_ccs,400.0,-0.00398993418629034,7.00451904454487,-232052.83550000004,-916565.2005
5,0.41,0.0,0.0,0.0,0.18744,0.02067,4.12527,1436640.0,7337.6,11903852,0.0,60.0,41,321.977186596396,-620272566.1057394,620272566.1057394,52.01903465357184,60.0,texas,2070,2010,9,gas_cc_w_ccs,400.0,-0.00398993418629034,7.00451904454487,-1052.8355000000447,-926565.2005
5,0.41,0.0,0.0,0.0,0.18744,0.02067,4.12527,1436640.0,7337.6,11927350,0.0,60.0,41,321.977186596396,-620272566.1057394,620272566.1057394,52.01903465357184,60.0,texas,2070,2010,9,gas_cc_w_ccs,400.0,-0.00398993418629034,7.00451904454487,31947.164499999955,-931565.2005
5,0.41,0.0,0.0,0.0,0.18744,0.02067,4.12527,1436640.0,7337.6,11974289,0.0,60.0,41,321.977186596396,-620272566.1057394,620272566.1057394,52.01903465357184,60.0,texas,2070,2010,9,gas_cc_w_ccs,400.0,-0.00398993418629034,7.00451904454487,40947.164499999955,-941565.2005
5,0.41,0.0,0.0,0.0,0.18744,0.02067,4.12527,1436640.0,7337.6,11979004,0.0,60.0,41,321.977186596396,-620272566.1057394,620272566.1057394,52.01903465357184,60.0,texas,2070,2010,9,gas_cc_w_ccs,400.0,-0.00398993418629034,7.00451904454487,62947.164499999955,-942565.2005
5,0.41,0.0,0.0,0.0,0.18744,0.02067,4.12527,1436640.0,7337.6,12002294,0.0,60.0,41,321.977186596396,-620272566.1057394,620272566.1057394,52.01903465357184,60.0,texas,2070,2010,9,gas_cc_w_ccs,400.0,-0.00398993418629034,7.00451904454487,-112052.83550000004,-947565.2005
5,0.41,0.0,0.0,0.0,0.18744,0.02067,4.12527,1436640.0,7337.6,12011851,0.0,60.0,41,321.977186596396,-620272566.1057394,620272566.1057394,52.01903465357184,60.0,texas,2070,2010,9,gas_cc_w_ccs,400.0,-0.00398993418629034,7.00451904454487,58947.164499999955,-949565.2005
5,0.41,0.0,0.0,0.0,0.18744,0.02067,4.12527,1436640.0,7337.6,12016494,0.0,60.0,41,321.977186596396,-620272566.1057394,620272566.1057394,52.01903465357184,60.0,texas,2070,2010,9,gas_cc_w_ccs,400.0,-0.00398993418629034,7.00451904454487,8947.164499999955,-950565.2005
5,0.41,0.0,0.0,0.0,0.18744,0.02067,4.12527,1436640.0,7337.6,12063103,0.0,60.0,41,321.977186596396,-620272566.1057394,620272566.1057394,52.01903465357184,60.0,texas,2070,2010,9,gas_cc_w_ccs,400.0,-0.00398993418629034,7.00451904454487,-312052.83550000004,-960565.2005
5,0.41,0.0,0.0,0.0,0.18744,0.02067,4.12527,1436640.0,7337.6,12072800,0.0,60.0,41,321.977186596396,-620272566.1057394,620272566.1057394,52.01903465357184,60.0,texas,2070,2010,9,gas_cc_w_ccs,400.0,-0.00398993418629034,7.00451904454487,-1052.8355000000447,-962565.2005
5,0.41,0.0,0.0,0.0,0.18744,0.02067,4.12527,1436640.0,7337.6,12077281,0.0,60.0,41,321.977186596396,-620272566.1057394,620272566.1057394,52.01903465357184,60.0,texas,2070,2010,9,gas_cc_w_ccs,400.0,-0.00398993418629034,7.00451904454487,-213052.83550000004,-963565.2005
5,0.41,0.0,0.0,0.0,0.18744,0.02067,4.12527,1436640.0,7337.6,12096161,0.0,60.0,41,321.977186596396,-620272566.1057394,620272566.1057394,52.01903465357184,60.0,texas,2070,2010,9,gas_cc_w_ccs,400.0,-0.00398993418629034,7.00451904454487,-105052.83550000004,-967565.2005
5,0.41,0.0,0.0,0.0,0.18744,0.02067,4.12527,1436640.0,7337.6,12128919,0.0,60.0,41,321.977186596396,-620272566.1057394,620272566.1057394,52.01903465357184,60.0,texas,2070,2010,9,gas_cc_w_ccs,400.0,-0.00398993418629034,7.00451904454487,-198052.83550000004,-974565.2005
5,0.41,0.0,0.0,0.0,0.18744,0.02067,4.12527,1436640.0,7337.6,12143116,0.0,60.0,41,321.977186596396,-620272566.1057394,620272566.1057394,52.01903465357184,60.0,texas,2070,2010,9,gas_cc_w_ccs,400.0,-0.00398993418629034,7.00451904454487,-80052.83550000004,-977565.2005
5,0.41,0.0,0.0,0.0,0.18744,0.02067,4.12527,1436640.0,7337.6,12157182,0.0,60.0,41,321.977186596396,-620272566.1057394,620272566.1057394,52.01903465357184,60.0,texas,2070,2010,9,gas_cc_w_ccs,400.0,-0.00398993418629034,7.00451904454487,-93052.83550000004,-980565.2005
5,0.41,0.0,0.0,0.0,0.18744,0.02067,4.12527,1436640.0,7337.6,12166684,784300.4462658654,60.0,255,,1.0,,52.01903465357184,60.0,texas,2070,2010,9,gas_cc_w_ccs,400.0,-0.00398993418629034,7.00451904454487,22947.164499999955,-982565.2005
5,0.41,0.0,0.0,0.0,0.18744,0.02067,4.12527,1436640.0,7337.6,12190036,0.0,60.0,41,321.977186596396,-620272566.1057394,620272566.1057394,52.01903465357184,60.0,texas,2070,2010,9,gas_cc_w_ccs,400.0,-0.00398993418629034,7.00451904454487,-90052.83550000004,-987565.2005
5,0.41,0.0,0.0,0.0,0.18744,0.02067,4.12527,1436640.0,7337.6,12213488,0.0,60.0,41,321.977186596396,-620272566.1057394,620272566.1057394,52.01903465357184,60.0,texas,2070,2010,9,gas_cc_w_ccs,400.0,-0.00398993418629034,7.00451904454487,-103052.83550000004,-992565.2005
5,0.41,0.0,0.0,0.0,0.18744,0.02067,4.12527,1436640.0,7337.6,12363642,0.0,60.0,41,321.977186596396,-620272566.1057394,620272566.1057394,52.01903465357184,60.0,texas,2070,2010,9,gas_cc_w_ccs,400.0,-0.00398993418629034,7.00451904454487,-125052.83550000004,-1024565.2005
5,0.41,0.0,0.0,0.0,0.18744,0.02067,4.12527,1436640.0,7337.6,12387100,0.0,60.0,41,321.977186596396,-620272566.1057394,620272566.1057394,52.01903465357184,60.0,texas,2070,2010,9,gas_cc_w_ccs,400.0,-0.00398993418629034,7.00451904454487,-132052.83550000004,-1029565.2005
5,0.41,0.0,0.0,0.0,0.18744,0.02067,4.12527,1436640.0,7337.6,12565425,0.0,60.0,41,321.977186596396,-620272566.1057394,620272566.1057394,52.01903465357184,60.0,texas,2070,2010,9,gas_cc_w_ccs,400.0,-0.00398993418629034,7.00451904454487,-141052.83550000004,-1067565.2005
5,0.41,0.0,0.0,0.0,0.18744,0.02067,4.12527,1436640.0,7337.6,12617032,0.0,60.0,41,321.977186596396,-620272566.1057394,620272566.1057394,52.01903465357184,60.0,texas,2070,2010,9,gas_cc_w_ccs,400.0,-0.00398993418629034,7.00451904454487,-157052.83550000004,-1078565.2005
5,0.41,0.0,0.0,0.0,0.18744,0.02067,4.12527,1436640.0,7337.6,12617048,0.0,60.0,41,321.977186596396,-620272566.1057394,620272566.1057394,52.01903465357184,60.0,texas,2070,2010,9,gas_cc_w_ccs,400.0,-0.00398993418629034,7.00451904454487,-141052.83550000004,-1078565.2005
5,0.41,0.0,0.0,0.0,0.18744,0.02067,4.12527,1436640.0,7337.6,12654589,0.0,60.0,41,321.977186596396,-620272566.1057394,620272566.1057394,52.01903465357184,60.0,texas,2070,2010,9,gas_cc_w_ccs,400.0,-0.00398993418629034,7.00451904454487,-144052.83550000004,-1086565.2005
5,0.41,0.0,0.0,0.0,0.18744,0.02067,4.12527,1436640.0,7337.6,12842114,0.0,60.0,41,321.977186596396,-620272566.1057394,620272566.1057394,52.01903465357184,60.0,texas,2070,2010,9,gas_cc_w_ccs,400.0,-0.00398993418629034,7.00451904454487,-339052.83550000004,-1126565.2005
5,0.41,0.0,0.0,0.0,0.18744,0.02067,4.12527,1436640.0,7337.6,13302092,0.0,60.0,41,321.977186596396,-620272566.1057394,620272566.1057394,52.01903465357184,60.0,texas,2070,2010,9,gas_cc_w_ccs,400.0,-0.00398993418629034,7.00451904454487,-275052.83550000004,-1224565.2005
5,0.41,0.0,0.0,0.0,0.18744,0.02067,4.12527,1436640.0,7337.6,13381923,0.0,60.0,41,321.977186596396,-620272566.1057394,620272566.1057394,52.01903465357184,60.0,texas,2070,2010,9,gas_cc_w_ccs,400.0,-0.00398993418629034,7.00451904454487,-225052.83550000004,-1241565.2005
5,0.41,0.0,0.0,0.0,0.18744,0.02067,4.12527,1436640.0,7337.6,13428885,0.0,60.0,41,321.977186596396,-620272566.1057394,620272566.1057394,52.01903465357184,60.0,texas,2070,2010,9,gas_cc_w_ccs,400.0,-0.00398993418629034,7.00451904454487,-193052.83550000004,-1251565.2005
5,0.41,0.0,0.0,0.0,0.18744,0.02067,4.12527,1436640.0,7337.6,13466391,0.0,60.0,41,321.977186596396,-620272566.1057394,620272566.1057394,52.01903465357184,60.0,texas,2070,2010,9,gas_cc_w_ccs,400.0,-0.00398993418629034,7.00451904454487,-231052.83550000004,-1259565.2005
5,0.41,0.0,0.0,0.0,0.18744,0.02067,4.12527,1436640.0,7337.6,13475787,0.0,60.0,41,321.977186596396,-620272566.1057394,620272566.1057394,52.01903465357184,60.0,texas,2070,2010,9,gas_cc_w_ccs,400.0,-0.00398993418629034,7.00451904454487,-221052.83550000004,-1261565.2005
5,0.9,0.0,0.0,0.0,0.0,0.04639,0.71281,10643400.0,10246.2,11800622,0.0,60.0,41,199.46951078424948,-5823971778.953606,5823971778.953606,23.034078534539436,60.0,texas,2070,2010,13,nuclear_gen_ii,1350.0,-0.00104311614063357,2.19496449322143,14947.164499999955,-904565.2005
5,0.9,0.0,0.0,0.0,0.0,0.04639,0.71281,10643400.0,10246.2,11819434,0.0,60.0,41,199.46951078424948,-5823971778.953606,5823971778.953606,23.034078534539436,60.0,texas,2070,2010,13,nuclear_gen_ii,1350.0,-0.00104311614063357,2.19496449322143,54947.164499999955,-908565.2005
5,0.9,0.0,0.0,0.0,0.0,0.04639,0.71281,10643400.0,10246.2,11969581,0.0,60.0,41,199.46951078424948,-5823971778.953606,5823971778.953606,23.034078534539436,60.0,texas,2070,2010,13,nuclear_gen_ii,1350.0,-0.00104311614063357,2.19496449322143,25947.164499999955,-940565.2005
5,0.9,0.0,0.0,0.0,0.0,0.04639,0.71281,10643400.0,10246.2,12044686,0.0,60.0,41,199.46951078424948,-5823971778.953606,5823971778.953606,23.034078534539436,60.0,texas,2070,2010,13,nuclear_gen_ii,1350.0,-0.00104311614063357,2.19496449322143,42947.164499999955,-956565.2005
5,0.115,0.0,0.0,0.0,0.25872,0.62952,14.83141,402960.0,9399.4,11608290,0.0,60.0,41,470.62758869981093,-5.616436160255531e+18,5.616436160255531e+18,5866286794497.894,60.0,texas,2070,2010,15,oil_ct_wo_ccs,400.0,-0.00398993418629034,10.0064557779212,95947.16449999996,-863565.2005
5,0.464,0.0,0.0,0.0,0.0,0.0,0.0,325171.2,3412.0,8979584,0.0,30.0,41,310.3802921002183,-100926732.03857842,100926732.03857842,0.0,30.0,texas,2040,2010,18,wind_onshore,80.0,-0.00249607760279447,0.0,-530052.8355,-303565.20050000004
5,0.464,0.0,0.0,0.0,0.0,0.0,0.0,325171.2,3412.0,9134537,0.0,30.0,41,310.3802921002183,-100926732.03857842,100926732.03857842,0.0,30.0,texas,2040,2010,18,wind_onshore,80.0,-0.00249607760279447,0.0,-446052.83550000004,-336565.20050000004
5,0.464,0.0,0.0,0.0,0.0,0.0,0.0,325171.2,3412.0,9543214,0.0,30.0,41,310.3802921002183,-100926732.03857842,100926732.03857842,0.0,30.0,texas,2040,2010,18,wind_onshore,80.0,-0.00249607760279447,0.0,-60052.835500000045,-423565.20050000004
5,0.464,0.0,0.0,0.0,0.0,0.0,0.0,325171.2,3412.0,9617914,0.0,30.0,41,310.3802921002183,-100926732.03857842,100926732.03857842,0.0,30.0,texas,2040,2010,18,wind_onshore,80.0,-0.00249607760279447,0.0,-448052.83550000004,-439565.20050000004
5,0.464,0.0,0.0,0.0,0.0,0.0,0.0,325171.2,3412.0,9688726,0.0,30.0,41,310.3802921002183,-100926732.03857842,100926732.03857842,0.0,30.0,texas,2040,2010,18,wind_onshore,80.0,-0.00249607760279447,0.0,-31052.835500000045,-454565.20050000004
5,0.464,0.0,0.0,0.0,0.0,0.0,0.0,325171.2,3412.0,9726234,0.0,30.0,41,310.3802921002183,-100926732.03857842,100926732.03857842,0.0,30.0,texas,2040,2010,18,wind_onshore,80.0,-0.00249607760279447,0.0,-67052.83550000004,-462565.20050000004
5,0.464,0.0,0.0,0.0,0.0,0.0,0.0,325171.2,3412.0,9796588,0.0,30.0,41,310.3802921002183,-100926732.03857842,100926732.03857842,0.0,30.0,texas,2040,2010,18,wind_onshore,80.0,-0.00249607760279447,0.0,-108052.83550000004,-477565.20050000004
5,0.464,0.0,0.0,0.0,0.0,0.0,0.0,325171.2,3412.0,9824741,0.0,30.0,41,310.3802921002183,-100926732.03857842,100926732.03857842,0.0,30.0,texas,2040,2010,18,wind_onshore,80.0,-0.00249607760279447,0.0,-113052.83550000004,-483565.20050000004
5,0.464,0.0,0.0,0.0,0.0,0.0,0.0,325171.2,3412.0,9843388,0.0,30.0,41,310.3802921002183,-100926732.03857842,100926732.03857842,0.0,30.0,texas,2040,2010,18,wind_onshore,80.0,-0.00249607760279447,0.0,-238052.83550000004,-487565.20050000004
5,0.464,0.0,0.0,0.0,0.0,0.0,0.0,325171.2,3412.0,9876470,0.0,30.0,41,310.3802921002183,-100926732.03857842,100926732.03857842,0.0,30.0,texas,2040,2010,18,wind_onshore,80.0,-0.00249607760279447,0.0,-7052.835500000045,-494565.20050000004
5,0.464,0.0,0.0,0.0,0.0,0.0,0.0,325171.2,3412.0,9909208,0.0,30.0,41,310.3802921002183,-100926732.03857842,100926732.03857842,0.0,30.0,texas,2040,2010,18,wind_onshore,80.0,-0.00249607760279447,0.0,-120052.83550000004,-501565.20050000004
5,0.464,0.0,0.0,0.0,0.0,0.0,0.0,325171.2,3412.0,9942044,0.0,30.0,41,310.3802921002183,-100926732.03857842,100926732.03857842,0.0,30.0,texas,2040,2010,18,wind_onshore,80.0,-0.00249607760279447,0.0,-135052.83550000004,-508565.20050000004
5,0.464,0.0,0.0,0.0,0.0,0.0,0.0,325171.2,3412.0,9946755,0.0,30.0,41,310.3802921002183,-100926732.03857842,100926732.03857842,0.0,30.0,texas,2040,2010,18,wind_onshore,80.0,-0.00249607760279447,0.0,-117052.83550000004,-509565.20050000004
5,0.464,0.0,0.0,0.0,0.0,0.0,0.0,325171.2,3412.0,9960903,0.0,30.0,41,310.3802921002183,-100926732.03857842,100926732.03857842,0.0,30.0,texas,2040,2010,18,wind_onshore,80.0,-0.00249607760279447,0.0,-48052.835500000045,-512565.20050000004
5,0.464,0.0,0.0,0.0,0.0,0.0,0.0,325171.2,3412.0,9979601,0.0,30.0,41,310.3802921002183,-100926732.03857842,100926732.03857842,0.0,30.0,texas,2040,2010,18,wind_onshore,80.0,-0.00249607760279447,0.0,-122052.83550000004,-516565.20050000004
5,0.464,0.0,0.0,0.0,0.0,0.0,0.0,325171.2,3412.0,10016810,0.0,30.0,41,310.3802921002183,-100926732.03857842,100926732.03857842,0.0,30.0,texas,2040,2010,18,wind_onshore,80.0,-0.00249607760279447,0.0,-457052.83550000004,-524565.2005
5,0.464,0.0,0.0,0.0,0.0,0.0,0.0,325171.2,3412.0,10035977,0.0,30.0,41,310.3802921002183,-100926732.03857842,100926732.03857842,0.0,30.0,texas,2040,2010,18,wind_onshore,80.0,-0.00249607760279447,0.0,-62052.835500000045,-528565.2005
5,0.464,0.0,0.0,0.0,0.0,0.0,0.0,325171.2,3412.0,10068838,0.0,30.0,41,310.3802921002183,-100926732.03857842,100926732.03857842,0.0,30.0,texas,2040,2010,18,wind_onshore,80.0,-0.00249607760279447,0.0,-52052.835500000045,-535565.2005
5,0.464,0.0,0.0,0.0,0.0,0.0,0.0,325171.2,3412.0,10082852,0.0,30.0,41,310.3802921002183,-100926732.03857842,100926732.03857842,0.0,30.0,texas,2040,2010,18,wind_onshore,80.0,-0.00249607760279447,0.0,-117052.83550000004,-538565.2005
5,0.464,0.0,0.0,0.0,0.0,0.0,0.0,325171.2,3412.0,10148603,0.0,30.0,41,310.3802921002183,-100926732.03857842,100926732.03857842,0.0,30.0,texas,2040,2010,18,wind_onshore,80.0,-0.00249607760279447,0.0,-68052.83550000004,-552565.2005
5,0.464,0.0,0.0,0.0,0.0,0.0,0.0,325171.2,3412.0,10157663,0.0,30.0,41,310.3802921002183,-100926732.03857842,100926732.03857842,0.0,30.0,texas,2040,2010,18,wind_onshore,80.0,-0.00249607760279447,0.0,-394052.83550000004,-554565.2005
5,0.464,0.0,0.0,0.0,0.0,0.0,0.0,325171.2,3412.0,10167324,0.0,30.0,41,310.3802921002183,-100926732.03857842,100926732.03857842,0.0,30.0,texas,2040,2010,18,wind_onshore,80.0,-0.00249607760279447,0.0,-119052.83550000004,-556565.2005
5,0.464,0.0,0.0,0.0,0.0,0.0,0.0,325171.2,3412.0,10171790,0.0,30.0,41,310.3802921002183,-100926732.03857842,100926732.03857842,0.0,30.0,texas,2040,2010,18,wind_onshore,80.0,-0.00249607760279447,0.0,-346052.83550000004,-557565.2005
5,0.464,0.0,0.0,0.0,0.0,0.0,0.0,325171.2,3412.0,10195479,0.0,30.0,41,310.3802921002183,-100926732.03857842,100926732.03857842,0.0,30.0,texas,2040,2010,18,wind_onshore,80.0,-0.00249607760279447,0.0,-122052.83550000004,-562565.2005
5,0.464,0.0,0.0,0.0,0.0,0.0,0.0,325171.2,3412.0,10204636,0.0,30.0,41,310.3802921002183,-100926732.03857842,100926732.03857842,0.0,30.0,texas,2040,2010,18,wind_onshore,80.0,-0.00249607760279447,0.0,-351052.83550000004,-564565.2005
5,0.464,0.0,0.0,0.0,0.0,0.0,0.0,325171.2,3412.0,10228193,0.0,30.0,41,310.3802921002183,-100926732.03857842,100926732.03857842,0.0,30.0,texas,2040,2010,18,wind_onshore,80.0,-0.00249607760279447,0.0,-259052.83550000004,-569565.2005
5,0.464,0.0,0.0,0.0,0.0,0.0,0.0,325171.2,3412.0,10255972,0.0,30.0,41,310.3802921002183,-100926732.03857842,100926732.03857842,0.0,30.0,texas,2040,2010,18,wind_onshore,80.0,-0.00249607760279447,0.0,-638052.8355,-575565.2005
5,0.464,0.0,0.0,0.0,0.0,0.0,0.0,325171.2,3412.0,10265936,0.0,30.0,41,310.3802921002183,-100926732.03857842,100926732.03857842,0.0,30.0,texas,2040,2010,18,wind_onshore,80.0,-0.00249607760279447,0.0,-60052.835500000045,-577565.2005
5,0.464,0.0,0.0,0.0,0.0,0.0,0.0,325171.2,3412.0,10270268,0.0,30.0,41,310.3802921002183,-100926732.03857842,100926732.03857842,0.0,30.0,texas,2040,2010,18,wind_onshore,80.0,-0.00249607760279447,0.0,-421052.83550000004,-578565.2005
5,0.464,0.0,0.0,0.0,0.0,0.0,0.0,325171.2,3412.0,10289062,0.0,30.0,41,310.3802921002183,-100926732.03857842,100926732.03857842,0.0,30.0,texas,2040,2010,18,wind_onshore,80.0,-0.00249607760279447,0.0,-399052.83550000004,-582565.2005
5,0.464,0.0,0.0,0.0,0.0,0.0,0.0,325171.2,3412.0,10307984,0.0,30.0,41,310.3802921002183,-100926732.03857842,100926732.03857842,0.0,30.0,texas,2040,2010,18,wind_onshore,80.0,-0.00249607760279447,0.0,-249052.83550000004,-586565.2005
5,0.464,0.0,0.0,0.0,0.0,0.0,0.0,325171.2,3412.0,10317124,0.0,30.0,41,310.3802921002183,-100926732.03857842,100926732.03857842,0.0,30.0,texas,2040,2010,18,wind_onshore,80.0,-0.00249607760279447,0.0,-495052.83550000004,-588565.2005
5,0.464,0.0,0.0,0.0,0.0,0.0,0.0,325171.2,3412.0,10345159,0.0,30.0,41,310.3802921002183,-100926732.03857842,100926732.03857842,0.0,30.0,texas,2040,2010,18,wind_onshore,80.0,-0.00249607760279447,0.0,-618052.8355,-594565.2005
5,0.464,0.0,0.0,0.0,0.0,0.0,0.0,325171.2,3412.0,10345208,0.0,30.0,41,310.3802921002183,-100926732.03857842,100926732.03857842,0.0,30.0,texas,2040,2010,18,wind_onshore,80.0,-0.00249607760279447,0.0,-569052.8355,-594565.2005
5,0.464,0.0,0.0,0.0,0.0,0.0,0.0,325171.2,3412.0,10382716,0.0,30.0,41,310.3802921002183,-100926732.03857842,100926732.03857842,0.0,30.0,texas,2040,2010,18,wind_onshore,80.0,-0.00249607760279447,0.0,-605052.8355,-602565.2005
5,0.464,0.0,0.0,0.0,0.0,0.0,0.0,325171.2,3412.0,10382735,0.0,30.0,41,310.3802921002183,-100926732.03857842,100926732.03857842,0.0,30.0,texas,2040,2010,18,wind_onshore,80.0,-0.00249607760279447,0.0,-586052.8355,-602565.2005
5,0.464,0.0,0.0,0.0,0.0,0.0,0.0,325171.2,3412.0,10387348,0.0,30.0,41,310.3802921002183,-100926732.03857842,100926732.03857842,0.0,30.0,texas,2040,2010,18,wind_onshore,80.0,-0.00249607760279447,0.0,-666052.8355,-603565.2005
5,0.464,0.0,0.0,0.0,0.0,0.0,0.0,325171.2,3412.0,10406004,0.0,30.0,41,310.3802921002183,-100926732.03857842,100926732.03857842,0.0,30.0,texas,2040,2010,18,wind_onshore,80.0,-0.00249607760279447,0.0,-782052.8355,-607565.2005
5,0.464,0.0,0.0,0.0,0.0,0.0,0.0,325171.2,3412.0,10429645,0.0,30.0,41,310.3802921002183,-100926732.03857842,100926732.03857842,0.0,30.0,texas,2040,2010,18,wind_onshore,80.0,-0.00249607760279447,0.0,-606052.8355,-612565.2005
5,0.464,0.0,0.0,0.0,0.0,0.0,0.0,325171.2,3412.0,10439040,0.0,30.0,41,310.3802921002183,-100926732.03857842,100926732.03857842,0.0,30.0,texas,2040,2010,18,wind_onshore,80.0,-0.00249607760279447,0.0,-597052.8355,-614565.2005
5,0.464,0.0,0.0,0.0,0.0,0.0,0.0,325171.2,3412.0,10546918,0.0,30.0,41,310.3802921002183,-100926732.03857842,100926732.03857842,0.0,30.0,texas,2040,2010,18,wind_onshore,80.0,-0.00249607760279447,0.0,-658052.8355,-637565.2005
5,0.464,0.0,0.0,0.0,0.0,0.0,0.0,325171.2,3412.0,10612729,0.0,30.0,41,310.3802921002183,-100926732.03857842,100926732.03857842,0.0,30.0,texas,2040,2010,18,wind_onshore,80.0,-0.00249607760279447,0.0,-549052.8355,-651565.2005
5,0.464,0.0,0.0,0.0,0.0,0.0,0.0,325171.2,3412.0,10626756,0.0,30.0,41,310.3802921002183,-100926732.03857842,100926732.03857842,0.0,30.0,texas,2040,2010,18,wind_onshore,80.0,-0.00249607760279447,0.0,-601052.8355,-654565.2005
5,0.464,0.0,0.0,0.0,0.0,0.0,0.0,325171.2,3412.0,10669175,0.0,30.0,41,310.3802921002183,-100926732.03857842,100926732.03857842,0.0,30.0,texas,2040,2010,18,wind_onshore,80.0,-0.00249607760279447,0.0,-419052.83550000004,-663565.2005
5,0.464,0.0,0.0,0.0,0.0,0.0,0.0,325171.2,3412.0,10734870,0.0,30.0,41,310.3802921002183,-100926732.03857842,100926732.03857842,0.0,30.0,texas,2040,2010,18,wind_onshore,80.0,-0.00249607760279447,0.0,-426052.83550000004,-677565.2005
5,0.464,0.0,0.0,0.0,0.0,0.0,0.0,325171.2,3412.0,10744214,0.0,30.0,41,310.3802921002183,-100926732.03857842,100926732.03857842,0.0,30.0,texas,2040,2010,18,wind_onshore,80.0,-0.00249607760279447,0.0,-468052.83550000004,-679565.2005
5,0.464,0.0,0.0,0.0,0.0,0.0,0.0,325171.2,3412.0,10791021,0.0,30.0,41,310.3802921002183,-100926732.03857842,100926732.03857842,0.0,30.0,texas,2040,2010,18,wind_onshore,80.0,-0.00249607760279447,0.0,-591052.8355,-689565.2005
5,0.464,0.0,0.0,0.0,0.0,0.0,0.0,325171.2,3412.0,10809786,0.0,30.0,41,310.3802921002183,-100926732.03857842,100926732.03857842,0.0,30.0,texas,2040,2010,18,wind_onshore,80.0,-0.00249607760279447,0.0,-598052.8355,-693565.2005
5,0.464,0.0,0.0,0.0,0.0,0.0,0.0,325171.2,3412.0,10842530,0.0,30.0,41,310.3802921002183,-100926732.03857842,100926732.03857842,0.0,30.0,texas,2040,2010,18,wind_onshore,80.0,-0.00249607760279447,0.0,-705052.8355,-700565.2005
5,0.464,0.0,0.0,0.0,0.0,0.0,0.0,325171.2,3412.0,10894677,0.0,30.0,41,310.3802921002183,-100926732.03857842,100926732.03857842,0.0,30.0,texas,2040,2010,18,wind_onshore,80.0,-0.00249607760279447,0.0,-181052.83550000004,-711565.2005
5,0.464,0.0,0.0,0.0,0.0,0.0,0.0,325171.2,3412.0,10988280,0.0,30.0,41,310.3802921002183,-100926732.03857842,100926732.03857842,0.0,30.0,texas,2040,2010,18,wind_onshore,80.0,-0.00249607760279447,0.0,-438052.83550000004,-731565.2005
5,0.464,0.0,0.0,0.0,0.0,0.0,0.0,325171.2,3412.0,11077671,0.0,30.0,41,310.3802921002183,-100926732.03857842,100926732.03857842,0.0,30.0,texas,2040,2010,18,wind_onshore,80.0,-0.00249607760279447,0.0,-214052.83550000004,-750565.2005
5,0.464,0.0,0.0,0.0,0.0,0.0,0.0,325171.2,3412.0,11148244,0.0,30.0,41,310.3802921002183,-100926732.03857842,100926732.03857842,0.0,30.0,texas,2040,2010,18,wind_onshore,80.0,-0.00249607760279447,0.0,-36052.835500000045,-765565.2005
5,0.464,0.0,0.0,0.0,0.0,0.0,0.0,325171.2,3412.0,11152816,0.0,30.0,41,310.3802921002183,-100926732.03857842,100926732.03857842,0.0,30.0,texas,2040,2010,18,wind_onshore,80.0,-0.00249607760279447,0.0,-157052.83550000004,-766565.2005
5,0.464,0.0,0.0,0.0,0.0,0.0,0.0,325171.2,3412.0,11170976,0.0,30.0,41,310.3802921002183,-100926732.03857842,100926732.03857842,0.0,30.0,texas,2040,2010,18,wind_onshore,80.0,-0.00249607760279447,0.0,-769052.8355,-770565.2005
5,0.464,0.0,0.0,0.0,0.0,0.0,0.0,325171.2,3412.0,11237272,0.0,30.0,41,310.3802921002183,-100926732.03857842,100926732.03857842,0.0,30.0,texas,2040,2010,18,wind_onshore,80.0,-0.00249607760279447,0.0,-175052.83550000004,-784565.2005
5,0.464,0.0,0.0,0.0,0.0,0.0,0.0,325171.2,3412.0,11288880,0.0,30.0,41,310.3802921002183,-100926732.03857842,100926732.03857842,0.0,30.0,texas,2040,2010,18,wind_onshore,80.0,-0.00249607760279447,0.0,-190052.83550000004,-795565.2005
5,0.464,0.0,0.0,0.0,0.0,0.0,0.0,325171.2,3412.0,11354593,0.0,30.0,41,310.3802921002183,-100926732.03857842,100926732.03857842,0.0,30.0,texas,2040,2010,18,wind_onshore,80.0,-0.00249607760279447,0.0,-179052.83550000004,-809565.2005
5,0.464,0.0,0.0,0.0,0.0,0.0,0.0,325171.2,3412.0,11363986,0.0,30.0,41,310.3802921002183,-100926732.03857842,100926732.03857842,0.0,30.0,texas,2040,2010,18,wind_onshore,80.0,-0.00249607760279447,0.0,-172052.83550000004,-811565.2005
5,0.464,0.0,0.0,0.0,0.0,0.0,0.0,325171.2,3412.0,11438945,0.0,30.0,41,310.3802921002183,-100926732.03857842,100926732.03857842,0.0,30.0,texas,2040,2010,18,wind_onshore,80.0,-0.00249607760279447,0.0,-301052.83550000004,-827565.2005
5,0.464,0.0,0.0,0.0,0.0,0.0,0.0,325171.2,3412.0,11485882,0.0,30.0,41,310.3802921002183,-100926732.03857842,100926732.03857842,0.0,30.0,texas,2040,2010,18,wind_onshore,80.0,-0.00249607760279447,0.0,-294052.83550000004,-837565.2005
5,0.464,0.0,0.0,0.0,0.0,0.0,0.0,325171.2,3412.0,11556673,0.0,30.0,41,310.3802921002183,-100926732.03857842,100926732.03857842,0.0,30.0,texas,2040,2010,18,wind_onshore,80.0,-0.00249607760279447,0.0,101947.16449999996,-852565.2005
5,0.464,0.0,0.0,0.0,0.0,0.0,0.0,325171.2,3412.0,11626764,0.0,30.0,41,310.3802921002183,-100926732.03857842,100926732.03857842,0.0,30.0,texas,2040,2010,18,wind_onshore,80.0,-0.00249607760279447,0.0,-202052.83550000004,-867565.2005
5,0.464,0.0,0.0,0.0,0.0,0.0,0.0,325171.2,3412.0,11636442,0.0,30.0,41,310.3802921002183,-100926732.03857842,100926732.03857842,0.0,30.0,texas,2040,2010,18,wind_onshore,80.0,-0.00249607760279447,0.0,89947.16449999996,-869565.2005
5,0.464,0.0,0.0,0.0,0.0,0.0,0.0,325171.2,3412.0,11683043,0.0,30.0,41,310.3802921002183,-100926732.03857842,100926732.03857842,0.0,30.0,texas,2040,2010,18,wind_onshore,80.0,-0.00249607760279447,0.0,-239052.83550000004,-879565.2005
5,0.464,0.0,0.0,0.0,0.0,0.0,0.0,325171.2,3412.0,11706903,0.0,30.0,41,310.3802921002183,-100926732.03857842,100926732.03857842,0.0,30.0,texas,2040,2010,18,wind_onshore,80.0,-0.00249607760279447,0.0,155947.16449999996,-884565.2005
5,0.464,0.0,0.0,0.0,0.0,0.0,0.0,325171.2,3412.0,11716152,0.0,30.0,41,310.3802921002183,-100926732.03857842,100926732.03857842,0.0,30.0,texas,2040,2010,18,wind_onshore,80.0,-0.00249607760279447,0.0,18947.164499999955,-886565.2005
5,0.464,0.0,0.0,0.0,0.0,0.0,0.0,325171.2,3412.0,11734998,0.0,30.0,41,310.3802921002183,-100926732.03857842,100926732.03857842,0.0,30.0,texas,2040,2010,18,wind_onshore,80.0,-0.00249607760279447,0.0,92947.16449999996,-890565.2005
5,0.464,0.0,0.0,0.0,0.0,0.0,0.0,325171.2,3412.0,11791319,0.0,30.0,41,310.3802921002183,-100926732.03857842,100926732.03857842,0.0,30.0,texas,2040,2010,18,wind_onshore,80.0,-0.00249607760279447,0.0,97947.16449999996,-902565.2005
5,0.464,0.0,0.0,0.0,0.0,0.0,0.0,325171.2,3412.0,11810098,0.0,30.0,41,310.3802921002183,-100926732.03857842,100926732.03857842,0.0,30.0,texas,2040,2010,18,wind_onshore,80.0,-0.00249607760279447,0.0,104947.16449999996,-906565.2005
5,0.464,0.0,0.0,0.0,0.0,0.0,0.0,325171.2,3412.0,11885089,0.0,30.0,41,310.3802921002183,-100926732.03857842,100926732.03857842,0.0,30.0,texas,2040,2010,18,wind_onshore,80.0,-0.00249607760279447,0.0,7947.164499999955,-922565.2005
5,0.464,0.0,0.0,0.0,0.0,0.0,0.0,325171.2,3412.0,11917987,0.0,30.0,41,310.3802921002183,-100926732.03857842,100926732.03857842,0.0,30.0,texas,2040,2010,18,wind_onshore,80.0,-0.00249607760279447,0.0,54947.164499999955,-929565.2005
5,0.464,0.0,0.0,0.0,0.0,0.0,0.0,325171.2,3412.0,12006955,0.0,30.0,41,310.3802921002183,-100926732.03857842,100926732.03857842,0.0,30.0,texas,2040,2010,18,wind_onshore,80.0,-0.00249607760279447,0.0,-144052.83550000004,-948565.2005
5,0.464,0.0,0.0,0.0,0.0,0.0,0.0,325171.2,3412.0,12053766,0.0,30.0,41,310.3802921002183,-100926732.03857842,100926732.03857842,0.0,30.0,texas,2040,2010,18,wind_onshore,80.0,-0.00249607760279447,0.0,-263052.83550000004,-958565.2005
5,0.464,0.0,0.0,0.0,0.0,0.0,0.0,325171.2,3412.0,12617042,0.0,30.0,41,310.3802921002183,-100926732.03857842,100926732.03857842,0.0,30.0,texas,2040,2010,18,wind_onshore,80.0,-0.00249607760279447,0.0,-147052.83550000004,-1078565.2005
5,0.464,0.0,0.0,0.0,0.0,0.0,0.0,325171.2,3412.0,12645124,0.0,30.0,41,310.3802921002183,-100926732.03857842,100926732.03857842,0.0,30.0,texas,2040,2010,18,wind_onshore,80.0,-0.00249607760279447,0.0,-223052.83550000004,-1084565.2005
5,0.464,0.0,0.0,0.0,0.0,0.0,0.0,325171.2,3412.0,12851541,0.0,30.0,41,310.3802921002183,-100926732.03857842,100926732.03857842,0.0,30.0,texas,2040,2010,18,wind_onshore,80.0,-0.00249607760279447,0.0,-298052.83550000004,-1128565.2005
5,0.464,0.0,0.0,0.0,0.0,0.0,0.0,325171.2,3412.0,13381930,0.0,30.0,41,310.3802921002183,-100926732.03857842,100926732.03857842,0.0,30.0,texas,2040,2010,18,wind_onshore,80.0,-0.00249607760279447,0.0,-218052.83550000004,-1241565.2005
5,0.464,0.0,0.0,0.0,0.0,0.0,0.0,325171.2,3412.0,13433555,0.0,30.0,41,310.3802921002183,-100926732.03857842,100926732.03857842,0.0,30.0,texas,2040,2010,18,wind_onshore,80.0,-0.00249607760279447,0.0,-216052.83550000004,-1252565.2005
5,0.464,0.0,0.0,0.0,0.0,0.0,0.0,325171.2,3412.0,13466420,0.0,30.0,41,310.3802921002183,-100926732.03857842,100926732.03857842,0.0,30.0,texas,2040,2010,18,wind_onshore,80.0,-0.00249607760279447,0.0,-202052.83550000004,-1259565.2005
5,0.733,0.0,0.0,0.0,0.36036,0.09122,2.39413,3852648.0,8594.5,4689410,0.0,60.0,55,121.30527217764407,-4912588829.423615,4912588829.423615,264.9743317533887,60.0,utah,2070,2010,4,coal_conv_pul_wo_ccs,600.0,-0.00398993418629034,4.0025823111685,-1302052.8355,610434.7995
5,0.733,0.0,0.0,0.0,0.36036,0.09122,2.39413,3852648.0,8594.5,4750398,0.0,60.0,55,121.30527217764407,-4912588829.423615,4912588829.423615,264.9743317533887,60.0,utah,2070,2010,4,coal_conv_pul_wo_ccs,600.0,-0.00398993418629034,4.0025823111685,-1323052.8355,597434.7995
5,0.733,0.0,0.0,0.0,0.36036,0.09122,2.39413,3852648.0,8594.5,4750404,0.0,60.0,55,121.30527217764407,-4912588829.423615,4912588829.423615,264.9743317533887,60.0,utah,2070,2010,4,coal_conv_pul_wo_ccs,600.0,-0.00398993418629034,4.0025823111685,-1317052.8355,597434.7995
5,0.733,0.0,0.0,0.0,0.36036,0.09122,2.39413,3852648.0,8594.5,4755115,0.0,60.0,55,121.30527217764407,-4912588829.423615,4912588829.423615,264.9743317533887,60.0,utah,2070,2010,4,coal_conv_pul_wo_ccs,600.0,-0.00398993418629034,4.0025823111685,-1299052.8355,596434.7995
5,0.733,0.0,0.0,0.0,0.36036,0.09122,2.39413,3852648.0,8594.5,4806740,0.0,60.0,55,121.30527217764407,-4912588829.423615,4912588829.423615,264.9743317533887,60.0,utah,2070,2010,4,coal_conv_pul_wo_ccs,600.0,-0.00398993418629034,4.0025823111685,-1297052.8355,585434.7995
5,0.733,0.0,0.0,0.0,0.36036,0.09122,2.39413,3852648.0,8594.5,4811407,0.0,60.0,55,121.30527217764407,-4912588829.423615,4912588829.423615,264.9743317533887,60.0,utah,2070,2010,4,coal_conv_pul_wo_ccs,600.0,-0.00398993418629034,4.0025823111685,-1323052.8355,584434.7995
5,0.733,0.0,0.0,0.0,0.36036,0.09122,2.39413,3852648.0,8594.5,6097187,0.0,60.0,55,121.30527217764407,-4912588829.423615,4912588829.423615,264.9743317533887,60.0,utah,2070,2010,4,coal_conv_pul_wo_ccs,600.0,-0.00398993418629034,4.0025823111685,-1425052.8355,310434.79949999996
5,0.733,0.0,0.0,0.0,0.36036,0.09122,2.39413,3852648.0,8594.5,6106779,0.0,60.0,55,121.30527217764407,-4912588829.423615,4912588829.423615,264.9743317533887,60.0,utah,2070,2010,4,coal_conv_pul_wo_ccs,600.0,-0.00398993418629034,4.0025823111685,-1219052.8355,308434.79949999996
5,0.733,0.0,0.0,0.0,0.36036,0.09122,2.39413,3852648.0,8594.5,6350825,0.0,60.0,55,121.30527217764407,-4912588829.423615,4912588829.423615,264.9743317533887,60.0,utah,2070,2010,4,coal_conv_pul_wo_ccs,600.0,-0.00398993418629034,4.0025823111685,-1209052.8355,256434.79949999996
5,0.272,0.0,0.0,0.0,0.18744,0.02067,4.12527,953088.0000000001,5923.6,5717135,0.0,60.0,55,306.68766017381205,-401086635.42541057,401086635.42541057,39.97020950119198,60.0,utah,2070,2010,8,gas_cc_wo_ccs,400.0,-0.00398993418629034,3.48612007746934,-1344052.8355,391434.79949999996
5,0.272,0.0,0.0,0.0,0.18744,0.02067,4.12527,953088.0000000001,5923.6,6008184,0.0,60.0,55,306.68766017381205,-401086635.42541057,401086635.42541057,39.97020950119198,60.0,utah,2070,2010,8,gas_cc_wo_ccs,400.0,-0.00398993418629034,3.48612007746934,-1261052.8355,329434.79949999996
5,0.272,0.0,0.0,0.0,0.18744,0.02067,4.12527,953088.0000000001,5923.6,6167726,0.0,60.0,55,306.68766017381205,-401086635.42541057,401086635.42541057,39.97020950119198,60.0,utah,2070,2010,8,gas_cc_wo_ccs,400.0,-0.00398993418629034,3.48612007746934,-1281052.8355,295434.79949999996
5,0.41,0.0,0.0,0.0,0.18744,0.02067,4.12527,1436640.0,7337.6,4966353,0.0,60.0,55,266.306560179333,-500104504.4689382,500104504.4689382,52.01903465357184,60.0,utah,2070,2010,9,gas_cc_w_ccs,400.0,-0.00398993418629034,7.00451904454487,-1246052.8355,551434.7995
5,0.41,0.0,0.0,0.0,0.18744,0.02067,4.12527,1436640.0,7337.6,5360472,0.0,60.0,55,266.306560179333,-500104504.4689382,500104504.4689382,52.01903465357184,60.0,utah,2070,2010,9,gas_cc_w_ccs,400.0,-0.00398993418629034,7.00451904454487,-1339052.8355,467434.79949999996
5,0.41,0.0,0.0,0.0,0.18744,0.02067,4.12527,1436640.0,7337.6,5426174,0.0,60.0,55,266.306560179333,-500104504.4689382,500104504.4689382,52.01903465357184,60.0,utah,2070,2010,9,gas_cc_w_ccs,400.0,-0.00398993418629034,7.00451904454487,-1339052.8355,453434.79949999996
5,0.41,0.0,0.0,0.0,0.18744,0.02067,4.12527,1436640.0,7337.6,5670206,0.0,60.0,55,266.306560179333,-500104504.4689382,500104504.4689382,52.01903465357184,60.0,utah,2070,2010,9,gas_cc_w_ccs,400.0,-0.00398993418629034,7.00451904454487,-1343052.8355,401434.79949999996
5,0.41,0.0,0.0,0.0,0.18744,0.02067,4.12527,1436640.0,7337.6,5731453,0.0,60.0,55,266.306560179333,-500104504.4689382,500104504.4689382,52.01903465357184,60.0,utah,2070,2010,9,gas_cc_w_ccs,400.0,-0.00398993418629034,7.00451904454487,-1105052.8355,388434.79949999996
5,0.464,0.0,0.0,0.0,0.0,0.0,0.0,325171.2,3412.0,5918991,0.0,30.0,55,254.62264490813075,-82795950.99195069,82795950.99195069,0.0,30.0,utah,2040,2010,18,wind_onshore,80.0,-0.00249607760279447,0.0,-1287052.8355,348434.79949999996
5,0.609,0.0,0.0,0.0,0.3036,0.0,0.0,426787.2,12827.1,2852843,0.0,60.0,17,79.64905501677156,-30006434.498880416,30006434.498880416,9.341336090617133,60.0,vermont,2070,2010,0,biomass_conv_wo_ccs,80.0,-0.00398993418629034,10.0064557779212,1786947.1645,1002434.7995
5,0.609,0.0,0.0,0.0,0.3036,0.0,0.0,426787.2,12827.1,6433576,147679.37330486887,60.0,30,173.69232423274417,-69995218.67310666,70142898.04641153,9.341336090617133,60.0,virginia,2070,2010,0,biomass_conv_wo_ccs,80.0,-0.00398993418629034,10.0064557779212,1760947.1645,239434.79949999996
5,0.609,0.0,0.0,0.0,0.3036,0.0,0.0,426787.2,12827.1,6438281,101307.21430606961,60.0,30,173.69232423274417,-70041590.83210546,70142898.04641153,9.341336090617133,60.0,virginia,2070,2010,0,biomass_conv_wo_ccs,80.0,-0.00398993418629034,10.0064557779212,1772947.1645,238434.79949999996
5,0.733,0.0,0.0,0.0,0.36036,0.09122,2.39413,3852648.0,8594.5,6452080,0.0,60.0,5,161.75266142953421,-6891004277.200311,6891004277.200311,264.9743317533887,60.0,virginia,2070,2010,4,coal_conv_pul_wo_ccs,600.0,-0.00398993418629034,4.0025823111685,1492947.1645,235434.79949999996
5,0.733,0.0,0.0,0.0,0.36036,0.09122,2.39413,3852648.0,8594.5,6550675,0.0,60.0,5,161.75266142953421,-6891004277.200311,6891004277.200311,264.9743317533887,60.0,virginia,2070,2010,4,coal_conv_pul_wo_ccs,600.0,-0.00398993418629034,4.0025823111685,1534947.1645,214434.79949999996
5,0.733,0.0,0.0,0.0,0.36036,0.09122,2.39413,3852648.0,8594.5,6606938,0.0,60.0,5,161.75266142953421,-6891004277.200311,6891004277.200311,264.9743317533887,60.0,virginia,2070,2010,4,coal_conv_pul_wo_ccs,600.0,-0.00398993418629034,4.0025823111685,1481947.1645,202434.79949999996
5,0.733,0.0,0.0,0.0,0.36036,0.09122,2.39413,3852648.0,8594.5,6743222,0.0,60.0,5,161.75266142953421,-6891004277.200311,6891004277.200311,264.9743317533887,60.0,virginia,2070,2010,4,coal_conv_pul_wo_ccs,600.0,-0.00398993418629034,4.0025823111685,1668947.1645,173434.79949999996
5,0.733,0.0,0.0,0.0,0.36036,0.09122,2.39413,3852648.0,8594.5,6841552,0.0,60.0,5,161.75266142953421,-6891004277.200311,6891004277.200311,264.9743317533887,60.0,virginia,2070,2010,4,coal_conv_pul_wo_ccs,600.0,-0.00398993418629034,4.0025823111685,1445947.1645,152434.79949999996
5,0.733,0.0,0.0,0.0,0.36036,0.09122,2.39413,3852648.0,8594.5,7043468,0.0,60.0,5,161.75266142953421,-6891004277.200311,6891004277.200311,264.9743317533887,60.0,virginia,2070,2010,4,coal_conv_pul_wo_ccs,600.0,-0.00398993418629034,4.0025823111685,1562947.1645,109434.79949999996
5,0.733,0.0,0.0,0.0,0.36036,0.09122,2.39413,3852648.0,8594.5,7066888,0.0,60.0,5,161.75266142953421,-6891004277.200311,6891004277.200311,264.9743317533887,60.0,virginia,2070,2010,4,coal_conv_pul_wo_ccs,600.0,-0.00398993418629034,4.0025823111685,1517947.1645,104434.79949999996
5,0.272,0.0,0.0,0.0,0.18744,0.02067,4.12527,953088.0000000001,5923.6,6184689,35817.509109470324,60.0,5,345.9251482283794,-457239544.7417699,457275362.2508794,39.97020950119198,60.0,virginia,2070,2010,8,gas_cc_wo_ccs,400.0,-0.00398993418629034,3.48612007746934,1602947.1645,292434.79949999996
5,0.272,0.0,0.0,0.0,0.18744,0.02067,4.12527,953088.0000000001,5923.6,6377030,35817.509109470324,60.0,5,345.9251482283794,-457239544.7417699,457275362.2508794,39.97020950119198,60.0,virginia,2070,2010,8,gas_cc_wo_ccs,400.0,-0.00398993418629034,3.48612007746934,1530947.1645,251434.79949999996
5,0.272,0.0,0.0,0.0,0.18744,0.02067,4.12527,953088.0000000001,5923.6,6442723,35817.509109470324,60.0,5,345.9251482283794,-457239544.7417699,457275362.2508794,39.97020950119198,60.0,virginia,2070,2010,8,gas_cc_wo_ccs,400.0,-0.00398993418629034,3.48612007746934,1521947.1645,237434.79949999996
5,0.272,0.0,0.0,0.0,0.18744,0.02067,4.12527,953088.0000000001,5923.6,6541357,35817.509109470324,60.0,5,345.9251482283794,-457239544.7417699,457275362.2508794,39.97020950119198,60.0,virginia,2070,2010,8,gas_cc_wo_ccs,400.0,-0.00398993418629034,3.48612007746934,1602947.1645,216434.79949999996
5,0.272,0.0,0.0,0.0,0.18744,0.02067,4.12527,953088.0000000001,5923.6,6658551,35817.509109470324,60.0,5,345.9251482283794,-457239544.7417699,457275362.2508794,39.97020950119198,60.0,virginia,2070,2010,8,gas_cc_wo_ccs,400.0,-0.00398993418629034,3.48612007746934,1471947.1645,191434.79949999996
5,0.272,0.0,0.0,0.0,0.18744,0.02067,4.12527,953088.0000000001,5923.6,6766635,35817.509109470324,60.0,5,345.9251482283794,-457239544.7417699,457275362.2508794,39.97020950119198,60.0,virginia,2070,2010,8,gas_cc_wo_ccs,400.0,-0.00398993418629034,3.48612007746934,1616947.1645,168434.79949999996
5,0.272,0.0,0.0,0.0,0.18744,0.02067,4.12527,953088.0000000001,5923.6,6912124,0.0,60.0,5,345.9251482283794,-457275362.2508794,457275362.2508794,39.97020950119198,60.0,virginia,2070,2010,8,gas_cc_wo_ccs,400.0,-0.00398993418629034,3.48612007746934,1622947.1645,137434.79949999996
5,0.272,0.0,0.0,0.0,0.18744,0.02067,4.12527,953088.0000000001,5923.6,7310878,0.0,60.0,5,345.9251482283794,-457275362.2508794,457275362.2508794,39.97020950119198,60.0,virginia,2070,2010,8,gas_cc_wo_ccs,400.0,-0.00398993418629034,3.48612007746934,1471947.1645,52434.799499999965
5,0.41,0.0,0.0,0.0,0.18744,0.02067,4.12527,1436640.0,7337.6,6067335,0.0,60.0,5,306.0128612465472,-585812705.3838813,585812705.3838813,52.01903465357184,60.0,virginia,2070,2010,9,gas_cc_w_ccs,400.0,-0.00398993418629034,7.00451904454487,1573947.1645,317434.79949999996
5,0.41,0.0,0.0,0.0,0.18744,0.02067,4.12527,1436640.0,7337.6,6109581,0.0,60.0,5,306.0128612465472,-585812705.3838813,585812705.3838813,52.01903465357184,60.0,virginia,2070,2010,9,gas_cc_w_ccs,400.0,-0.00398993418629034,7.00451904454487,1582947.1645,308434.79949999996
5,0.41,0.0,0.0,0.0,0.18744,0.02067,4.12527,1436640.0,7337.6,6156521,0.0,60.0,5,306.0128612465472,-585812705.3838813,585812705.3838813,52.01903465357184,60.0,virginia,2070,2010,9,gas_cc_w_ccs,400.0,-0.00398993418629034,7.00451904454487,1592947.1645,298434.79949999996
5,0.41,0.0,0.0,0.0,0.18744,0.02067,4.12527,1436640.0,7337.6,6161200,0.0,60.0,5,306.0128612465472,-585812705.3838813,585812705.3838813,52.01903465357184,60.0,virginia,2070,2010,9,gas_cc_w_ccs,400.0,-0.00398993418629034,7.00451904454487,1578947.1645,297434.79949999996
5,0.41,0.0,0.0,0.0,0.18744,0.02067,4.12527,1436640.0,7337.6,6311362,0.0,60.0,5,306.0128612465472,-585812705.3838813,585812705.3838813,52.01903465357184,60.0,virginia,2070,2010,9,gas_cc_w_ccs,400.0,-0.00398993418629034,7.00451904454487,1564947.1645,265434.79949999996
5,0.41,0.0,0.0,0.0,0.18744,0.02067,4.12527,1436640.0,7337.6,6377278,1790831.4090923774,60.0,30,333.78550287481244,-643970624.7935736,645761456.202666,52.01903465357184,60.0,virginia,2070,2010,9,gas_cc_w_ccs,400.0,-0.00398993418629034,7.00451904454487,1778947.1645,251434.79949999996
5,0.41,0.0,0.0,0.0,0.18744,0.02067,4.12527,1436640.0,7337.6,6386658,1828526.6503325948,60.0,30,333.78550287481244,-643932929.5523335,645761456.202666,52.01903465357184,60.0,virginia,2070,2010,9,gas_cc_w_ccs,400.0,-0.00398993418629034,7.00451904454487,1772947.1645,249434.79949999996
5,0.41,0.0,0.0,0.0,0.18744,0.02067,4.12527,1436640.0,7337.6,6423983,0.0,60.0,5,306.0128612465472,-585812705.3838813,585812705.3838813,52.01903465357184,60.0,virginia,2070,2010,9,gas_cc_w_ccs,400.0,-0.00398993418629034,7.00451904454487,1553947.1645,241434.79949999996
5,0.41,0.0,0.0,0.0,0.18744,0.02067,4.12527,1436640.0,7337.6,6452341,2359980.4181617256,60.0,30,333.78550287481244,-643401475.7845043,645761456.202666,52.01903465357184,60.0,virginia,2070,2010,9,gas_cc_w_ccs,400.0,-0.00398993418629034,7.00451904454487,1753947.1645,235434.79949999996
5,0.41,0.0,0.0,0.0,0.18744,0.02067,4.12527,1436640.0,7337.6,6968450,0.0,60.0,5,306.0128612465472,-585812705.3838813,585812705.3838813,52.01903465357184,60.0,virginia,2070,2010,9,gas_cc_w_ccs,400.0,-0.00398993418629034,7.00451904454487,1632947.1645,125434.79949999996
5,0.41,0.0,0.0,0.0,0.18744,0.02067,4.12527,1436640.0,7337.6,7024758,0.0,60.0,5,306.0128612465472,-585812705.3838813,585812705.3838813,52.01903465357184,60.0,virginia,2070,2010,9,gas_cc_w_ccs,400.0,-0.00398993418629034,7.00451904454487,1624947.1645,113434.79949999996
5,0.41,0.0,0.0,0.0,0.18744,0.02067,4.12527,1436640.0,7337.6,7057686,0.0,60.0,5,306.0128612465472,-585812705.3838813,585812705.3838813,52.01903465357184,60.0,virginia,2070,2010,9,gas_cc_w_ccs,400.0,-0.00398993418629034,7.00451904454487,1701947.1645,106434.79949999996
5,0.41,0.0,0.0,0.0,0.18744,0.02067,4.12527,1436640.0,7337.6,7104645,0.0,60.0,5,306.0128612465472,-585812705.3838813,585812705.3838813,52.01903465357184,60.0,virginia,2070,2010,9,gas_cc_w_ccs,400.0,-0.00398993418629034,7.00451904454487,1730947.1645,96434.79949999996
5,0.41,0.0,0.0,0.0,0.18744,0.02067,4.12527,1436640.0,7337.6,7231244,0.0,60.0,5,306.0128612465472,-585812705.3838813,585812705.3838813,52.01903465357184,60.0,virginia,2070,2010,9,gas_cc_w_ccs,400.0,-0.00398993418629034,7.00451904454487,1618947.1645,69434.79949999996
5,0.41,0.0,0.0,0.0,0.18744,0.02067,4.12527,1436640.0,7337.6,7306232,0.0,60.0,5,306.0128612465472,-585812705.3838813,585812705.3838813,52.01903465357184,60.0,virginia,2070,2010,9,gas_cc_w_ccs,400.0,-0.00398993418629034,7.00451904454487,1518947.1645,53434.799499999965
5,0.9,0.0,0.0,0.0,0.0,0.04639,0.71281,10643400.0,10246.2,6738260,0.0,60.0,5,182.77803879475618,-5316110913.879492,5316110913.879492,23.034078534539436,60.0,virginia,2070,2010,13,nuclear_gen_ii,1350.0,-0.00104311614063357,2.19496449322143,1399947.1645,174434.79949999996
5,0.9,0.0,0.0,0.0,0.0,0.04639,0.71281,10643400.0,10246.2,7081124,0.0,60.0,5,182.77803879475618,-5316110913.879492,5316110913.879492,23.034078534539436,60.0,virginia,2070,2010,13,nuclear_gen_ii,1350.0,-0.00104311614063357,2.19496449322143,1674947.1645,101434.79949999996
5,0.115,0.0,0.0,0.0,0.25872,0.62952,14.83141,402960.0,9399.4,6405423,0.0,60.0,30,485.5171880213546,-5.868915396402462e+18,5.868915396402462e+18,5866286794497.894,60.0,virginia,2070,2010,15,oil_ct_wo_ccs,400.0,-0.00398993418629034,10.0064557779212,1765947.1645,245434.79949999996
5,0.115,0.0,0.0,0.0,0.25872,0.62952,14.83141,402960.0,9399.4,6663525,0.0,60.0,30,485.5171880213546,-5.868915396402462e+18,5.868915396402462e+18,5866286794497.894,60.0,virginia,2070,2010,15,oil_ct_wo_ccs,400.0,-0.00398993418629034,10.0064557779212,1752947.1645,190434.79949999996
5,0.115,0.0,0.0,0.0,0.25872,0.62952,14.83141,402960.0,9399.4,6710452,0.0,60.0,30,485.5171880213546,-5.868915396402462e+18,5.868915396402462e+18,5866286794497.894,60.0,virginia,2070,2010,15,oil_ct_wo_ccs,400.0,-0.00398993418629034,10.0064557779212,1749947.1645,180434.79949999996
5,0.115,0.0,0.0,0.0,0.25872,0.62952,14.83141,402960.0,9399.4,6780845,0.0,60.0,30,485.5171880213546,-5.868915396402462e+18,5.868915396402462e+18,5866286794497.894,60.0,virginia,2070,2010,15,oil_ct_wo_ccs,400.0,-0.00398993418629034,10.0064557779212,1747947.1645,165434.79949999996
5,0.609,0.0,0.0,0.0,0.3036,0.0,0.0,426787.2,12827.1,1568176,0.0,60.0,56,88.92711774391564,-33966192.911622606,33966192.911622606,9.341336090617133,60.0,washington,2070,2010,0,biomass_conv_wo_ccs,80.0,-0.00398993418629034,10.0064557779212,-1691052.8355,1275434.7995
5,0.733,0.0,0.0,0.0,0.36036,0.09122,2.39413,3852648.0,8594.5,568320,0.0,60.0,56,102.76323234930929,-4005636397.927583,4005636397.927583,264.9743317533887,60.0,washington,2070,2010,4,coal_conv_pul_wo_ccs,600.0,-0.00398993418629034,4.0025823111685,-1938052.8355,1488434.7995
5,0.733,0.0,0.0,0.0,0.36036,0.09122,2.39413,3852648.0,8594.5,1122221,0.0,60.0,56,102.76323234930929,-4005636397.927583,4005636397.927583,264.9743317533887,60.0,washington,2070,2010,4,coal_conv_pul_wo_ccs,600.0,-0.00398993418629034,4.0025823111685,-1811052.8355,1370434.7995
5,0.272,0.0,0.0,0.0,0.18744,0.02067,4.12527,953088.0000000001,5923.6,878047,0.0,60.0,56,289.05959572665404,-375842957.8407079,375842957.8407079,39.97020950119198,60.0,washington,2070,2010,8,gas_cc_wo_ccs,400.0,-0.00398993418629034,3.48612007746934,-1949052.8355,1422434.7995
5,0.272,0.0,0.0,0.0,0.18744,0.02067,4.12527,953088.0000000001,5923.6,1107998,0.0,60.0,56,289.05959572665404,-375842957.8407079,375842957.8407079,39.97020950119198,60.0,washington,2070,2010,8,gas_cc_wo_ccs,400.0,-0.00398993418629034,3.48612007746934,-1955052.8355,1373434.7995
5,0.272,0.0,0.0,0.0,0.18744,0.02067,4.12527,953088.0000000001,5923.6,1178285,0.0,60.0,56,289.05959572665404,-375842957.8407079,375842957.8407079,39.97020950119198,60.0,washington,2070,2010,8,gas_cc_wo_ccs,400.0,-0.00398993418629034,3.48612007746934,-2063052.8355,1358434.7995
5,0.272,0.0,0.0,0.0,0.18744,0.02067,4.12527,953088.0000000001,5923.6,1741875,0.0,60.0,56,289.05959572665404,-375842957.8407079,375842957.8407079,39.97020950119198,60.0,washington,2070,2010,8,gas_cc_wo_ccs,400.0,-0.00398993418629034,3.48612007746934,-1633052.8355,1238434.7995
5,0.272,0.0,0.0,0.0,0.18744,0.02067,4.12527,953088.0000000001,5923.6,2088988,0.0,60.0,56,289.05959572665404,-375842957.8407079,375842957.8407079,39.97020950119198,60.0,washington,2070,2010,8,gas_cc_wo_ccs,400.0,-0.00398993418629034,3.48612007746934,-1802052.8355,1164434.7995
5,0.41,0.0,0.0,0.0,0.18744,0.02067,4.12527,1436640.0,7337.6,873367,0.0,60.0,56,248.2739982187087,-461180243.02952355,461180243.02952355,52.01903465357184,60.0,washington,2070,2010,9,gas_cc_w_ccs,400.0,-0.00398993418629034,7.00451904454487,-1936052.8355,1423434.7995
5,0.41,0.0,0.0,0.0,0.18744,0.02067,4.12527,1436640.0,7337.6,1215907,0.0,60.0,56,248.2739982187087,-461180243.02952355,461180243.02952355,52.01903465357184,60.0,washington,2070,2010,9,gas_cc_w_ccs,400.0,-0.00398993418629034,7.00451904454487,-1985052.8355,1350434.7995
5,0.41,0.0,0.0,0.0,0.18744,0.02067,4.12527,1436640.0,7337.6,1357089,0.0,60.0,56,248.2739982187087,-461180243.02952355,461180243.02952355,52.01903465357184,60.0,washington,2070,2010,9,gas_cc_w_ccs,400.0,-0.00398993418629034,7.00451904454487,-1593052.8355,1320434.7995
5,0.41,0.0,0.0,0.0,0.18744,0.02067,4.12527,1436640.0,7337.6,1455379,0.0,60.0,56,248.2739982187087,-461180243.02952355,461180243.02952355,52.01903465357184,60.0,washington,2070,2010,9,gas_cc_w_ccs,400.0,-0.00398993418629034,7.00451904454487,-1856052.8355,1299434.7995
5,0.41,0.0,0.0,0.0,0.18744,0.02067,4.12527,1436640.0,7337.6,1769618,0.0,60.0,56,248.2739982187087,-461180243.02952355,461180243.02952355,52.01903465357184,60.0,washington,2070,2010,9,gas_cc_w_ccs,400.0,-0.00398993418629034,7.00451904454487,-2048052.8355,1232434.7995
5,0.41,0.0,0.0,0.0,0.18744,0.02067,4.12527,1436640.0,7337.6,1844919,0.0,60.0,56,248.2739982187087,-461180243.02952355,461180243.02952355,52.01903465357184,60.0,washington,2070,2010,9,gas_cc_w_ccs,400.0,-0.00398993418629034,7.00451904454487,-1835052.8355,1216434.7995
5,0.41,0.0,0.0,0.0,0.18744,0.02067,4.12527,1436640.0,7337.6,1910689,0.0,60.0,56,248.2739982187087,-461180243.02952355,461180243.02952355,52.01903465357184,60.0,washington,2070,2010,9,gas_cc_w_ccs,400.0,-0.00398993418629034,7.00451904454487,-1767052.8355,1202434.7995
5,0.41,0.0,0.0,0.0,0.18744,0.02067,4.12527,1436640.0,7337.6,2065509,0.0,60.0,56,248.2739982187087,-461180243.02952355,461180243.02952355,52.01903465357184,60.0,washington,2070,2010,9,gas_cc_w_ccs,400.0,-0.00398993418629034,7.00451904454487,-1816052.8355,1169434.7995
5,0.464,0.0,0.0,0.0,0.0,0.0,0.0,325171.2,3412.0,892082,0.0,30.0,56,236.32531670662053,-76846186.82387178,76846186.82387178,0.0,30.0,washington,2040,2010,18,wind_onshore,80.0,-0.00249607760279447,0.0,-1993052.8355,1419434.7995
5,0.464,0.0,0.0,0.0,0.0,0.0,0.0,325171.2,3412.0,948400,0.0,30.0,56,236.32531670662053,-76846186.82387178,76846186.82387178,0.0,30.0,washington,2040,2010,18,wind_onshore,80.0,-0.00249607760279447,0.0,-1991052.8355,1407434.7995
5,0.464,0.0,0.0,0.0,0.0,0.0,0.0,325171.2,3412.0,1206481,0.0,30.0,56,236.32531670662053,-76846186.82387178,76846186.82387178,0.0,30.0,washington,2040,2010,18,wind_onshore,80.0,-0.00249607760279447,0.0,-2025052.8355,1352434.7995
5,0.464,0.0,0.0,0.0,0.0,0.0,0.0,325171.2,3412.0,1206551,0.0,30.0,56,236.32531670662053,-76846186.82387178,76846186.82387178,0.0,30.0,washington,2040,2010,18,wind_onshore,80.0,-0.00249607760279447,0.0,-1955052.8355,1352434.7995
5,0.464,0.0,0.0,0.0,0.0,0.0,0.0,325171.2,3412.0,1220761,0.0,30.0,56,236.32531670662053,-76846186.82387178,76846186.82387178,0.0,30.0,washington,2040,2010,18,wind_onshore,80.0,-0.00249607760279447,0.0,-1824052.8355,1349434.7995
5,0.464,0.0,0.0,0.0,0.0,0.0,0.0,325171.2,3412.0,1324171,0.0,30.0,56,236.32531670662053,-76846186.82387178,76846186.82387178,0.0,30.0,washington,2040,2010,18,wind_onshore,80.0,-0.00249607760279447,0.0,-1660052.8355,1327434.7995
5,0.464,0.0,0.0,0.0,0.0,0.0,0.0,325171.2,3412.0,1389738,0.0,30.0,56,236.32531670662053,-76846186.82387178,76846186.82387178,0.0,30.0,washington,2040,2010,18,wind_onshore,80.0,-0.00249607760279447,0.0,-1795052.8355,1313434.7995
5,0.464,0.0,0.0,0.0,0.0,0.0,0.0,325171.2,3412.0,1394618,0.0,30.0,56,236.32531670662053,-76846186.82387178,76846186.82387178,0.0,30.0,washington,2040,2010,18,wind_onshore,80.0,-0.00249607760279447,0.0,-1608052.8355,1312434.7995
5,0.464,0.0,0.0,0.0,0.0,0.0,0.0,325171.2,3412.0,1399323,0.0,30.0,56,236.32531670662053,-76846186.82387178,76846186.82387178,0.0,30.0,washington,2040,2010,18,wind_onshore,80.0,-0.00249607760279447,0.0,-1596052.8355,1311434.7995
5,0.464,0.0,0.0,0.0,0.0,0.0,0.0,325171.2,3412.0,1816980,0.0,30.0,56,236.32531670662053,-76846186.82387178,76846186.82387178,0.0,30.0,washington,2040,2010,18,wind_onshore,80.0,-0.00249607760279447,0.0,-1616052.8355,1222434.7995
5,0.464,0.0,0.0,0.0,0.0,0.0,0.0,325171.2,3412.0,1896713,0.0,30.0,56,236.32531670662053,-76846186.82387178,76846186.82387178,0.0,30.0,washington,2040,2010,18,wind_onshore,80.0,-0.00249607760279447,0.0,-1664052.8355,1205434.7995
5,0.464,0.0,0.0,0.0,0.0,0.0,0.0,325171.2,3412.0,2032724,0.0,30.0,56,236.32531670662053,-76846186.82387178,76846186.82387178,0.0,30.0,washington,2040,2010,18,wind_onshore,80.0,-0.00249607760279447,0.0,-1750052.8355,1176434.7995
5,0.464,0.0,0.0,0.0,0.0,0.0,0.0,325171.2,3412.0,2056149,0.0,30.0,56,236.32531670662053,-76846186.82387178,76846186.82387178,0.0,30.0,washington,2040,2010,18,wind_onshore,80.0,-0.00249607760279447,0.0,-1790052.8355,1171434.7995
5,0.464,0.0,0.0,0.0,0.0,0.0,0.0,325171.2,3412.0,2060759,0.0,30.0,56,236.32531670662053,-76846186.82387178,76846186.82387178,0.0,30.0,washington,2040,2010,18,wind_onshore,80.0,-0.00249607760279447,0.0,-1873052.8355,1170434.7995
5,0.733,0.0,0.0,0.0,0.36036,0.09122,2.39413,3852648.0,8594.5,6536249,0.0,60.0,1,160.59363429774578,-6834312430.721853,6834312430.721853,264.9743317533887,60.0,west_virginia,2070,2010,4,coal_conv_pul_wo_ccs,600.0,-0.00398993418629034,4.0025823111685,1187947.1645,217434.79949999996
5,0.733,0.0,0.0,0.0,0.36036,0.09122,2.39413,3852648.0,8594.5,6686519,0.0,60.0,1,160.59363429774578,-6834312430.721853,6834312430.721853,264.9743317533887,60.0,west_virginia,2070,2010,4,coal_conv_pul_wo_ccs,600.0,-0.00398993418629034,4.0025823111685,1281947.1645,185434.79949999996
5,0.733,0.0,0.0,0.0,0.36036,0.09122,2.39413,3852648.0,8594.5,6766341,0.0,60.0,1,160.59363429774578,-6834312430.721853,6834312430.721853,264.9743317533887,60.0,west_virginia,2070,2010,4,coal_conv_pul_wo_ccs,600.0,-0.00398993418629034,4.0025823111685,1322947.1645,168434.79949999996
5,0.733,0.0,0.0,0.0,0.36036,0.09122,2.39413,3852648.0,8594.5,6785092,0.0,60.0,1,160.59363429774578,-6834312430.721853,6834312430.721853,264.9743317533887,60.0,west_virginia,2070,2010,4,coal_conv_pul_wo_ccs,600.0,-0.00398993418629034,4.0025823111685,1301947.1645,164434.79949999996
5,0.733,0.0,0.0,0.0,0.36036,0.09122,2.39413,3852648.0,8594.5,6827316,0.0,60.0,1,160.59363429774578,-6834312430.721853,6834312430.721853,264.9743317533887,60.0,west_virginia,2070,2010,4,coal_conv_pul_wo_ccs,600.0,-0.00398993418629034,4.0025823111685,1288947.1645,155434.79949999996
5,0.733,0.0,0.0,0.0,0.36036,0.09122,2.39413,3852648.0,8594.5,6846051,0.0,60.0,1,160.59363429774578,-6834312430.721853,6834312430.721853,264.9743317533887,60.0,west_virginia,2070,2010,4,coal_conv_pul_wo_ccs,600.0,-0.00398993418629034,4.0025823111685,1251947.1645,151434.79949999996
5,0.733,0.0,0.0,0.0,0.36036,0.09122,2.39413,3852648.0,8594.5,6850727,0.0,60.0,1,160.59363429774578,-6834312430.721853,6834312430.721853,264.9743317533887,60.0,west_virginia,2070,2010,4,coal_conv_pul_wo_ccs,600.0,-0.00398993418629034,4.0025823111685,1234947.1645,150434.79949999996
5,0.733,0.0,0.0,0.0,0.36036,0.09122,2.39413,3852648.0,8594.5,6855481,0.0,60.0,1,160.59363429774578,-6834312430.721853,6834312430.721853,264.9743317533887,60.0,west_virginia,2070,2010,4,coal_conv_pul_wo_ccs,600.0,-0.00398993418629034,4.0025823111685,1295947.1645,149434.79949999996
5,0.733,0.0,0.0,0.0,0.36036,0.09122,2.39413,3852648.0,8594.5,6874243,0.0,60.0,1,160.59363429774578,-6834312430.721853,6834312430.721853,264.9743317533887,60.0,west_virginia,2070,2010,4,coal_conv_pul_wo_ccs,600.0,-0.00398993418629034,4.0025823111685,1285947.1645,145434.79949999996
5,0.733,0.0,0.0,0.0,0.36036,0.09122,2.39413,3852648.0,8594.5,6897675,0.0,60.0,1,160.59363429774578,-6834312430.721853,6834312430.721853,264.9743317533887,60.0,west_virginia,2070,2010,4,coal_conv_pul_wo_ccs,600.0,-0.00398993418629034,4.0025823111685,1252947.1645,140434.79949999996
5,0.733,0.0,0.0,0.0,0.36036,0.09122,2.39413,3852648.0,8594.5,6902352,0.0,60.0,1,160.59363429774578,-6834312430.721853,6834312430.721853,264.9743317533887,60.0,west_virginia,2070,2010,4,coal_conv_pul_wo_ccs,600.0,-0.00398993418629034,4.0025823111685,1236947.1645,139434.79949999996
5,0.733,0.0,0.0,0.0,0.36036,0.09122,2.39413,3852648.0,8594.5,6939914,0.0,60.0,1,160.59363429774578,-6834312430.721853,6834312430.721853,264.9743317533887,60.0,west_virginia,2070,2010,4,coal_conv_pul_wo_ccs,600.0,-0.00398993418629034,4.0025823111685,1254947.1645,131434.79949999996
5,0.733,0.0,0.0,0.0,0.36036,0.09122,2.39413,3852648.0,8594.5,6939947,0.0,60.0,1,160.59363429774578,-6834312430.721853,6834312430.721853,264.9743317533887,60.0,west_virginia,2070,2010,4,coal_conv_pul_wo_ccs,600.0,-0.00398993418629034,4.0025823111685,1287947.1645,131434.79949999996
5,0.733,0.0,0.0,0.0,0.36036,0.09122,2.39413,3852648.0,8594.5,6972743,0.0,60.0,1,160.59363429774578,-6834312430.721853,6834312430.721853,264.9743317533887,60.0,west_virginia,2070,2010,4,coal_conv_pul_wo_ccs,600.0,-0.00398993418629034,4.0025823111685,1232947.1645,124434.79949999996
5,0.733,0.0,0.0,0.0,0.36036,0.09122,2.39413,3852648.0,8594.5,6986868,0.0,60.0,1,160.59363429774578,-6834312430.721853,6834312430.721853,264.9743317533887,60.0,west_virginia,2070,2010,4,coal_conv_pul_wo_ccs,600.0,-0.00398993418629034,4.0025823111685,1278947.1645,121434.79949999996
5,0.733,0.0,0.0,0.0,0.36036,0.09122,2.39413,3852648.0,8594.5,6991549,0.0,60.0,1,160.59363429774578,-6834312430.721853,6834312430.721853,264.9743317533887,60.0,west_virginia,2070,2010,4,coal_conv_pul_wo_ccs,600.0,-0.00398993418629034,4.0025823111685,1266947.1645,120434.79949999996
5,0.733,0.0,0.0,0.0,0.36036,0.09122,2.39413,3852648.0,8594.5,7033709,0.0,60.0,1,160.59363429774578,-6834312430.721853,6834312430.721853,264.9743317533887,60.0,west_virginia,2070,2010,4,coal_conv_pul_wo_ccs,600.0,-0.00398993418629034,4.0025823111685,1189947.1645,111434.79949999996
5,0.733,0.0,0.0,0.0,0.36036,0.09122,2.39413,3852648.0,8594.5,7043104,0.0,60.0,1,160.59363429774578,-6834312430.721853,6834312430.721853,264.9743317533887,60.0,west_virginia,2070,2010,4,coal_conv_pul_wo_ccs,600.0,-0.00398993418629034,4.0025823111685,1198947.1645,109434.79949999996
5,0.733,0.0,0.0,0.0,0.36036,0.09122,2.39413,3852648.0,8594.5,7057253,0.0,60.0,1,160.59363429774578,-6834312430.721853,6834312430.721853,264.9743317533887,60.0,west_virginia,2070,2010,4,coal_conv_pul_wo_ccs,600.0,-0.00398993418629034,4.0025823111685,1268947.1645,106434.79949999996
5,0.733,0.0,0.0,0.0,0.36036,0.09122,2.39413,3852648.0,8594.5,7066627,0.0,60.0,1,160.59363429774578,-6834312430.721853,6834312430.721853,264.9743317533887,60.0,west_virginia,2070,2010,4,coal_conv_pul_wo_ccs,600.0,-0.00398993418629034,4.0025823111685,1256947.1645,104434.79949999996
5,0.733,0.0,0.0,0.0,0.36036,0.09122,2.39413,3852648.0,8594.5,7090056,0.0,60.0,1,160.59363429774578,-6834312430.721853,6834312430.721853,264.9743317533887,60.0,west_virginia,2070,2010,4,coal_conv_pul_wo_ccs,600.0,-0.00398993418629034,4.0025823111685,1220947.1645,99434.79949999996
5,0.733,0.0,0.0,0.0,0.36036,0.09122,2.39413,3852648.0,8594.5,7094836,0.0,60.0,1,160.59363429774578,-6834312430.721853,6834312430.721853,264.9743317533887,60.0,west_virginia,2070,2010,4,coal_conv_pul_wo_ccs,600.0,-0.00398993418629034,4.0025823111685,1307947.1645,98434.79949999996
5,0.733,0.0,0.0,0.0,0.36036,0.09122,2.39413,3852648.0,8594.5,7127644,0.0,60.0,1,160.59363429774578,-6834312430.721853,6834312430.721853,264.9743317533887,60.0,west_virginia,2070,2010,4,coal_conv_pul_wo_ccs,600.0,-0.00398993418629034,4.0025823111685,1264947.1645,91434.79949999996
5,0.464,0.0,0.0,0.0,0.0,0.0,0.0,325171.2,3412.0,6855451,0.0,30.0,1,292.1833847377513,-95009621.83523618,95009621.83523618,0.0,30.0,west_virginia,2040,2010,18,wind_onshore,80.0,-0.00249607760279447,0.0,1265947.1645,149434.79949999996
5,0.464,0.0,0.0,0.0,0.0,0.0,0.0,325171.2,3412.0,7240267,0.0,30.0,1,292.1833847377513,-95009621.83523618,95009621.83523618,0.0,30.0,west_virginia,2040,2010,18,wind_onshore,80.0,-0.00249607760279447,0.0,1255947.1645,67434.79949999996
5,0.609,0.0,0.0,0.0,0.3036,0.0,0.0,426787.2,12827.1,3086328,0.0,60.0,39,95.27569973422993,-36675686.443239264,36675686.443239264,9.341336090617133,60.0,wisconsin,2070,2010,0,biomass_conv_wo_ccs,80.0,-0.00398993418629034,10.0064557779212,621947.1645,952434.7995
5,0.733,0.0,0.0,0.0,0.36036,0.09122,2.39413,3852648.0,8594.5,3438336,0.0,60.0,39,109.29540141293761,-4325146369.324992,4325146369.324992,264.9743317533887,60.0,wisconsin,2070,2010,4,coal_conv_pul_wo_ccs,600.0,-0.00398993418629034,4.0025823111685,654947.1645,877434.7995
5,0.733,0.0,0.0,0.0,0.36036,0.09122,2.39413,3852648.0,8594.5,3550814,0.0,60.0,39,109.29540141293761,-4325146369.324992,4325146369.324992,264.9743317533887,60.0,wisconsin,2070,2010,4,coal_conv_pul_wo_ccs,600.0,-0.00398993418629034,4.0025823111685,500947.16449999996,853434.7995
5,0.733,0.0,0.0,0.0,0.36036,0.09122,2.39413,3852648.0,8594.5,3616515,0.0,60.0,39,109.29540141293761,-4325146369.324992,4325146369.324992,264.9743317533887,60.0,wisconsin,2070,2010,4,coal_conv_pul_wo_ccs,600.0,-0.00398993418629034,4.0025823111685,499947.16449999996,839434.7995
5,0.733,0.0,0.0,0.0,0.36036,0.09122,2.39413,3852648.0,8594.5,3846465,0.0,60.0,39,109.29540141293761,-4325146369.324992,4325146369.324992,264.9743317533887,60.0,wisconsin,2070,2010,4,coal_conv_pul_wo_ccs,600.0,-0.00398993418629034,4.0025823111685,492947.16449999996,790434.7995
5,0.733,0.0,0.0,0.0,0.36036,0.09122,2.39413,3852648.0,8594.5,4081118,0.0,60.0,39,109.29540141293761,-4325146369.324992,4325146369.324992,264.9743317533887,60.0,wisconsin,2070,2010,4,coal_conv_pul_wo_ccs,600.0,-0.00398993418629034,4.0025823111685,495947.16449999996,740434.7995
5,0.733,0.0,0.0,0.0,0.36036,0.09122,2.39413,3852648.0,8594.5,4151625,0.0,60.0,39,109.29540141293761,-4325146369.324992,4325146369.324992,264.9743317533887,60.0,wisconsin,2070,2010,4,coal_conv_pul_wo_ccs,600.0,-0.00398993418629034,4.0025823111685,607947.1645,725434.7995
5,0.733,0.0,0.0,0.0,0.36036,0.09122,2.39413,3852648.0,8594.5,4217209,0.0,60.0,39,109.29540141293761,-4325146369.324992,4325146369.324992,264.9743317533887,60.0,wisconsin,2070,2010,4,coal_conv_pul_wo_ccs,600.0,-0.00398993418629034,4.0025823111685,489947.16449999996,711434.7995
5,0.733,0.0,0.0,0.0,0.36036,0.09122,2.39413,3852648.0,8594.5,4259456,0.0,60.0,39,109.29540141293761,-4325146369.324992,4325146369.324992,264.9743317533887,60.0,wisconsin,2070,2010,4,coal_conv_pul_wo_ccs,600.0,-0.00398993418629034,4.0025823111685,499947.16449999996,702434.7995
5,0.733,0.0,0.0,0.0,0.36036,0.09122,2.39413,3852648.0,8594.5,4287637,0.0,60.0,39,109.29540141293761,-4325146369.324992,4325146369.324992,264.9743317533887,60.0,wisconsin,2070,2010,4,coal_conv_pul_wo_ccs,600.0,-0.00398993418629034,4.0025823111685,522947.16449999996,696434.7995
5,0.733,0.0,0.0,0.0,0.36036,0.09122,2.39413,3852648.0,8594.5,4315754,0.0,60.0,39,109.29540141293761,-4325146369.324992,4325146369.324992,264.9743317533887,60.0,wisconsin,2070,2010,4,coal_conv_pul_wo_ccs,600.0,-0.00398993418629034,4.0025823111685,481947.16449999996,690434.7995
5,0.733,0.0,0.0,0.0,0.36036,0.09122,2.39413,3852648.0,8594.5,4343930,0.0,60.0,39,109.29540141293761,-4325146369.324992,4325146369.324992,264.9743317533887,60.0,wisconsin,2070,2010,4,coal_conv_pul_wo_ccs,600.0,-0.00398993418629034,4.0025823111685,499947.16449999996,684434.7995
5,0.733,0.0,0.0,0.0,0.36036,0.09122,2.39413,3852648.0,8594.5,4508135,0.0,60.0,39,109.29540141293761,-4325146369.324992,4325146369.324992,264.9743317533887,60.0,wisconsin,2070,2010,4,coal_conv_pul_wo_ccs,600.0,-0.00398993418629034,4.0025823111685,449947.16449999996,649434.7995
5,0.733,0.0,0.0,0.0,0.36036,0.09122,2.39413,3852648.0,8594.5,4827265,0.0,60.0,39,109.29540141293761,-4325146369.324992,4325146369.324992,264.9743317533887,60.0,wisconsin,2070,2010,4,coal_conv_pul_wo_ccs,600.0,-0.00398993418629034,4.0025823111685,455947.16449999996,581434.7995
5,0.272,0.0,0.0,0.0,0.18744,0.02067,4.12527,953088.0000000001,5923.6,3846537,0.0,60.0,39,295.0805967948645,-384465130.18178755,384465130.18178755,39.97020950119198,60.0,wisconsin,2070,2010,8,gas_cc_wo_ccs,400.0,-0.00398993418629034,3.48612007746934,564947.1645,790434.7995
5,0.272,0.0,0.0,0.0,0.18744,0.02067,4.12527,953088.0000000001,5923.6,3884116,0.0,60.0,39,295.0805967948645,-384465130.18178755,384465130.18178755,39.97020950119198,60.0,wisconsin,2070,2010,8,gas_cc_wo_ccs,400.0,-0.00398993418629034,3.48612007746934,599947.1645,782434.7995
5,0.272,0.0,0.0,0.0,0.18744,0.02067,4.12527,953088.0000000001,5923.6,4405002,0.0,60.0,39,295.0805967948645,-384465130.18178755,384465130.18178755,39.97020950119198,60.0,wisconsin,2070,2010,8,gas_cc_wo_ccs,400.0,-0.00398993418629034,3.48612007746934,562947.1645,671434.7995
5,0.41,0.0,0.0,0.0,0.18744,0.02067,4.12527,1436640.0,7337.6,4475469,0.0,60.0,39,254.8197221163257,-475309542.5077352,475309542.5077352,52.01903465357184,60.0,wisconsin,2070,2010,9,gas_cc_w_ccs,400.0,-0.00398993418629034,7.00451904454487,634947.1645,656434.7995
5,0.41,0.0,0.0,0.0,0.18744,0.02067,4.12527,1436640.0,7337.6,4691257,0.0,60.0,39,254.8197221163257,-475309542.5077352,475309542.5077352,52.01903465357184,60.0,wisconsin,2070,2010,9,gas_cc_w_ccs,400.0,-0.00398993418629034,7.00451904454487,544947.1645,610434.7995
5,0.41,0.0,0.0,0.0,0.18744,0.02067,4.12527,1436640.0,7337.6,4794453,0.0,60.0,39,254.8197221163257,-475309542.5077352,475309542.5077352,52.01903465357184,60.0,wisconsin,2070,2010,9,gas_cc_w_ccs,400.0,-0.00398993418629034,7.00451904454487,494947.16449999996,588434.7995
5,0.9,0.0,0.0,0.0,0.0,0.04639,0.71281,10643400.0,10246.2,4320503,0.0,60.0,39,130.50265483647016,-3725560857.188986,3725560857.188986,23.034078534539436,60.0,wisconsin,2070,2010,13,nuclear_gen_ii,1350.0,-0.00104311614063357,2.19496449322143,537947.1645,689434.7995
5,0.115,0.0,0.0,0.0,0.25872,0.62952,14.83141,402960.0,9399.4,4663045,0.0,60.0,39,404.7249527305083,-4.498941536641063e+18,4.498941536641063e+18,5866286794497.894,60.0,wisconsin,2070,2010,15,oil_ct_wo_ccs,400.0,-0.00398993418629034,10.0064557779212,490947.16449999996,616434.7995
5,0.464,0.0,0.0,0.0,0.0,0.0,0.0,325171.2,3412.0,3931046,0.0,30.0,39,243.0547414573245,-79034401.94536789,79034401.94536789,0.0,30.0,wisconsin,2040,2010,18,wind_onshore,80.0,-0.00249607760279447,0.0,599947.1645,772434.7995
5,0.464,0.0,0.0,0.0,0.0,0.0,0.0,325171.2,3412.0,4132907,0.0,30.0,39,243.0547414573245,-79034401.94536789,79034401.94536789,0.0,30.0,wisconsin,2040,2010,18,wind_onshore,80.0,-0.00249607760279447,0.0,661947.1645,729434.7995
5,0.464,0.0,0.0,0.0,0.0,0.0,0.0,325171.2,3412.0,4470732,0.0,30.0,39,243.0547414573245,-79034401.94536789,79034401.94536789,0.0,30.0,wisconsin,2040,2010,18,wind_onshore,80.0,-0.00249607760279447,0.0,590947.1645,657434.7995
5,0.733,0.0,0.0,0.0,0.36036,0.09122,2.39413,3852648.0,8594.5,3436667,0.0,60.0,57,165.46914519253716,-7072789777.4299135,7072789777.4299135,264.9743317533887,60.0,wyoming,2070,2010,4,coal_conv_pul_wo_ccs,600.0,-0.00398993418629034,4.0025823111685,-1014052.8355,877434.7995
5,0.733,0.0,0.0,0.0,0.36036,0.09122,2.39413,3852648.0,8594.5,3727701,0.0,60.0,57,165.46914519253716,-7072789777.4299135,7072789777.4299135,264.9743317533887,60.0,wyoming,2070,2010,4,coal_conv_pul_wo_ccs,600.0,-0.00398993418629034,4.0025823111685,-946052.8355,815434.7995
5,0.733,0.0,0.0,0.0,0.36036,0.09122,2.39413,3852648.0,8594.5,3849712,0.0,60.0,57,165.46914519253716,-7072789777.4299135,7072789777.4299135,264.9743317533887,60.0,wyoming,2070,2010,4,coal_conv_pul_wo_ccs,600.0,-0.00398993418629034,4.0025823111685,-953052.8355,789434.7995
5,0.733,0.0,0.0,0.0,0.36036,0.09122,2.39413,3852648.0,8594.5,4525620,0.0,60.0,57,165.46914519253716,-7072789777.4299135,7072789777.4299135,264.9743317533887,60.0,wyoming,2070,2010,4,coal_conv_pul_wo_ccs,600.0,-0.00398993418629034,4.0025823111685,-837052.8355,645434.7995
5,0.733,0.0,0.0,0.0,0.36036,0.09122,2.39413,3852648.0,8594.5,4530320,0.0,60.0,57,165.46914519253716,-7072789777.4299135,7072789777.4299135,264.9743317533887,60.0,wyoming,2070,2010,4,coal_conv_pul_wo_ccs,600.0,-0.00398993418629034,4.0025823111685,-830052.8355,644434.7995
5,0.733,0.0,0.0,0.0,0.36036,0.09122,2.39413,3852648.0,8594.5,4544420,0.0,60.0,57,165.46914519253716,-7072789777.4299135,7072789777.4299135,264.9743317533887,60.0,wyoming,2070,2010,4,coal_conv_pul_wo_ccs,600.0,-0.00398993418629034,4.0025823111685,-809052.8355,641434.7995
5,0.733,0.0,0.0,0.0,0.36036,0.09122,2.39413,3852648.0,8594.5,4887103,0.0,60.0,57,165.46914519253716,-7072789777.4299135,7072789777.4299135,264.9743317533887,60.0,wyoming,2070,2010,4,coal_conv_pul_wo_ccs,600.0,-0.00398993418629034,4.0025823111685,-715052.8355,568434.7995
5,0.733,0.0,0.0,0.0,0.36036,0.09122,2.39413,3852648.0,8594.5,4947672,0.0,60.0,57,165.46914519253716,-7072789777.4299135,7072789777.4299135,264.9743317533887,60.0,wyoming,2070,2010,4,coal_conv_pul_wo_ccs,600.0,-0.00398993418629034,4.0025823111685,-1155052.8355,555434.7995
5,0.733,0.0,0.0,0.0,0.36036,0.09122,2.39413,3852648.0,8594.5,4957086,0.0,60.0,57,165.46914519253716,-7072789777.4299135,7072789777.4299135,264.9743317533887,60.0,wyoming,2070,2010,4,coal_conv_pul_wo_ccs,600.0,-0.00398993418629034,4.0025823111685,-1127052.8355,553434.7995
5,0.733,0.0,0.0,0.0,0.36036,0.09122,2.39413,3852648.0,8594.5,4976299,0.0,60.0,57,165.46914519253716,-7072789777.4299135,7072789777.4299135,264.9743317533887,60.0,wyoming,2070,2010,4,coal_conv_pul_wo_ccs,600.0,-0.00398993418629034,4.0025823111685,-686052.8355,549434.7995
5,0.733,0.0,0.0,0.0,0.36036,0.09122,2.39413,3852648.0,8594.5,5023244,0.0,60.0,57,165.46914519253716,-7072789777.4299135,7072789777.4299135,264.9743317533887,60.0,wyoming,2070,2010,4,coal_conv_pul_wo_ccs,600.0,-0.00398993418629034,4.0025823111685,-671052.8355,539434.7995
5,0.733,0.0,0.0,0.0,0.36036,0.09122,2.39413,3852648.0,8594.5,5032186,0.0,60.0,57,165.46914519253716,-7072789777.4299135,7072789777.4299135,264.9743317533887,60.0,wyoming,2070,2010,4,coal_conv_pul_wo_ccs,600.0,-0.00398993418629034,4.0025823111685,-1115052.8355,537434.7995
5,0.733,0.0,0.0,0.0,0.36036,0.09122,2.39413,3852648.0,8594.5,5224821,0.0,60.0,57,165.46914519253716,-7072789777.4299135,7072789777.4299135,264.9743317533887,60.0,wyoming,2070,2010,4,coal_conv_pul_wo_ccs,600.0,-0.00398993418629034,4.0025823111685,-893052.8355,496434.79949999996
5,0.464,0.0,0.0,0.0,0.0,0.0,0.0,325171.2,3412.0,3704428,0.0,30.0,57,297.76015215707713,-96823025.98909926,96823025.98909926,0.0,30.0,wyoming,2040,2010,18,wind_onshore,80.0,-0.00249607760279447,0.0,-754052.8355,820434.7995
5,0.464,0.0,0.0,0.0,0.0,0.0,0.0,325171.2,3412.0,3760698,0.0,30.0,57,297.76015215707713,-96823025.98909926,96823025.98909926,0.0,30.0,wyoming,2040,2010,18,wind_onshore,80.0,-0.00249607760279447,0.0,-800052.8355,808434.7995
5,0.464,0.0,0.0,0.0,0.0,0.0,0.0,325171.2,3412.0,4013827,0.0,30.0,57,297.76015215707713,-96823025.98909926,96823025.98909926,0.0,30.0,wyoming,2040,2010,18,wind_onshore,80.0,-0.00249607760279447,0.0,-1093052.8355,754434.7995
5,0.464,0.0,0.0,0.0,0.0,0.0,0.0,325171.2,3412.0,4070439,0.0,30.0,57,297.76015215707713,-96823025.98909926,96823025.98909926,0.0,30.0,wyoming,2040,2010,18,wind_onshore,80.0,-0.00249607760279447,0.0,-797052.8355,742434.7995
5,0.464,0.0,0.0,0.0,0.0,0.0,0.0,325171.2,3412.0,4075083,0.0,30.0,57,297.76015215707713,-96823025.98909926,96823025.98909926,0.0,30.0,wyoming,2040,2010,18,wind_onshore,80.0,-0.00249607760279447,0.0,-846052.8355,741434.7995
5,0.464,0.0,0.0,0.0,0.0,0.0,0.0,325171.2,3412.0,4647313,0.0,30.0,57,297.76015215707713,-96823025.98909926,96823025.98909926,0.0,30.0,wyoming,2040,2010,18,wind_onshore,80.0,-0.00249607760279447,0.0,-1162052.8355,619434.7995
5,0.464,0.0,0.0,0.0,0.0,0.0,0.0,325171.2,3412.0,4703911,0.0,30.0,57,297.76015215707713,-96823025.98909926,96823025.98909926,0.0,30.0,wyoming,2040,2010,18,wind_onshore,80.0,-0.00249607760279447,0.0,-880052.8355,607434.7995
5,0.464,0.0,0.0,0.0,0.0,0.0,0.0,325171.2,3412.0,4816691,0.0,30.0,57,297.76015215707713,-96823025.98909926,96823025.98909926,0.0,30.0,wyoming,2040,2010,18,wind_onshore,80.0,-0.00249607760279447,0.0,-732052.8355,583434.7995
5,0.464,0.0,0.0,0.0,0.0,0.0,0.0,325171.2,3412.0,5515941,0.0,30.0,57,297.76015215707713,-96823025.98909926,96823025.98909926,0.0,30.0,wyoming,2040,2010,18,wind_onshore,80.0,-0.00249607760279447,0.0,-739052.8355,434434.79949999996
